series,name,region,date,actual,forecast,surprise,z
US_ISM_PMI,美国ISM制造业PMI,US,1970-01-01,52.0,,52.0,44.7226
US_ISM_PMI,美国ISM制造业PMI,US,1970-02-01,48.7,,48.7,41.8844
US_ISM_PMI,美国ISM制造业PMI,US,1970-03-01,47.4,,47.4,40.7663
US_ISM_PMI,美国ISM制造业PMI,US,1970-04-01,46.9,,46.9,40.3363
US_ISM_PMI,美国ISM制造业PMI,US,1970-05-01,45.0,,45.0,38.7022
US_ISM_PMI,美国ISM制造业PMI,US,1970-06-01,47.2,,47.2,40.5943
US_ISM_PMI,美国ISM制造业PMI,US,1970-07-01,51.1,,51.1,43.9485
US_ISM_PMI,美国ISM制造业PMI,US,1970-08-01,49.5,,49.5,42.5724
US_ISM_PMI,美国ISM制造业PMI,US,1970-09-01,47.3,,47.3,40.6803
US_ISM_PMI,美国ISM制造业PMI,US,1970-10-01,44.1,,44.1,37.9282
US_ISM_PMI,美国ISM制造业PMI,US,1970-11-01,42.4,,42.4,36.4661
US_ISM_PMI,美国ISM制造业PMI,US,1970-12-01,39.7,,39.7,34.144
US_ISM_PMI,美国ISM制造业PMI,US,1971-01-01,45.4,,45.4,39.0462
US_ISM_PMI,美国ISM制造业PMI,US,1971-02-01,47.9,,47.9,41.1964
US_ISM_PMI,美国ISM制造业PMI,US,1971-03-01,54.8,,54.8,47.1307
US_ISM_PMI,美国ISM制造业PMI,US,1971-04-01,51.2,,51.2,44.0345
US_ISM_PMI,美国ISM制造业PMI,US,1971-05-01,54.5,,54.5,46.8727
US_ISM_PMI,美国ISM制造业PMI,US,1971-06-01,54.2,,54.2,46.6147
US_ISM_PMI,美国ISM制造业PMI,US,1971-07-01,53.8,,53.8,46.2707
US_ISM_PMI,美国ISM制造业PMI,US,1971-08-01,54.4,,54.4,46.7867
US_ISM_PMI,美国ISM制造业PMI,US,1971-09-01,53.6,,53.6,46.0986
US_ISM_PMI,美国ISM制造业PMI,US,1971-10-01,55.1,,55.1,47.3887
US_ISM_PMI,美国ISM制造业PMI,US,1971-11-01,55.0,,55.0,47.3027
US_ISM_PMI,美国ISM制造业PMI,US,1971-12-01,52.3,,52.3,44.9806
US_ISM_PMI,美国ISM制造业PMI,US,1972-01-01,57.6,,57.6,49.5388
US_ISM_PMI,美国ISM制造业PMI,US,1972-02-01,59.6,,59.6,51.2589
US_ISM_PMI,美国ISM制造业PMI,US,1972-03-01,60.6,,60.6,52.119
US_ISM_PMI,美国ISM制造业PMI,US,1972-04-01,59.8,,59.8,51.431
US_ISM_PMI,美国ISM制造业PMI,US,1972-05-01,59.3,,59.3,51.0009
US_ISM_PMI,美国ISM制造业PMI,US,1972-06-01,61.4,,61.4,52.807
US_ISM_PMI,美国ISM制造业PMI,US,1972-07-01,58.6,,58.6,50.3989
US_ISM_PMI,美国ISM制造业PMI,US,1972-08-01,60.1,,60.1,51.689
US_ISM_PMI,美国ISM制造业PMI,US,1972-09-01,61.7,,61.7,53.065
US_ISM_PMI,美国ISM制造业PMI,US,1972-10-01,65.1,,65.1,55.9892
US_ISM_PMI,美国ISM制造业PMI,US,1972-11-01,67.0,,67.0,57.6233
US_ISM_PMI,美国ISM制造业PMI,US,1972-12-01,69.9,,69.9,60.1174
US_ISM_PMI,美国ISM制造业PMI,US,1973-01-01,70.5,,70.5,60.6335
US_ISM_PMI,美国ISM制造业PMI,US,1973-02-01,72.1,,72.1,62.0096
US_ISM_PMI,美国ISM制造业PMI,US,1973-03-01,69.6,,69.6,59.8594
US_ISM_PMI,美国ISM制造业PMI,US,1973-04-01,69.6,,69.6,59.8594
US_ISM_PMI,美国ISM制造业PMI,US,1973-05-01,67.7,,67.7,58.2253
US_ISM_PMI,美国ISM制造业PMI,US,1973-06-01,64.8,,64.8,55.7312
US_ISM_PMI,美国ISM制造业PMI,US,1973-07-01,65.0,,65.0,55.9032
US_ISM_PMI,美国ISM制造业PMI,US,1973-08-01,57.8,,57.8,49.7109
US_ISM_PMI,美国ISM制造业PMI,US,1973-09-01,62.7,,62.7,53.9251
US_ISM_PMI,美国ISM制造业PMI,US,1973-10-01,63.5,,63.5,54.6131
US_ISM_PMI,美国ISM制造业PMI,US,1973-11-01,66.2,,66.2,56.9353
US_ISM_PMI,美国ISM制造业PMI,US,1973-12-01,68.1,,68.1,58.5694
US_ISM_PMI,美国ISM制造业PMI,US,1974-01-01,63.6,,63.6,54.6991
US_ISM_PMI,美国ISM制造业PMI,US,1974-02-01,62.1,,62.1,53.4091
US_ISM_PMI,美国ISM制造业PMI,US,1974-03-01,58.6,,58.6,50.3989
US_ISM_PMI,美国ISM制造业PMI,US,1974-04-01,61.8,,61.8,53.151
US_ISM_PMI,美国ISM制造业PMI,US,1974-05-01,59.9,,59.9,51.517
US_ISM_PMI,美国ISM制造业PMI,US,1974-06-01,55.7,,55.7,47.9047
US_ISM_PMI,美国ISM制造业PMI,US,1974-07-01,54.7,,54.7,47.0447
US_ISM_PMI,美国ISM制造业PMI,US,1974-08-01,54.8,,54.8,47.1307
US_ISM_PMI,美国ISM制造业PMI,US,1974-09-01,52.9,,52.9,45.4966
US_ISM_PMI,美国ISM制造业PMI,US,1974-10-01,46.2,,46.2,39.7343
US_ISM_PMI,美国ISM制造业PMI,US,1974-11-01,42.7,,42.7,36.7241
US_ISM_PMI,美国ISM制造业PMI,US,1974-12-01,37.9,,37.9,32.5959
US_ISM_PMI,美国ISM制造业PMI,US,1975-01-01,30.9,,30.9,26.5755
US_ISM_PMI,美国ISM制造业PMI,US,1975-02-01,30.7,,30.7,26.4035
US_ISM_PMI,美国ISM制造业PMI,US,1975-03-01,34.4,,34.4,29.5857
US_ISM_PMI,美国ISM制造业PMI,US,1975-04-01,31.6,,31.6,27.1776
US_ISM_PMI,美国ISM制造业PMI,US,1975-05-01,37.5,,37.5,32.2519
US_ISM_PMI,美国ISM制造业PMI,US,1975-06-01,41.2,,41.2,35.434
US_ISM_PMI,美国ISM制造业PMI,US,1975-07-01,45.1,,45.1,38.7882
US_ISM_PMI,美国ISM制造业PMI,US,1975-08-01,47.2,,47.2,40.5943
US_ISM_PMI,美国ISM制造业PMI,US,1975-09-01,51.4,,51.4,44.2065
US_ISM_PMI,美国ISM制造业PMI,US,1975-10-01,54.4,,54.4,46.7867
US_ISM_PMI,美国ISM制造业PMI,US,1975-11-01,55.5,,55.5,47.7327
US_ISM_PMI,美国ISM制造业PMI,US,1975-12-01,54.5,,54.5,46.8727
US_ISM_PMI,美国ISM制造业PMI,US,1976-01-01,54.9,,54.9,47.2167
US_ISM_PMI,美国ISM制造业PMI,US,1976-02-01,58.8,,58.8,50.5709
US_ISM_PMI,美国ISM制造业PMI,US,1976-03-01,61.5,,61.5,52.893
US_ISM_PMI,美国ISM制造业PMI,US,1976-04-01,58.4,,58.4,50.2269
US_ISM_PMI,美国ISM制造业PMI,US,1976-05-01,60.6,,60.6,52.119
US_ISM_PMI,美国ISM制造业PMI,US,1976-06-01,58.8,,58.8,50.5709
US_ISM_PMI,美国ISM制造业PMI,US,1976-07-01,58.2,,58.2,50.0549
US_ISM_PMI,美国ISM制造业PMI,US,1976-08-01,55.9,,55.9,48.0768
US_ISM_PMI,美国ISM制造业PMI,US,1976-09-01,54.5,,54.5,46.8727
US_ISM_PMI,美国ISM制造业PMI,US,1976-10-01,53.6,,53.6,46.0986
US_ISM_PMI,美国ISM制造业PMI,US,1976-11-01,53.5,,53.5,46.0126
US_ISM_PMI,美国ISM制造业PMI,US,1976-12-01,51.7,,51.7,44.4646
US_ISM_PMI,美国ISM制造业PMI,US,1977-01-01,56.6,,56.6,48.6788
US_ISM_PMI,美国ISM制造业PMI,US,1977-02-01,54.8,,54.8,47.1307
US_ISM_PMI,美国ISM制造业PMI,US,1977-03-01,55.0,,55.0,47.3027
US_ISM_PMI,美国ISM制造业PMI,US,1977-04-01,58.4,,58.4,50.2269
US_ISM_PMI,美国ISM制造业PMI,US,1977-05-01,56.9,,56.9,48.9368
US_ISM_PMI,美国ISM制造业PMI,US,1977-06-01,59.7,,59.7,51.3449
US_ISM_PMI,美国ISM制造业PMI,US,1977-07-01,56.8,,56.8,48.8508
US_ISM_PMI,美国ISM制造业PMI,US,1977-08-01,57.7,,57.7,49.6248
US_ISM_PMI,美国ISM制造业PMI,US,1977-09-01,54.9,,54.9,47.2167
US_ISM_PMI,美国ISM制造业PMI,US,1977-10-01,53.9,,53.9,46.3567
US_ISM_PMI,美国ISM制造业PMI,US,1977-11-01,55.4,,55.4,47.6467
US_ISM_PMI,美国ISM制造业PMI,US,1977-12-01,56.1,,56.1,48.2488
US_ISM_PMI,美国ISM制造业PMI,US,1978-01-01,59.8,,59.8,51.431
US_ISM_PMI,美国ISM制造业PMI,US,1978-02-01,57.4,,57.4,49.3668
US_ISM_PMI,美国ISM制造业PMI,US,1978-03-01,55.9,,55.9,48.0768
US_ISM_PMI,美国ISM制造业PMI,US,1978-04-01,55.0,,55.0,47.3027
US_ISM_PMI,美国ISM制造业PMI,US,1978-05-01,57.7,,57.7,49.6248
US_ISM_PMI,美国ISM制造业PMI,US,1978-06-01,60.2,,60.2,51.775
US_ISM_PMI,美国ISM制造业PMI,US,1978-07-01,60.5,,60.5,52.033
US_ISM_PMI,美国ISM制造业PMI,US,1978-08-01,62.2,,62.2,53.4951
US_ISM_PMI,美国ISM制造业PMI,US,1978-09-01,60.3,,60.3,51.861
US_ISM_PMI,美国ISM制造业PMI,US,1978-10-01,60.5,,60.5,52.033
US_ISM_PMI,美国ISM制造业PMI,US,1978-11-01,60.1,,60.1,51.689
US_ISM_PMI,美国ISM制造业PMI,US,1978-12-01,61.3,,61.3,52.721
US_ISM_PMI,美国ISM制造业PMI,US,1979-01-01,59.4,,59.4,51.0869
US_ISM_PMI,美国ISM制造业PMI,US,1979-02-01,58.5,,58.5,50.3129
US_ISM_PMI,美国ISM制造业PMI,US,1979-03-01,58.2,,58.2,50.0549
US_ISM_PMI,美国ISM制造业PMI,US,1979-04-01,57.7,,57.7,49.6248
US_ISM_PMI,美国ISM制造业PMI,US,1979-05-01,56.2,,56.2,48.3348
US_ISM_PMI,美国ISM制造业PMI,US,1979-06-01,54.4,,54.4,46.7867
US_ISM_PMI,美国ISM制造业PMI,US,1979-07-01,52.7,,52.7,45.3246
US_ISM_PMI,美国ISM制造业PMI,US,1979-08-01,51.3,,51.3,44.1205
US_ISM_PMI,美国ISM制造业PMI,US,1979-09-01,49.5,,49.5,42.5724
US_ISM_PMI,美国ISM制造业PMI,US,1979-10-01,49.6,,49.6,42.6584
US_ISM_PMI,美国ISM制造业PMI,US,1979-11-01,49.0,,49.0,42.1424
US_ISM_PMI,美国ISM制造业PMI,US,1979-12-01,48.0,,48.0,41.2824
US_ISM_PMI,美国ISM制造业PMI,US,1980-01-01,44.8,,44.8,38.5302
US_ISM_PMI,美国ISM制造业PMI,US,1980-02-01,46.2,,46.2,39.7343
US_ISM_PMI,美国ISM制造业PMI,US,1980-03-01,50.2,,50.2,43.1745
US_ISM_PMI,美国ISM制造业PMI,US,1980-04-01,43.6,,43.6,37.4982
US_ISM_PMI,美国ISM制造业PMI,US,1980-05-01,37.4,,37.4,32.1658
US_ISM_PMI,美国ISM制造业PMI,US,1980-06-01,29.4,,29.4,25.2855
US_ISM_PMI,美国ISM制造业PMI,US,1980-07-01,30.3,,30.3,26.0595
US_ISM_PMI,美国ISM制造业PMI,US,1980-08-01,35.0,,35.0,30.1017
US_ISM_PMI,美国ISM制造业PMI,US,1980-09-01,45.5,,45.5,39.1322
US_ISM_PMI,美国ISM制造业PMI,US,1980-10-01,50.1,,50.1,43.0885
US_ISM_PMI,美国ISM制造业PMI,US,1980-11-01,55.5,,55.5,47.7327
US_ISM_PMI,美国ISM制造业PMI,US,1980-12-01,58.2,,58.2,50.0549
US_ISM_PMI,美国ISM制造业PMI,US,1981-01-01,53.0,,53.0,45.5826
US_ISM_PMI,美国ISM制造业PMI,US,1981-02-01,49.2,,49.2,42.3144
US_ISM_PMI,美国ISM制造业PMI,US,1981-03-01,48.8,,48.8,41.9704
US_ISM_PMI,美国ISM制造业PMI,US,1981-04-01,49.6,,49.6,42.6584
US_ISM_PMI,美国ISM制造业PMI,US,1981-05-01,51.6,,51.6,44.3785
US_ISM_PMI,美国ISM制造业PMI,US,1981-06-01,53.5,,53.5,46.0126
US_ISM_PMI,美国ISM制造业PMI,US,1981-07-01,50.7,,50.7,43.6045
US_ISM_PMI,美国ISM制造业PMI,US,1981-08-01,46.7,,46.7,40.1643
US_ISM_PMI,美国ISM制造业PMI,US,1981-09-01,48.3,,48.3,41.5404
US_ISM_PMI,美国ISM制造业PMI,US,1981-10-01,42.5,,42.5,36.5521
US_ISM_PMI,美国ISM制造业PMI,US,1981-11-01,40.0,,40.0,34.402
US_ISM_PMI,美国ISM制造业PMI,US,1981-12-01,36.1,,36.1,31.0478
US_ISM_PMI,美国ISM制造业PMI,US,1982-01-01,37.8,,37.8,32.5099
US_ISM_PMI,美国ISM制造业PMI,US,1982-02-01,38.2,,38.2,32.8539
US_ISM_PMI,美国ISM制造业PMI,US,1982-03-01,38.3,,38.3,32.9399
US_ISM_PMI,美国ISM制造业PMI,US,1982-04-01,36.8,,36.8,31.6498
US_ISM_PMI,美国ISM制造业PMI,US,1982-05-01,37.8,,37.8,32.5099
US_ISM_PMI,美国ISM制造业PMI,US,1982-06-01,35.5,,35.5,30.5318
US_ISM_PMI,美国ISM制造业PMI,US,1982-07-01,38.3,,38.3,32.9399
US_ISM_PMI,美国ISM制造业PMI,US,1982-08-01,38.4,,38.4,33.0259
US_ISM_PMI,美国ISM制造业PMI,US,1982-09-01,38.3,,38.3,32.9399
US_ISM_PMI,美国ISM制造业PMI,US,1982-10-01,38.8,,38.8,33.3699
US_ISM_PMI,美国ISM制造业PMI,US,1982-11-01,39.4,,39.4,33.8859
US_ISM_PMI,美国ISM制造业PMI,US,1982-12-01,39.2,,39.2,33.7139
US_ISM_PMI,美国ISM制造业PMI,US,1983-01-01,42.8,,42.8,36.8101
US_ISM_PMI,美国ISM制造业PMI,US,1983-02-01,46.0,,46.0,39.5623
US_ISM_PMI,美国ISM制造业PMI,US,1983-03-01,54.4,,54.4,46.7867
US_ISM_PMI,美国ISM制造业PMI,US,1983-04-01,53.9,,53.9,46.3567
US_ISM_PMI,美国ISM制造业PMI,US,1983-05-01,54.2,,54.2,46.6147
US_ISM_PMI,美国ISM制造业PMI,US,1983-06-01,56.1,,56.1,48.2488
US_ISM_PMI,美国ISM制造业PMI,US,1983-07-01,57.5,,57.5,49.4528
US_ISM_PMI,美国ISM制造业PMI,US,1983-08-01,63.6,,63.6,54.6991
US_ISM_PMI,美国ISM制造业PMI,US,1983-09-01,63.1,,63.1,54.2691
US_ISM_PMI,美国ISM制造业PMI,US,1983-10-01,62.5,,62.5,53.7531
US_ISM_PMI,美国ISM制造业PMI,US,1983-11-01,64.4,,64.4,55.3872
US_ISM_PMI,美国ISM制造业PMI,US,1983-12-01,66.0,,66.0,56.7633
US_ISM_PMI,美国ISM制造业PMI,US,1984-01-01,69.9,,69.9,60.1174
US_ISM_PMI,美国ISM制造业PMI,US,1984-02-01,60.5,,60.5,52.033
US_ISM_PMI,美国ISM制造业PMI,US,1984-03-01,61.3,,61.3,52.721
US_ISM_PMI,美国ISM制造业PMI,US,1984-04-01,58.9,,58.9,50.6569
US_ISM_PMI,美国ISM制造业PMI,US,1984-05-01,61.0,,61.0,52.463
US_ISM_PMI,美国ISM制造业PMI,US,1984-06-01,58.6,,58.6,50.3989
US_ISM_PMI,美国ISM制造业PMI,US,1984-07-01,58.1,,58.1,49.9689
US_ISM_PMI,美国ISM制造业PMI,US,1984-08-01,56.1,,56.1,48.2488
US_ISM_PMI,美国ISM制造业PMI,US,1984-09-01,53.0,,53.0,45.5826
US_ISM_PMI,美国ISM制造业PMI,US,1984-10-01,50.0,,50.0,43.0025
US_ISM_PMI,美国ISM制造业PMI,US,1984-11-01,50.8,,50.8,43.6905
US_ISM_PMI,美国ISM制造业PMI,US,1984-12-01,50.3,,50.3,43.2605
US_ISM_PMI,美国ISM制造业PMI,US,1985-01-01,50.6,,50.6,43.5185
US_ISM_PMI,美国ISM制造业PMI,US,1985-02-01,50.3,,50.3,43.2605
US_ISM_PMI,美国ISM制造业PMI,US,1985-03-01,49.9,,49.9,42.9165
US_ISM_PMI,美国ISM制造业PMI,US,1985-04-01,47.8,,47.8,41.1104
US_ISM_PMI,美国ISM制造业PMI,US,1985-05-01,48.2,,48.2,41.4544
US_ISM_PMI,美国ISM制造业PMI,US,1985-06-01,47.1,,47.1,40.5083
US_ISM_PMI,美国ISM制造业PMI,US,1985-07-01,47.8,,47.8,41.1104
US_ISM_PMI,美国ISM制造业PMI,US,1985-08-01,47.9,,47.9,41.1964
US_ISM_PMI,美国ISM制造业PMI,US,1985-09-01,47.7,,47.7,41.0244
US_ISM_PMI,美国ISM制造业PMI,US,1985-10-01,49.9,,49.9,42.9165
US_ISM_PMI,美国ISM制造业PMI,US,1985-11-01,50.9,,50.9,43.7765
US_ISM_PMI,美国ISM制造业PMI,US,1985-12-01,52.0,,52.0,44.7226
US_ISM_PMI,美国ISM制造业PMI,US,1986-01-01,50.7,,50.7,43.6045
US_ISM_PMI,美国ISM制造业PMI,US,1986-02-01,51.2,,51.2,44.0345
US_ISM_PMI,美国ISM制造业PMI,US,1986-03-01,51.0,,51.0,43.8625
US_ISM_PMI,美国ISM制造业PMI,US,1986-04-01,51.0,,51.0,43.8625
US_ISM_PMI,美国ISM制造业PMI,US,1986-05-01,49.7,,49.7,42.7445
US_ISM_PMI,美国ISM制造业PMI,US,1986-06-01,53.4,,53.4,45.9266
US_ISM_PMI,美国ISM制造业PMI,US,1986-07-01,50.5,,50.5,43.4325
US_ISM_PMI,美国ISM制造业PMI,US,1986-08-01,48.0,,48.0,41.2824
US_ISM_PMI,美国ISM制造业PMI,US,1986-09-01,52.6,,52.6,45.2386
US_ISM_PMI,美国ISM制造业PMI,US,1986-10-01,52.4,,52.4,45.0666
US_ISM_PMI,美国ISM制造业PMI,US,1986-11-01,51.2,,51.2,44.0345
US_ISM_PMI,美国ISM制造业PMI,US,1986-12-01,51.2,,51.2,44.0345
US_ISM_PMI,美国ISM制造业PMI,US,1987-01-01,50.5,,50.5,43.4325
US_ISM_PMI,美国ISM制造业PMI,US,1987-02-01,54.9,,54.9,47.2167
US_ISM_PMI,美国ISM制造业PMI,US,1987-03-01,52.6,,52.6,45.2386
US_ISM_PMI,美国ISM制造业PMI,US,1987-04-01,55.0,,55.0,47.3027
US_ISM_PMI,美国ISM制造业PMI,US,1987-05-01,55.5,,55.5,47.7327
US_ISM_PMI,美国ISM制造业PMI,US,1987-06-01,57.2,,57.2,49.1948
US_ISM_PMI,美国ISM制造业PMI,US,1987-07-01,57.4,,57.4,49.3668
US_ISM_PMI,美国ISM制造业PMI,US,1987-08-01,57.5,,57.5,49.4528
US_ISM_PMI,美国ISM制造业PMI,US,1987-09-01,59.3,,59.3,51.0009
US_ISM_PMI,美国ISM制造业PMI,US,1987-10-01,60.0,,60.0,51.603
US_ISM_PMI,美国ISM制造业PMI,US,1987-11-01,60.7,,60.7,52.205
US_ISM_PMI,美国ISM制造业PMI,US,1987-12-01,58.8,,58.8,50.5709
US_ISM_PMI,美国ISM制造业PMI,US,1988-01-01,61.0,,61.0,52.463
US_ISM_PMI,美国ISM制造业PMI,US,1988-02-01,57.5,,57.5,49.4528
US_ISM_PMI,美国ISM制造业PMI,US,1988-03-01,56.2,,56.2,48.3348
US_ISM_PMI,美国ISM制造业PMI,US,1988-04-01,54.6,,54.6,46.9587
US_ISM_PMI,美国ISM制造业PMI,US,1988-05-01,55.8,,55.8,47.9908
US_ISM_PMI,美国ISM制造业PMI,US,1988-06-01,55.5,,55.5,47.7327
US_ISM_PMI,美国ISM制造业PMI,US,1988-07-01,59.3,,59.3,51.0009
US_ISM_PMI,美国ISM制造业PMI,US,1988-08-01,58.2,,58.2,50.0549
US_ISM_PMI,美国ISM制造业PMI,US,1988-09-01,56.0,,56.0,48.1628
US_ISM_PMI,美国ISM制造业PMI,US,1988-10-01,54.5,,54.5,46.8727
US_ISM_PMI,美国ISM制造业PMI,US,1988-11-01,55.4,,55.4,47.6467
US_ISM_PMI,美国ISM制造业PMI,US,1988-12-01,55.6,,55.6,47.8187
US_ISM_PMI,美国ISM制造业PMI,US,1989-01-01,56.0,,56.0,48.1628
US_ISM_PMI,美国ISM制造业PMI,US,1989-02-01,54.7,,54.7,47.0447
US_ISM_PMI,美国ISM制造业PMI,US,1989-03-01,54.1,,54.1,46.5287
US_ISM_PMI,美国ISM制造业PMI,US,1989-04-01,51.5,,51.5,44.2925
US_ISM_PMI,美国ISM制造业PMI,US,1989-05-01,52.2,,52.2,44.8946
US_ISM_PMI,美国ISM制造业PMI,US,1989-06-01,49.3,,49.3,42.4004
US_ISM_PMI,美国ISM制造业PMI,US,1989-07-01,47.3,,47.3,40.6803
US_ISM_PMI,美国ISM制造业PMI,US,1989-08-01,45.9,,45.9,39.4763
US_ISM_PMI,美国ISM制造业PMI,US,1989-09-01,45.1,,45.1,38.7882
US_ISM_PMI,美国ISM制造业PMI,US,1989-10-01,46.0,,46.0,39.5623
US_ISM_PMI,美国ISM制造业PMI,US,1989-11-01,46.8,,46.8,40.2503
US_ISM_PMI,美国ISM制造业PMI,US,1989-12-01,46.8,,46.8,40.2503
US_ISM_PMI,美国ISM制造业PMI,US,1990-01-01,47.4,,47.4,40.7663
US_ISM_PMI,美国ISM制造业PMI,US,1990-02-01,47.2,,47.2,40.5943
US_ISM_PMI,美国ISM制造业PMI,US,1990-03-01,49.1,,49.1,42.2284
US_ISM_PMI,美国ISM制造业PMI,US,1990-04-01,49.9,,49.9,42.9165
US_ISM_PMI,美国ISM制造业PMI,US,1990-05-01,50.0,,50.0,43.0025
US_ISM_PMI,美国ISM制造业PMI,US,1990-06-01,49.5,,49.5,42.5724
US_ISM_PMI,美国ISM制造业PMI,US,1990-07-01,49.2,,49.2,42.3144
US_ISM_PMI,美国ISM制造业PMI,US,1990-08-01,46.6,,46.6,40.0783
US_ISM_PMI,美国ISM制造业PMI,US,1990-09-01,46.1,,46.1,39.6483
US_ISM_PMI,美国ISM制造业PMI,US,1990-10-01,44.5,,44.5,38.2722
US_ISM_PMI,美国ISM制造业PMI,US,1990-11-01,43.2,,43.2,37.1541
US_ISM_PMI,美国ISM制造业PMI,US,1990-12-01,41.3,,41.3,35.52
US_ISM_PMI,美国ISM制造业PMI,US,1991-01-01,40.8,,40.8,35.09
US_ISM_PMI,美国ISM制造业PMI,US,1991-02-01,39.2,,39.2,33.7139
US_ISM_PMI,美国ISM制造业PMI,US,1991-03-01,39.4,,39.4,33.8859
US_ISM_PMI,美国ISM制造业PMI,US,1991-04-01,40.7,,40.7,35.004
US_ISM_PMI,美国ISM制造业PMI,US,1991-05-01,42.8,,42.8,36.8101
US_ISM_PMI,美国ISM制造业PMI,US,1991-06-01,44.5,,44.5,38.2722
US_ISM_PMI,美国ISM制造业PMI,US,1991-07-01,50.3,,50.3,43.2605
US_ISM_PMI,美国ISM制造业PMI,US,1991-08-01,50.6,,50.6,43.5185
US_ISM_PMI,美国ISM制造业PMI,US,1991-09-01,52.9,,52.9,45.4966
US_ISM_PMI,美国ISM制造业PMI,US,1991-10-01,54.9,,54.9,47.2167
US_ISM_PMI,美国ISM制造业PMI,US,1991-11-01,53.1,,53.1,45.6686
US_ISM_PMI,美国ISM制造业PMI,US,1991-12-01,49.5,,49.5,42.5724
US_ISM_PMI,美国ISM制造业PMI,US,1992-01-01,46.8,,46.8,40.2503
US_ISM_PMI,美国ISM制造业PMI,US,1992-02-01,47.3,,47.3,40.6803
US_ISM_PMI,美国ISM制造业PMI,US,1992-03-01,52.7,,52.7,45.3246
US_ISM_PMI,美国ISM制造业PMI,US,1992-04-01,54.6,,54.6,46.9587
US_ISM_PMI,美国ISM制造业PMI,US,1992-05-01,52.6,,52.6,45.2386
US_ISM_PMI,美国ISM制造业PMI,US,1992-06-01,55.7,,55.7,47.9047
US_ISM_PMI,美国ISM制造业PMI,US,1992-07-01,53.6,,53.6,46.0986
US_ISM_PMI,美国ISM制造业PMI,US,1992-08-01,53.9,,53.9,46.3567
US_ISM_PMI,美国ISM制造业PMI,US,1992-09-01,53.4,,53.4,45.9266
US_ISM_PMI,美国ISM制造业PMI,US,1992-10-01,49.7,,49.7,42.7445
US_ISM_PMI,美国ISM制造业PMI,US,1992-11-01,50.3,,50.3,43.2605
US_ISM_PMI,美国ISM制造业PMI,US,1992-12-01,53.6,,53.6,46.0986
US_ISM_PMI,美国ISM制造业PMI,US,1993-01-01,54.2,,54.2,46.6147
US_ISM_PMI,美国ISM制造业PMI,US,1993-02-01,55.8,,55.8,47.9908
US_ISM_PMI,美国ISM制造业PMI,US,1993-03-01,55.2,,55.2,47.4747
US_ISM_PMI,美国ISM制造业PMI,US,1993-04-01,53.5,,53.5,46.0126
US_ISM_PMI,美国ISM制造业PMI,US,1993-05-01,50.2,,50.2,43.1745
US_ISM_PMI,美国ISM制造业PMI,US,1993-06-01,51.2,,51.2,44.0345
US_ISM_PMI,美国ISM制造业PMI,US,1993-07-01,49.6,,49.6,42.6584
US_ISM_PMI,美国ISM制造业PMI,US,1993-08-01,50.2,,50.2,43.1745
US_ISM_PMI,美国ISM制造业PMI,US,1993-09-01,50.7,,50.7,43.6045
US_ISM_PMI,美国ISM制造业PMI,US,1993-10-01,50.8,,50.8,43.6905
US_ISM_PMI,美国ISM制造业PMI,US,1993-11-01,53.4,,53.4,45.9266
US_ISM_PMI,美国ISM制造业PMI,US,1993-12-01,53.8,,53.8,46.2707
US_ISM_PMI,美国ISM制造业PMI,US,1994-01-01,55.6,,55.6,47.8187
US_ISM_PMI,美国ISM制造业PMI,US,1994-02-01,56.0,,56.0,48.1628
US_ISM_PMI,美国ISM制造业PMI,US,1994-03-01,56.5,,56.5,48.5928
US_ISM_PMI,美国ISM制造业PMI,US,1994-04-01,56.9,,56.9,48.9368
US_ISM_PMI,美国ISM制造业PMI,US,1994-05-01,57.4,,57.4,49.3668
US_ISM_PMI,美国ISM制造业PMI,US,1994-06-01,58.2,,58.2,50.0549
US_ISM_PMI,美国ISM制造业PMI,US,1994-07-01,58.8,,58.8,50.5709
US_ISM_PMI,美国ISM制造业PMI,US,1994-08-01,58.5,,58.5,50.3129
US_ISM_PMI,美国ISM制造业PMI,US,1994-09-01,58.0,,58.0,49.8829
US_ISM_PMI,美国ISM制造业PMI,US,1994-10-01,59.0,,59.0,50.7429
US_ISM_PMI,美国ISM制造业PMI,US,1994-11-01,59.4,,59.4,51.0869
US_ISM_PMI,美国ISM制造业PMI,US,1994-12-01,59.2,,59.2,50.9149
US_ISM_PMI,美国ISM制造业PMI,US,1995-01-01,56.1,,56.1,48.2488
US_ISM_PMI,美国ISM制造业PMI,US,1995-02-01,57.4,,57.4,49.3668
US_ISM_PMI,美国ISM制造业PMI,US,1995-03-01,55.1,,55.1,47.3887
US_ISM_PMI,美国ISM制造业PMI,US,1995-04-01,52.1,,52.1,44.8086
US_ISM_PMI,美国ISM制造业PMI,US,1995-05-01,51.5,,51.5,44.2925
US_ISM_PMI,美国ISM制造业PMI,US,1995-06-01,46.7,,46.7,40.1643
US_ISM_PMI,美国ISM制造业PMI,US,1995-07-01,45.9,,45.9,39.4763
US_ISM_PMI,美国ISM制造业PMI,US,1995-08-01,50.7,,50.7,43.6045
US_ISM_PMI,美国ISM制造业PMI,US,1995-09-01,47.1,,47.1,40.5083
US_ISM_PMI,美国ISM制造业PMI,US,1995-10-01,48.1,,48.1,41.3684
US_ISM_PMI,美国ISM制造业PMI,US,1995-11-01,46.7,,46.7,40.1643
US_ISM_PMI,美国ISM制造业PMI,US,1995-12-01,45.9,,45.9,39.4763
US_ISM_PMI,美国ISM制造业PMI,US,1996-01-01,46.2,,46.2,39.7343
US_ISM_PMI,美国ISM制造业PMI,US,1996-02-01,45.5,,45.5,39.1322
US_ISM_PMI,美国ISM制造业PMI,US,1996-03-01,45.9,,45.9,39.4763
US_ISM_PMI,美国ISM制造业PMI,US,1996-04-01,46.9,,46.9,40.3363
US_ISM_PMI,美国ISM制造业PMI,US,1996-05-01,49.3,,49.3,42.4004
US_ISM_PMI,美国ISM制造业PMI,US,1996-06-01,49.1,,49.1,42.2284
US_ISM_PMI,美国ISM制造业PMI,US,1996-07-01,53.6,,53.6,46.0986
US_ISM_PMI,美国ISM制造业PMI,US,1996-08-01,49.7,,49.7,42.7445
US_ISM_PMI,美国ISM制造业PMI,US,1996-09-01,51.6,,51.6,44.3785
US_ISM_PMI,美国ISM制造业PMI,US,1996-10-01,51.1,,51.1,43.9485
US_ISM_PMI,美国ISM制造业PMI,US,1996-11-01,50.5,,50.5,43.4325
US_ISM_PMI,美国ISM制造业PMI,US,1996-12-01,53.0,,53.0,45.5826
US_ISM_PMI,美国ISM制造业PMI,US,1997-01-01,55.2,,55.2,47.4747
US_ISM_PMI,美国ISM制造业PMI,US,1997-02-01,53.8,,53.8,46.2707
US_ISM_PMI,美国ISM制造业PMI,US,1997-03-01,53.1,,53.1,45.6686
US_ISM_PMI,美国ISM制造业PMI,US,1997-04-01,53.8,,53.8,46.2707
US_ISM_PMI,美国ISM制造业PMI,US,1997-05-01,53.7,,53.7,46.1846
US_ISM_PMI,美国ISM制造业PMI,US,1997-06-01,56.1,,56.1,48.2488
US_ISM_PMI,美国ISM制造业PMI,US,1997-07-01,54.9,,54.9,47.2167
US_ISM_PMI,美国ISM制造业PMI,US,1997-08-01,57.7,,57.7,49.6248
US_ISM_PMI,美国ISM制造业PMI,US,1997-09-01,56.3,,56.3,48.4208
US_ISM_PMI,美国ISM制造业PMI,US,1997-10-01,53.9,,53.9,46.3567
US_ISM_PMI,美国ISM制造业PMI,US,1997-11-01,56.4,,56.4,48.5068
US_ISM_PMI,美国ISM制造业PMI,US,1997-12-01,55.7,,55.7,47.9047
US_ISM_PMI,美国ISM制造业PMI,US,1998-01-01,54.5,,54.5,46.8727
US_ISM_PMI,美国ISM制造业PMI,US,1998-02-01,53.8,,53.8,46.2707
US_ISM_PMI,美国ISM制造业PMI,US,1998-03-01,52.9,,52.9,45.4966
US_ISM_PMI,美国ISM制造业PMI,US,1998-04-01,52.9,,52.9,45.4966
US_ISM_PMI,美国ISM制造业PMI,US,1998-05-01,52.2,,52.2,44.8946
US_ISM_PMI,美国ISM制造业PMI,US,1998-06-01,50.9,,50.9,43.7765
US_ISM_PMI,美国ISM制造业PMI,US,1998-07-01,48.9,,48.9,42.0564
US_ISM_PMI,美国ISM制造业PMI,US,1998-08-01,49.2,,49.2,42.3144
US_ISM_PMI,美国ISM制造业PMI,US,1998-09-01,49.3,,49.3,42.4004
US_ISM_PMI,美国ISM制造业PMI,US,1998-10-01,48.7,,48.7,41.8844
US_ISM_PMI,美国ISM制造业PMI,US,1998-11-01,48.7,,48.7,41.8844
US_ISM_PMI,美国ISM制造业PMI,US,1998-12-01,48.2,,48.2,41.4544
US_ISM_PMI,美国ISM制造业PMI,US,1999-01-01,46.8,,46.8,40.2503
US_ISM_PMI,美国ISM制造业PMI,US,1999-02-01,50.6,,50.6,43.5185
US_ISM_PMI,美国ISM制造业PMI,US,1999-03-01,51.7,,51.7,44.4646
US_ISM_PMI,美国ISM制造业PMI,US,1999-04-01,52.4,,52.4,45.0666
US_ISM_PMI,美国ISM制造业PMI,US,1999-05-01,52.3,,52.3,44.9806
US_ISM_PMI,美国ISM制造业PMI,US,1999-06-01,54.3,,54.3,46.7007
US_ISM_PMI,美国ISM制造业PMI,US,1999-07-01,55.8,,55.8,47.9908
US_ISM_PMI,美国ISM制造业PMI,US,1999-08-01,53.6,,53.6,46.0986
US_ISM_PMI,美国ISM制造业PMI,US,1999-09-01,54.8,,54.8,47.1307
US_ISM_PMI,美国ISM制造业PMI,US,1999-10-01,57.0,,57.0,49.0228
US_ISM_PMI,美国ISM制造业PMI,US,1999-11-01,57.2,,57.2,49.1948
US_ISM_PMI,美国ISM制造业PMI,US,1999-12-01,58.1,,58.1,49.9689
US_ISM_PMI,美国ISM制造业PMI,US,2000-01-01,57.8,,57.8,49.7109
US_ISM_PMI,美国ISM制造业PMI,US,2000-02-01,56.7,,56.7,48.7648
US_ISM_PMI,美国ISM制造业PMI,US,2000-03-01,55.8,,55.8,47.9908
US_ISM_PMI,美国ISM制造业PMI,US,2000-04-01,54.9,,54.9,47.2167
US_ISM_PMI,美国ISM制造业PMI,US,2000-05-01,54.7,,54.7,47.0447
US_ISM_PMI,美国ISM制造业PMI,US,2000-06-01,53.2,,53.2,45.7546
US_ISM_PMI,美国ISM制造业PMI,US,2000-07-01,51.4,,51.4,44.2065
US_ISM_PMI,美国ISM制造业PMI,US,2000-08-01,52.5,,52.5,45.1526
US_ISM_PMI,美国ISM制造业PMI,US,2000-09-01,49.9,,49.9,42.9165
US_ISM_PMI,美国ISM制造业PMI,US,2000-10-01,49.7,,49.7,42.7445
US_ISM_PMI,美国ISM制造业PMI,US,2000-11-01,48.7,,48.7,41.8844
US_ISM_PMI,美国ISM制造业PMI,US,2000-12-01,48.5,,48.5,41.7124
US_ISM_PMI,美国ISM制造业PMI,US,2001-01-01,43.9,,43.9,37.7562
US_ISM_PMI,美国ISM制造业PMI,US,2001-02-01,42.3,,42.3,36.3801
US_ISM_PMI,美国ISM制造业PMI,US,2001-03-01,42.1,,42.1,36.2081
US_ISM_PMI,美国ISM制造业PMI,US,2001-04-01,43.1,,43.1,37.0681
US_ISM_PMI,美国ISM制造业PMI,US,2001-05-01,42.7,,42.7,36.7241
US_ISM_PMI,美国ISM制造业PMI,US,2001-06-01,41.3,,41.3,35.52
US_ISM_PMI,美国ISM制造业PMI,US,2001-07-01,43.2,,43.2,37.1541
US_ISM_PMI,美国ISM制造业PMI,US,2001-08-01,43.5,,43.5,37.4121
US_ISM_PMI,美国ISM制造业PMI,US,2001-09-01,46.3,,46.3,39.8203
US_ISM_PMI,美国ISM制造业PMI,US,2001-10-01,46.2,,46.2,39.7343
US_ISM_PMI,美国ISM制造业PMI,US,2001-11-01,40.8,,40.8,35.09
US_ISM_PMI,美国ISM制造业PMI,US,2001-12-01,44.1,,44.1,37.9282
US_ISM_PMI,美国ISM制造业PMI,US,2002-01-01,45.3,,45.3,38.9602
US_ISM_PMI,美国ISM制造业PMI,US,2002-02-01,47.5,,47.5,40.8523
US_ISM_PMI,美国ISM制造业PMI,US,2002-03-01,50.7,,50.7,43.6045
US_ISM_PMI,美国ISM制造业PMI,US,2002-04-01,52.4,,52.4,45.0666
US_ISM_PMI,美国ISM制造业PMI,US,2002-05-01,52.4,,52.4,45.0666
US_ISM_PMI,美国ISM制造业PMI,US,2002-06-01,53.1,,53.1,45.6686
US_ISM_PMI,美国ISM制造业PMI,US,2002-07-01,53.6,,53.6,46.0986
US_ISM_PMI,美国ISM制造业PMI,US,2002-08-01,50.2,,50.2,43.1745
US_ISM_PMI,美国ISM制造业PMI,US,2002-09-01,50.3,,50.3,43.2605
US_ISM_PMI,美国ISM制造业PMI,US,2002-10-01,50.5,,50.5,43.4325
US_ISM_PMI,美国ISM制造业PMI,US,2002-11-01,49.0,,49.0,42.1424
US_ISM_PMI,美国ISM制造业PMI,US,2002-12-01,48.5,,48.5,41.7124
US_ISM_PMI,美国ISM制造业PMI,US,2003-01-01,51.6,,51.6,44.3785
US_ISM_PMI,美国ISM制造业PMI,US,2003-02-01,51.3,,51.3,44.1205
US_ISM_PMI,美国ISM制造业PMI,US,2003-03-01,48.8,,48.8,41.9704
US_ISM_PMI,美国ISM制造业PMI,US,2003-04-01,46.3,,46.3,39.8203
US_ISM_PMI,美国ISM制造业PMI,US,2003-05-01,46.1,,46.1,39.6483
US_ISM_PMI,美国ISM制造业PMI,US,2003-06-01,49.0,,49.0,42.1424
US_ISM_PMI,美国ISM制造业PMI,US,2003-07-01,49.0,,49.0,42.1424
US_ISM_PMI,美国ISM制造业PMI,US,2003-08-01,51.0,,51.0,43.8625
US_ISM_PMI,美国ISM制造业PMI,US,2003-09-01,53.2,,53.2,45.7546
US_ISM_PMI,美国ISM制造业PMI,US,2003-10-01,52.4,,52.4,45.0666
US_ISM_PMI,美国ISM制造业PMI,US,2003-11-01,55.2,,55.2,47.4747
US_ISM_PMI,美国ISM制造业PMI,US,2003-12-01,58.4,,58.4,50.2269
US_ISM_PMI,美国ISM制造业PMI,US,2004-01-01,60.1,,60.1,51.689
US_ISM_PMI,美国ISM制造业PMI,US,2004-02-01,60.8,,60.8,52.291
US_ISM_PMI,美国ISM制造业PMI,US,2004-03-01,59.9,,59.9,51.517
US_ISM_PMI,美国ISM制造业PMI,US,2004-04-01,60.6,,60.6,52.119
US_ISM_PMI,美国ISM制造业PMI,US,2004-05-01,60.6,,60.6,52.119
US_ISM_PMI,美国ISM制造业PMI,US,2004-06-01,61.4,,61.4,52.807
US_ISM_PMI,美国ISM制造业PMI,US,2004-07-01,60.5,,60.5,52.033
US_ISM_PMI,美国ISM制造业PMI,US,2004-08-01,59.9,,59.9,51.517
US_ISM_PMI,美国ISM制造业PMI,US,2004-09-01,58.5,,58.5,50.3129
US_ISM_PMI,美国ISM制造业PMI,US,2004-10-01,57.4,,57.4,49.3668
US_ISM_PMI,美国ISM制造业PMI,US,2004-11-01,56.3,,56.3,48.4208
US_ISM_PMI,美国ISM制造业PMI,US,2004-12-01,56.2,,56.2,48.3348
US_ISM_PMI,美国ISM制造业PMI,US,2005-01-01,57.2,,57.2,49.1948
US_ISM_PMI,美国ISM制造业PMI,US,2005-02-01,56.8,,56.8,48.8508
US_ISM_PMI,美国ISM制造业PMI,US,2005-03-01,55.5,,55.5,47.7327
US_ISM_PMI,美国ISM制造业PMI,US,2005-04-01,55.2,,55.2,47.4747
US_ISM_PMI,美国ISM制造业PMI,US,2005-05-01,52.2,,52.2,44.8946
US_ISM_PMI,美国ISM制造业PMI,US,2005-06-01,50.8,,50.8,43.6905
US_ISM_PMI,美国ISM制造业PMI,US,2005-07-01,52.4,,52.4,45.0666
US_ISM_PMI,美国ISM制造业PMI,US,2005-08-01,52.8,,52.8,45.4106
US_ISM_PMI,美国ISM制造业PMI,US,2005-09-01,52.4,,52.4,45.0666
US_ISM_PMI,美国ISM制造业PMI,US,2005-10-01,56.8,,56.8,48.8508
US_ISM_PMI,美国ISM制造业PMI,US,2005-11-01,57.2,,57.2,49.1948
US_ISM_PMI,美国ISM制造业PMI,US,2005-12-01,56.7,,56.7,48.7648
US_ISM_PMI,美国ISM制造业PMI,US,2006-01-01,55.1,,55.1,47.3887
US_ISM_PMI,美国ISM制造业PMI,US,2006-02-01,55.0,,55.0,47.3027
US_ISM_PMI,美国ISM制造业PMI,US,2006-03-01,55.8,,55.8,47.9908
US_ISM_PMI,美国ISM制造业PMI,US,2006-04-01,54.3,,54.3,46.7007
US_ISM_PMI,美国ISM制造业PMI,US,2006-05-01,55.2,,55.2,47.4747
US_ISM_PMI,美国ISM制造业PMI,US,2006-06-01,53.7,,53.7,46.1846
US_ISM_PMI,美国ISM制造业PMI,US,2006-07-01,52.0,,52.0,44.7226
US_ISM_PMI,美国ISM制造业PMI,US,2006-08-01,53.0,,53.0,45.5826
US_ISM_PMI,美国ISM制造业PMI,US,2006-09-01,53.7,,53.7,46.1846
US_ISM_PMI,美国ISM制造业PMI,US,2006-10-01,52.2,,52.2,44.8946
US_ISM_PMI,美国ISM制造业PMI,US,2006-11-01,51.4,,51.4,44.2065
US_ISM_PMI,美国ISM制造业PMI,US,2006-12-01,50.3,,50.3,43.2605
US_ISM_PMI,美国ISM制造业PMI,US,2007-01-01,51.4,,51.4,44.2065
US_ISM_PMI,美国ISM制造业PMI,US,2007-02-01,49.5,,49.5,42.5724
US_ISM_PMI,美国ISM制造业PMI,US,2007-03-01,51.9,,51.9,44.6366
US_ISM_PMI,美国ISM制造业PMI,US,2007-04-01,50.7,,50.7,43.6045
US_ISM_PMI,美国ISM制造业PMI,US,2007-05-01,52.6,,52.6,45.2386
US_ISM_PMI,美国ISM制造业PMI,US,2007-06-01,52.5,,52.5,45.1526
US_ISM_PMI,美国ISM制造业PMI,US,2007-07-01,52.6,,52.6,45.2386
US_ISM_PMI,美国ISM制造业PMI,US,2007-08-01,52.4,,52.4,45.0666
US_ISM_PMI,美国ISM制造业PMI,US,2007-09-01,50.9,,50.9,43.7765
US_ISM_PMI,美国ISM制造业PMI,US,2007-10-01,51.0,,51.0,43.8625
US_ISM_PMI,美国ISM制造业PMI,US,2007-11-01,51.1,,51.1,43.9485
US_ISM_PMI,美国ISM制造业PMI,US,2007-12-01,50.5,,50.5,43.4325
US_ISM_PMI,美国ISM制造业PMI,US,2008-01-01,49.0,,49.0,42.1424
US_ISM_PMI,美国ISM制造业PMI,US,2008-02-01,50.3,,50.3,43.2605
US_ISM_PMI,美国ISM制造业PMI,US,2008-03-03,48.3,48.0,0.3,0.258
US_ISM_PMI,美国ISM制造业PMI,US,2008-04-01,48.6,47.5,1.1,0.9461
US_ISM_PMI,美国ISM制造业PMI,US,2008-05-01,48.6,48.0,0.6,0.516
US_ISM_PMI,美国ISM制造业PMI,US,2008-06-02,49.6,48.6,1.0,0.86
US_ISM_PMI,美国ISM制造业PMI,US,2008-07-01,50.2,48.6,1.6,1.3761
US_ISM_PMI,美国ISM制造业PMI,US,2008-08-01,50.0,49.4,0.6,0.516
US_ISM_PMI,美国ISM制造业PMI,US,2008-09-02,49.9,49.9,0.0,0.0
US_ISM_PMI,美国ISM制造业PMI,US,2008-10-01,43.5,49.5,-6.0,-5.1603
US_ISM_PMI,美国ISM制造业PMI,US,2008-11-03,38.9,41.6,-2.7,-2.3221
US_ISM_PMI,美国ISM制造业PMI,US,2008-12-01,36.2,37.2,-1.0,-0.86
US_ISM_PMI,美国ISM制造业PMI,US,2009-01-02,32.4,35.5,-3.1,-2.6662
US_ISM_PMI,美国ISM制造业PMI,US,2009-02-02,35.6,32.4,3.2,2.7522
US_ISM_PMI,美国ISM制造业PMI,US,2009-03-02,35.8,34.0,1.8,1.5481
US_ISM_PMI,美国ISM制造业PMI,US,2009-04-01,36.3,35.7,0.6,0.516
US_ISM_PMI,美国ISM制造业PMI,US,2009-05-01,40.1,38.0,2.1,1.8061
US_ISM_PMI,美国ISM制造业PMI,US,2009-06-01,42.8,42.0,0.8,0.688
US_ISM_PMI,美国ISM制造业PMI,US,2009-07-01,44.8,44.0,0.8,0.688
US_ISM_PMI,美国ISM制造业PMI,US,2009-08-03,48.9,46.5,2.4,2.0641
US_ISM_PMI,美国ISM制造业PMI,US,2009-09-01,52.9,50.5,2.4,2.0641
US_ISM_PMI,美国ISM制造业PMI,US,2009-10-01,52.6,54.5,-1.9,-1.6341
US_ISM_PMI,美国ISM制造业PMI,US,2009-11-02,55.7,53.0,2.7,2.3221
US_ISM_PMI,美国ISM制造业PMI,US,2009-12-01,53.6,54.8,-1.2,-1.0321
US_ISM_PMI,美国ISM制造业PMI,US,2010-01-04,55.9,54.0,1.9,1.6341
US_ISM_PMI,美国ISM制造业PMI,US,2010-02-01,58.4,55.2,3.2,2.7522
US_ISM_PMI,美国ISM制造业PMI,US,2010-03-01,56.5,58.0,-1.5,-1.2901
US_ISM_PMI,美国ISM制造业PMI,US,2010-04-01,59.6,57.0,2.6,2.2361
US_ISM_PMI,美国ISM制造业PMI,US,2010-05-03,60.4,60.0,0.4,0.344
US_ISM_PMI,美国ISM制造业PMI,US,2010-06-01,59.7,58.9,0.8,0.688
US_ISM_PMI,美国ISM制造业PMI,US,2010-07-01,56.2,59.0,-2.8,-2.4081
US_ISM_PMI,美国ISM制造业PMI,US,2010-08-02,55.5,54.2,1.3,1.1181
US_ISM_PMI,美国ISM制造业PMI,US,2010-09-01,56.3,53.0,3.3,2.8382
US_ISM_PMI,美国ISM制造业PMI,US,2010-10-01,54.4,54.5,-0.1,-0.086
US_ISM_PMI,美国ISM制造业PMI,US,2010-11-01,56.9,53.6,3.3,2.8382
US_ISM_PMI,美国ISM制造业PMI,US,2010-12-01,56.6,56.4,0.2,0.172
US_ISM_PMI,美国ISM制造业PMI,US,2011-01-03,57.0,57.3,-0.3,-0.258
US_ISM_PMI,美国ISM制造业PMI,US,2011-02-01,60.8,58.2,2.6,2.2361
US_ISM_PMI,美国ISM制造业PMI,US,2011-03-01,61.4,60.9,0.5,0.43
US_ISM_PMI,美国ISM制造业PMI,US,2011-04-01,61.2,61.0,0.2,0.172
US_ISM_PMI,美国ISM制造业PMI,US,2011-05-02,60.4,59.7,0.7,0.602
US_ISM_PMI,美国ISM制造业PMI,US,2011-06-01,53.5,57.5,-4.0,-3.4402
US_ISM_PMI,美国ISM制造业PMI,US,2011-07-01,55.3,51.5,3.8,3.2682
US_ISM_PMI,美国ISM制造业PMI,US,2011-08-01,50.9,54.8,-3.9,-3.3542
US_ISM_PMI,美国ISM制造业PMI,US,2011-09-01,50.6,48.5,2.1,1.8061
US_ISM_PMI,美国ISM制造业PMI,US,2011-10-03,51.6,50.5,1.1,0.9461
US_ISM_PMI,美国ISM制造业PMI,US,2011-11-01,50.8,52.1,-1.3,-1.1181
US_ISM_PMI,美国ISM制造业PMI,US,2011-12-01,52.7,51.5,1.2,1.0321
US_ISM_PMI,美国ISM制造业PMI,US,2012-01-03,53.9,53.2,0.7,0.602
US_ISM_PMI,美国ISM制造业PMI,US,2012-02-01,54.1,54.5,-0.4,-0.344
US_ISM_PMI,美国ISM制造业PMI,US,2012-03-01,52.4,54.6,-2.2,-1.8921
US_ISM_PMI,美国ISM制造业PMI,US,2012-04-02,53.4,53.0,0.4,0.344
US_ISM_PMI,美国ISM制造业PMI,US,2012-05-01,54.8,53.0,1.8,1.5481
US_ISM_PMI,美国ISM制造业PMI,US,2012-06-01,53.5,53.9,-0.4,-0.344
US_ISM_PMI,美国ISM制造业PMI,US,2012-07-02,49.7,52.0,-2.3,-1.9781
US_ISM_PMI,美国ISM制造业PMI,US,2012-08-01,49.8,50.2,-0.4,-0.344
US_ISM_PMI,美国ISM制造业PMI,US,2012-09-04,49.6,50.0,-0.4,-0.344
US_ISM_PMI,美国ISM制造业PMI,US,2012-10-01,51.5,49.7,1.8,1.5481
US_ISM_PMI,美国ISM制造业PMI,US,2012-11-01,51.7,51.2,0.5,0.43
US_ISM_PMI,美国ISM制造业PMI,US,2012-12-03,49.5,51.3,-1.8,-1.5481
US_ISM_PMI,美国ISM制造业PMI,US,2013-01-02,50.7,50.3,0.4,0.344
US_ISM_PMI,美国ISM制造业PMI,US,2013-02-01,53.1,50.6,2.5,2.1501
US_ISM_PMI,美国ISM制造业PMI,US,2013-03-01,54.2,52.5,1.7,1.4621
US_ISM_PMI,美国ISM制造业PMI,US,2013-04-01,51.3,54.2,-2.9,-2.4941
US_ISM_PMI,美国ISM制造业PMI,US,2013-05-01,50.7,50.9,-0.2,-0.172
US_ISM_PMI,美国ISM制造业PMI,US,2013-06-03,49.0,50.7,-1.7,-1.4621
US_ISM_PMI,美国ISM制造业PMI,US,2013-07-01,50.9,50.5,0.4,0.344
US_ISM_PMI,美国ISM制造业PMI,US,2013-08-01,55.4,52.0,3.4,2.9242
US_ISM_PMI,美国ISM制造业PMI,US,2013-09-03,55.7,54.0,1.7,1.4621
US_ISM_PMI,美国ISM制造业PMI,US,2013-10-01,56.2,55.0,1.2,1.0321
US_ISM_PMI,美国ISM制造业PMI,US,2013-11-01,56.4,55.0,1.4,1.2041
US_ISM_PMI,美国ISM制造业PMI,US,2013-12-02,57.3,55.0,2.3,1.9781
US_ISM_PMI,美国ISM制造业PMI,US,2014-01-02,57.0,57.0,0.0,0.0
US_ISM_PMI,美国ISM制造业PMI,US,2014-02-03,51.3,56.4,-5.1,-4.3863
US_ISM_PMI,美国ISM制造业PMI,US,2014-03-03,53.2,52.0,1.2,1.0321
US_ISM_PMI,美国ISM制造业PMI,US,2014-04-01,53.7,54.0,-0.3,-0.258
US_ISM_PMI,美国ISM制造业PMI,US,2014-05-01,54.9,54.3,0.6,0.516
US_ISM_PMI,美国ISM制造业PMI,US,2014-06-02,55.4,55.5,-0.1,-0.086
US_ISM_PMI,美国ISM制造业PMI,US,2014-07-01,55.3,55.8,-0.5,-0.43
US_ISM_PMI,美国ISM制造业PMI,US,2014-08-01,57.1,56.0,1.1,0.9461
US_ISM_PMI,美国ISM制造业PMI,US,2014-09-02,59.0,56.8,2.2,1.8921
US_ISM_PMI,美国ISM制造业PMI,US,2014-10-01,56.6,58.5,-1.9,-1.6341
US_ISM_PMI,美国ISM制造业PMI,US,2014-11-03,59.0,56.2,2.8,2.4081
US_ISM_PMI,美国ISM制造业PMI,US,2014-12-01,58.7,57.9,0.8,0.688
US_ISM_PMI,美国ISM制造业PMI,US,2015-01-02,55.5,57.6,-2.1,-1.8061
US_ISM_PMI,美国ISM制造业PMI,US,2015-02-02,53.5,54.5,-1.0,-0.86
US_ISM_PMI,美国ISM制造业PMI,US,2015-03-02,52.9,53.0,-0.1,-0.086
US_ISM_PMI,美国ISM制造业PMI,US,2015-04-01,51.5,52.5,-1.0,-0.86
US_ISM_PMI,美国ISM制造业PMI,US,2015-05-01,51.5,52.0,-0.5,-0.43
US_ISM_PMI,美国ISM制造业PMI,US,2015-06-01,52.8,52.0,0.8,0.688
US_ISM_PMI,美国ISM制造业PMI,US,2015-07-01,53.5,53.1,0.4,0.344
US_ISM_PMI,美国ISM制造业PMI,US,2015-08-03,52.7,53.5,-0.8,-0.688
US_ISM_PMI,美国ISM制造业PMI,US,2015-09-01,51.1,52.6,-1.5,-1.2901
US_ISM_PMI,美国ISM制造业PMI,US,2015-10-01,50.2,50.6,-0.4,-0.344
US_ISM_PMI,美国ISM制造业PMI,US,2015-11-02,50.1,50.0,0.1,0.086
US_ISM_PMI,美国ISM制造业PMI,US,2015-12-01,48.6,50.5,-1.9,-1.6341
US_ISM_PMI,美国ISM制造业PMI,US,2016-01-04,48.2,49.0,-0.8,-0.688
US_ISM_PMI,美国ISM制造业PMI,US,2016-02-01,48.2,48.1,0.1,0.086
US_ISM_PMI,美国ISM制造业PMI,US,2016-03-01,49.5,48.5,1.0,0.86
US_ISM_PMI,美国ISM制造业PMI,US,2016-04-01,51.8,50.7,1.1,0.9461
US_ISM_PMI,美国ISM制造业PMI,US,2016-05-02,50.8,51.4,-0.6,-0.516
US_ISM_PMI,美国ISM制造业PMI,US,2016-06-01,51.3,50.4,0.9,0.774
US_ISM_PMI,美国ISM制造业PMI,US,2016-07-01,53.2,51.4,1.8,1.5481
US_ISM_PMI,美国ISM制造业PMI,US,2016-08-01,52.6,53.0,-0.4,-0.344
US_ISM_PMI,美国ISM制造业PMI,US,2016-09-01,49.4,52.0,-2.6,-2.2361
US_ISM_PMI,美国ISM制造业PMI,US,2016-10-03,51.5,50.3,1.2,1.0321
US_ISM_PMI,美国ISM制造业PMI,US,2016-11-01,51.9,51.7,0.2,0.172
US_ISM_PMI,美国ISM制造业PMI,US,2016-12-01,53.2,52.2,1.0,0.86
US_ISM_PMI,美国ISM制造业PMI,US,2017-01-03,54.7,53.6,1.1,0.9461
US_ISM_PMI,美国ISM制造业PMI,US,2017-02-01,56.0,55.0,1.0,0.86
US_ISM_PMI,美国ISM制造业PMI,US,2017-03-01,57.7,56.0,1.7,1.4621
US_ISM_PMI,美国ISM制造业PMI,US,2017-04-03,57.2,57.0,0.2,0.172
US_ISM_PMI,美国ISM制造业PMI,US,2017-05-01,54.8,56.5,-1.7,-1.4621
US_ISM_PMI,美国ISM制造业PMI,US,2017-06-01,54.9,54.5,0.4,0.344
US_ISM_PMI,美国ISM制造业PMI,US,2017-07-03,57.8,55.2,2.6,2.2361
US_ISM_PMI,美国ISM制造业PMI,US,2017-08-01,56.3,56.5,-0.2,-0.172
US_ISM_PMI,美国ISM制造业PMI,US,2017-09-01,58.8,56.5,2.3,1.9781
US_ISM_PMI,美国ISM制造业PMI,US,2017-10-02,60.8,58.0,2.8,2.4081
US_ISM_PMI,美国ISM制造业PMI,US,2017-11-01,58.7,59.5,-0.8,-0.688
US_ISM_PMI,美国ISM制造业PMI,US,2017-12-01,58.2,58.4,-0.2,-0.172
US_ISM_PMI,美国ISM制造业PMI,US,2018-01-03,59.7,58.1,1.6,1.3761
US_ISM_PMI,美国ISM制造业PMI,US,2018-02-01,59.1,58.8,0.3,0.258
US_ISM_PMI,美国ISM制造业PMI,US,2018-03-01,60.7,58.7,2.0,1.7201
US_ISM_PMI,美国ISM制造业PMI,US,2018-04-02,59.3,60.1,-0.8,-0.688
US_ISM_PMI,美国ISM制造业PMI,US,2018-05-01,57.9,58.6,-0.7,-0.602
US_ISM_PMI,美国ISM制造业PMI,US,2018-06-01,58.7,58.2,0.5,0.43
US_ISM_PMI,美国ISM制造业PMI,US,2018-07-02,60.0,58.4,1.6,1.3761
US_ISM_PMI,美国ISM制造业PMI,US,2018-08-01,58.4,59.4,-1.0,-0.86
US_ISM_PMI,美国ISM制造业PMI,US,2018-09-04,60.8,57.6,3.2,2.7522
US_ISM_PMI,美国ISM制造业PMI,US,2018-10-01,59.5,60.1,-0.6,-0.516
US_ISM_PMI,美国ISM制造业PMI,US,2018-11-01,57.5,59.0,-1.5,-1.2901
US_ISM_PMI,美国ISM制造业PMI,US,2018-12-03,58.8,57.6,1.2,1.0321
US_ISM_PMI,美国ISM制造业PMI,US,2019-01-03,54.3,57.7,-3.4,-2.9242
US_ISM_PMI,美国ISM制造业PMI,US,2019-02-01,56.6,54.2,2.4,2.0641
US_ISM_PMI,美国ISM制造业PMI,US,2019-03-01,54.2,55.5,-1.3,-1.1181
US_ISM_PMI,美国ISM制造业PMI,US,2019-04-01,55.3,54.5,0.8,0.688
US_ISM_PMI,美国ISM制造业PMI,US,2019-05-01,52.8,55.0,-2.2,-1.8921
US_ISM_PMI,美国ISM制造业PMI,US,2019-06-03,52.1,53.0,-0.9,-0.774
US_ISM_PMI,美国ISM制造业PMI,US,2019-07-01,51.7,51.0,0.7,0.602
US_ISM_PMI,美国ISM制造业PMI,US,2019-08-01,51.2,52.0,-0.8,-0.688
US_ISM_PMI,美国ISM制造业PMI,US,2019-09-03,49.1,51.1,-2.0,-1.7201
US_ISM_PMI,美国ISM制造业PMI,US,2019-10-01,47.8,50.4,-2.6,-2.2361
US_ISM_PMI,美国ISM制造业PMI,US,2019-11-01,48.3,48.9,-0.6,-0.516
US_ISM_PMI,美国ISM制造业PMI,US,2019-12-02,48.1,49.2,-1.1,-0.9461
US_ISM_PMI,美国ISM制造业PMI,US,2020-01-03,47.2,49.0,-1.8,-1.5481
US_ISM_PMI,美国ISM制造业PMI,US,2020-02-03,50.9,48.5,2.4,2.0641
US_ISM_PMI,美国ISM制造业PMI,US,2020-03-02,50.1,50.5,-0.4,-0.344
US_ISM_PMI,美国ISM制造业PMI,US,2020-04-01,49.1,45.0,4.1,3.5262
US_ISM_PMI,美国ISM制造业PMI,US,2020-05-01,41.5,36.9,4.6,3.9562
US_ISM_PMI,美国ISM制造业PMI,US,2020-06-01,43.1,43.0,0.1,0.086
US_ISM_PMI,美国ISM制造业PMI,US,2020-07-01,52.6,49.5,3.1,2.6662
US_ISM_PMI,美国ISM制造业PMI,US,2020-08-03,54.2,53.6,0.6,0.516
US_ISM_PMI,美国ISM制造业PMI,US,2020-09-01,56.0,54.5,1.5,1.2901
US_ISM_PMI,美国ISM制造业PMI,US,2020-10-01,55.4,56.4,-1.0,-0.86
US_ISM_PMI,美国ISM制造业PMI,US,2020-11-02,59.3,55.8,3.5,3.0102
US_ISM_PMI,美国ISM制造业PMI,US,2020-12-01,57.5,58.0,-0.5,-0.43
US_ISM_PMI,美国ISM制造业PMI,US,2021-01-05,60.7,56.6,4.1,3.5262
US_ISM_PMI,美国ISM制造业PMI,US,2021-02-01,58.7,60.0,-1.3,-1.1181
US_ISM_PMI,美国ISM制造业PMI,US,2021-03-01,60.8,58.8,2.0,1.7201
US_ISM_PMI,美国ISM制造业PMI,US,2021-04-01,64.7,61.3,3.4,2.9242
US_ISM_PMI,美国ISM制造业PMI,US,2021-05-03,60.7,65.0,-4.3,-3.6982
US_ISM_PMI,美国ISM制造业PMI,US,2021-06-01,61.2,60.9,0.3,0.258
US_ISM_PMI,美国ISM制造业PMI,US,2021-07-01,60.6,61.0,-0.4,-0.344
US_ISM_PMI,美国ISM制造业PMI,US,2021-08-02,59.5,60.9,-1.4,-1.2041
US_ISM_PMI,美国ISM制造业PMI,US,2021-09-01,59.9,58.6,1.3,1.1181
US_ISM_PMI,美国ISM制造业PMI,US,2021-10-01,61.1,59.6,1.5,1.2901
US_ISM_PMI,美国ISM制造业PMI,US,2021-11-01,60.8,60.5,0.3,0.258
US_ISM_PMI,美国ISM制造业PMI,US,2021-12-01,61.1,61.0,0.1,0.086
US_ISM_PMI,美国ISM制造业PMI,US,2022-01-04,58.7,60.0,-1.3,-1.1181
US_ISM_PMI,美国ISM制造业PMI,US,2022-02-01,57.6,57.5,0.1,0.086
US_ISM_PMI,美国ISM制造业PMI,US,2022-03-01,58.6,58.0,0.6,0.516
US_ISM_PMI,美国ISM制造业PMI,US,2022-04-01,57.1,59.0,-1.9,-1.6341
US_ISM_PMI,美国ISM制造业PMI,US,2022-05-02,55.4,57.6,-2.2,-1.8921
US_ISM_PMI,美国ISM制造业PMI,US,2022-06-01,56.1,54.5,1.6,1.3761
US_ISM_PMI,美国ISM制造业PMI,US,2022-07-01,53.0,54.9,-1.9,-1.6341
US_ISM_PMI,美国ISM制造业PMI,US,2022-08-01,52.8,52.0,0.8,0.688
US_ISM_PMI,美国ISM制造业PMI,US,2022-09-01,52.8,52.0,0.8,0.688
US_ISM_PMI,美国ISM制造业PMI,US,2022-10-03,50.9,52.2,-1.3,-1.1181
US_ISM_PMI,美国ISM制造业PMI,US,2022-11-01,50.2,50.0,0.2,0.172
US_ISM_PMI,美国ISM制造业PMI,US,2022-12-01,49.0,49.8,-0.8,-0.688
US_ISM_PMI,美国ISM制造业PMI,US,2023-01-04,48.4,48.5,-0.1,-0.086
US_ISM_PMI,美国ISM制造业PMI,US,2023-02-01,47.4,48.0,-0.6,-0.516
US_ISM_PMI,美国ISM制造业PMI,US,2023-03-01,47.7,48.0,-0.3,-0.258
US_ISM_PMI,美国ISM制造业PMI,US,2023-04-03,46.3,47.5,-1.2,-1.0321
US_ISM_PMI,美国ISM制造业PMI,US,2023-05-01,47.1,46.8,0.3,0.258
US_ISM_PMI,美国ISM制造业PMI,US,2023-06-01,46.9,47.0,-0.1,-0.086
US_ISM_PMI,美国ISM制造业PMI,US,2023-07-03,46.0,47.2,-1.2,-1.0321
US_ISM_PMI,美国ISM制造业PMI,US,2023-08-01,46.4,46.8,-0.4,-0.344
US_ISM_PMI,美国ISM制造业PMI,US,2023-09-01,47.6,47.0,0.6,0.516
US_ISM_PMI,美国ISM制造业PMI,US,2023-10-02,49.0,47.7,1.3,1.1181
US_ISM_PMI,美国ISM制造业PMI,US,2023-11-01,46.7,49.0,-2.3,-1.9781
US_ISM_PMI,美国ISM制造业PMI,US,2023-12-01,46.7,47.6,-0.9,-0.774
US_ISM_PMI,美国ISM制造业PMI,US,2024-01-03,47.4,47.1,0.3,0.258
US_ISM_PMI,美国ISM制造业PMI,US,2024-02-01,49.1,47.2,1.9,1.6341
US_ISM_PMI,美国ISM制造业PMI,US,2024-03-01,47.8,49.5,-1.7,-1.4621
US_ISM_PMI,美国ISM制造业PMI,US,2024-04-01,50.3,48.5,1.8,1.5481
US_ISM_PMI,美国ISM制造业PMI,US,2024-05-01,49.2,50.0,-0.8,-0.688
US_ISM_PMI,美国ISM制造业PMI,US,2024-06-03,48.7,49.8,-1.1,-0.9461
US_ISM_PMI,美国ISM制造业PMI,US,2024-07-01,48.5,49.2,-0.7,-0.602
US_ISM_PMI,美国ISM制造业PMI,US,2024-08-01,46.8,48.8,-2.0,-1.7201
US_ISM_PMI,美国ISM制造业PMI,US,2024-09-03,47.2,47.5,-0.3,-0.258
US_ISM_PMI,美国ISM制造业PMI,US,2024-10-01,47.2,47.6,-0.4,-0.344
US_ISM_PMI,美国ISM制造业PMI,US,2024-11-01,46.5,47.6,-1.1,-0.9461
US_ISM_PMI,美国ISM制造业PMI,US,2024-12-02,48.4,47.7,0.7,0.602
US_ISM_PMI,美国ISM制造业PMI,US,2025-01-03,49.3,48.2,1.1,0.9461
US_ISM_PMI,美国ISM制造业PMI,US,2025-02-03,50.9,49.3,1.6,1.3761
US_ISM_PMI,美国ISM制造业PMI,US,2025-03-03,50.3,50.6,-0.3,-0.258
US_ISM_PMI,美国ISM制造业PMI,US,2025-04-01,49.0,49.5,-0.5,-0.43
US_ISM_PMI,美国ISM制造业PMI,US,2025-05-01,48.7,48.0,0.7,0.602
US_ISM_PMI,美国ISM制造业PMI,US,2025-06-02,48.5,49.3,-0.8,-0.688
US_ISM_PMI,美国ISM制造业PMI,US,2025-07-01,49.0,48.8,0.2,0.172
US_ISM_PMI,美国ISM制造业PMI,US,2025-08-01,48.0,49.5,-1.5,-1.2901
US_ISM_PMI,美国ISM制造业PMI,US,2025-09-02,48.7,49.0,-0.3,-0.258
US_CORE_CPI_MoM,美国核心CPI月率,US,1970-01-01,0.5,,0.5,5.3033
US_CORE_CPI_MoM,美国核心CPI月率,US,1970-02-01,0.5,,0.5,5.3033
US_CORE_CPI_MoM,美国核心CPI月率,US,1970-03-01,0.5,,0.5,5.3033
US_CORE_CPI_MoM,美国核心CPI月率,US,1970-04-01,0.8,,0.8,8.4853
US_CORE_CPI_MoM,美国核心CPI月率,US,1970-05-01,0.7,,0.7,7.4246
US_CORE_CPI_MoM,美国核心CPI月率,US,1970-06-01,0.2,,0.2,2.1213
US_CORE_CPI_MoM,美国核心CPI月率,US,1970-07-01,0.7,,0.7,7.4246
US_CORE_CPI_MoM,美国核心CPI月率,US,1970-08-01,0.2,,0.2,2.1213
US_CORE_CPI_MoM,美国核心CPI月率,US,1970-09-01,0.5,,0.5,5.3033
US_CORE_CPI_MoM,美国核心CPI月率,US,1970-10-01,0.5,,0.5,5.3033
US_CORE_CPI_MoM,美国核心CPI月率,US,1970-11-01,0.5,,0.5,5.3033
US_CORE_CPI_MoM,美国核心CPI月率,US,1970-12-01,0.7,,0.7,7.4246
US_CORE_CPI_MoM,美国核心CPI月率,US,1971-01-01,0.5,,0.5,5.3033
US_CORE_CPI_MoM,美国核心CPI月率,US,1971-02-01,0.2,,0.2,2.1213
US_CORE_CPI_MoM,美国核心CPI月率,US,1971-03-01,0.2,,0.2,2.1213
US_CORE_CPI_MoM,美国核心CPI月率,US,1971-04-01,0.0,,0.0,0.0
US_CORE_CPI_MoM,美国核心CPI月率,US,1971-05-01,0.5,,0.5,5.3033
US_CORE_CPI_MoM,美国核心CPI月率,US,1971-06-01,0.5,,0.5,5.3033
US_CORE_CPI_MoM,美国核心CPI月率,US,1971-07-01,0.5,,0.5,5.3033
US_CORE_CPI_MoM,美国核心CPI月率,US,1971-08-01,0.2,,0.2,2.1213
US_CORE_CPI_MoM,美国核心CPI月率,US,1971-09-01,0.2,,0.2,2.1213
US_CORE_CPI_MoM,美国核心CPI月率,US,1971-10-01,0.0,,0.0,0.0
US_CORE_CPI_MoM,美国核心CPI月率,US,1971-11-01,0.2,,0.2,2.1213
US_CORE_CPI_MoM,美国核心CPI月率,US,1971-12-01,0.2,,0.2,2.1213
US_CORE_CPI_MoM,美国核心CPI月率,US,1972-01-01,0.2,,0.2,2.1213
US_CORE_CPI_MoM,美国核心CPI月率,US,1972-02-01,0.5,,0.5,5.3033
US_CORE_CPI_MoM,美国核心CPI月率,US,1972-03-01,0.2,,0.2,2.1213
US_CORE_CPI_MoM,美国核心CPI月率,US,1972-04-01,0.0,,0.0,0.0
US_CORE_CPI_MoM,美国核心CPI月率,US,1972-05-01,0.5,,0.5,5.3033
US_CORE_CPI_MoM,美国核心CPI月率,US,1972-06-01,0.2,,0.2,2.1213
US_CORE_CPI_MoM,美国核心CPI月率,US,1972-07-01,0.2,,0.2,2.1213
US_CORE_CPI_MoM,美国核心CPI月率,US,1972-08-01,0.2,,0.2,2.1213
US_CORE_CPI_MoM,美国核心CPI月率,US,1972-09-01,0.5,,0.5,5.3033
US_CORE_CPI_MoM,美国核心CPI月率,US,1972-10-01,0.0,,0.0,0.0
US_CORE_CPI_MoM,美国核心CPI月率,US,1972-11-01,0.2,,0.2,2.1213
US_CORE_CPI_MoM,美国核心CPI月率,US,1972-12-01,0.0,,0.0,0.0
US_CORE_CPI_MoM,美国核心CPI月率,US,1973-01-01,0.5,,0.5,5.3033
US_CORE_CPI_MoM,美国核心CPI月率,US,1973-02-01,0.0,,0.0,0.0
US_CORE_CPI_MoM,美国核心CPI月率,US,1973-03-01,0.4,,0.4,4.2426
US_CORE_CPI_MoM,美国核心CPI月率,US,1973-04-01,0.4,,0.4,4.2426
US_CORE_CPI_MoM,美国核心CPI月率,US,1973-05-01,0.2,,0.2,2.1213
US_CORE_CPI_MoM,美国核心CPI月率,US,1973-06-01,0.4,,0.4,4.2426
US_CORE_CPI_MoM,美国核心CPI月率,US,1973-07-01,0.2,,0.2,2.1213
US_CORE_CPI_MoM,美国核心CPI月率,US,1973-08-01,0.2,,0.2,2.1213
US_CORE_CPI_MoM,美国核心CPI月率,US,1973-09-01,0.4,,0.4,4.2426
US_CORE_CPI_MoM,美国核心CPI月率,US,1973-10-01,0.7,,0.7,7.4246
US_CORE_CPI_MoM,美国核心CPI月率,US,1973-11-01,0.7,,0.7,7.4246
US_CORE_CPI_MoM,美国核心CPI月率,US,1973-12-01,0.4,,0.4,4.2426
US_CORE_CPI_MoM,美国核心CPI月率,US,1974-01-01,0.4,,0.4,4.2426
US_CORE_CPI_MoM,美国核心CPI月率,US,1974-02-01,0.4,,0.4,4.2426
US_CORE_CPI_MoM,美国核心CPI月率,US,1974-03-01,0.6,,0.6,6.364
US_CORE_CPI_MoM,美国核心CPI月率,US,1974-04-01,0.8,,0.8,8.4853
US_CORE_CPI_MoM,美国核心CPI月率,US,1974-05-01,0.6,,0.6,6.364
US_CORE_CPI_MoM,美国核心CPI月率,US,1974-06-01,1.3,,1.3,13.7886
US_CORE_CPI_MoM,美国核心CPI月率,US,1974-07-01,1.0,,1.0,10.6066
US_CORE_CPI_MoM,美国核心CPI月率,US,1974-08-01,1.0,,1.0,10.6066
US_CORE_CPI_MoM,美国核心CPI月率,US,1974-09-01,1.4,,1.4,14.8492
US_CORE_CPI_MoM,美国核心CPI月率,US,1974-10-01,1.0,,1.0,10.6066
US_CORE_CPI_MoM,美国核心CPI月率,US,1974-11-01,1.0,,1.0,10.6066
US_CORE_CPI_MoM,美国核心CPI月率,US,1974-12-01,0.8,,0.8,8.4853
US_CORE_CPI_MoM,美国核心CPI月率,US,1975-01-01,0.8,,0.8,8.4853
US_CORE_CPI_MoM,美国核心CPI月率,US,1975-02-01,0.6,,0.6,6.364
US_CORE_CPI_MoM,美国核心CPI月率,US,1975-03-01,1.0,,1.0,10.6066
US_CORE_CPI_MoM,美国核心CPI月率,US,1975-04-01,0.4,,0.4,4.2426
US_CORE_CPI_MoM,美国核心CPI月率,US,1975-05-01,0.6,,0.6,6.364
US_CORE_CPI_MoM,美国核心CPI月率,US,1975-06-01,0.4,,0.4,4.2426
US_CORE_CPI_MoM,美国核心CPI月率,US,1975-07-01,0.6,,0.6,6.364
US_CORE_CPI_MoM,美国核心CPI月率,US,1975-08-01,0.4,,0.4,4.2426
US_CORE_CPI_MoM,美国核心CPI月率,US,1975-09-01,0.4,,0.4,4.2426
US_CORE_CPI_MoM,美国核心CPI月率,US,1975-10-01,0.6,,0.6,6.364
US_CORE_CPI_MoM,美国核心CPI月率,US,1975-11-01,0.6,,0.6,6.364
US_CORE_CPI_MoM,美国核心CPI月率,US,1975-12-01,0.7,,0.7,7.4246
US_CORE_CPI_MoM,美国核心CPI月率,US,1976-01-01,0.5,,0.5,5.3033
US_CORE_CPI_MoM,美国核心CPI月率,US,1976-02-01,0.7,,0.7,7.4246
US_CORE_CPI_MoM,美国核心CPI月率,US,1976-03-01,0.5,,0.5,5.3033
US_CORE_CPI_MoM,美国核心CPI月率,US,1976-04-01,0.5,,0.5,5.3033
US_CORE_CPI_MoM,美国核心CPI月率,US,1976-05-01,0.4,,0.4,4.2426
US_CORE_CPI_MoM,美国核心CPI月率,US,1976-06-01,0.5,,0.5,5.3033
US_CORE_CPI_MoM,美国核心CPI月率,US,1976-07-01,0.4,,0.4,4.2426
US_CORE_CPI_MoM,美国核心CPI月率,US,1976-08-01,0.7,,0.7,7.4246
US_CORE_CPI_MoM,美国核心CPI月率,US,1976-09-01,0.5,,0.5,5.3033
US_CORE_CPI_MoM,美国核心CPI月率,US,1976-10-01,0.5,,0.5,5.3033
US_CORE_CPI_MoM,美国核心CPI月率,US,1976-11-01,0.5,,0.5,5.3033
US_CORE_CPI_MoM,美国核心CPI月率,US,1976-12-01,0.3,,0.3,3.182
US_CORE_CPI_MoM,美国核心CPI月率,US,1977-01-01,0.3,,0.3,3.182
US_CORE_CPI_MoM,美国核心CPI月率,US,1977-02-01,0.7,,0.7,7.4246
US_CORE_CPI_MoM,美国核心CPI月率,US,1977-03-01,0.7,,0.7,7.4246
US_CORE_CPI_MoM,美国核心CPI月率,US,1977-04-01,0.5,,0.5,5.3033
US_CORE_CPI_MoM,美国核心CPI月率,US,1977-05-01,0.5,,0.5,5.3033
US_CORE_CPI_MoM,美国核心CPI月率,US,1977-06-01,0.5,,0.5,5.3033
US_CORE_CPI_MoM,美国核心CPI月率,US,1977-07-01,0.7,,0.7,7.4246
US_CORE_CPI_MoM,美国核心CPI月率,US,1977-08-01,0.3,,0.3,3.182
US_CORE_CPI_MoM,美国核心CPI月率,US,1977-09-01,0.5,,0.5,5.3033
US_CORE_CPI_MoM,美国核心CPI月率,US,1977-10-01,0.5,,0.5,5.3033
US_CORE_CPI_MoM,美国核心CPI月率,US,1977-11-01,0.3,,0.3,3.182
US_CORE_CPI_MoM,美国核心CPI月率,US,1977-12-01,0.5,,0.5,5.3033
US_CORE_CPI_MoM,美国核心CPI月率,US,1978-01-01,0.6,,0.6,6.364
US_CORE_CPI_MoM,美国核心CPI月率,US,1978-02-01,0.6,,0.6,6.364
US_CORE_CPI_MoM,美国核心CPI月率,US,1978-03-01,0.5,,0.5,5.3033
US_CORE_CPI_MoM,美国核心CPI月率,US,1978-04-01,0.6,,0.6,6.364
US_CORE_CPI_MoM,美国核心CPI月率,US,1978-05-01,0.8,,0.8,8.4853
US_CORE_CPI_MoM,美国核心CPI月率,US,1978-06-01,0.6,,0.6,6.364
US_CORE_CPI_MoM,美国核心CPI月率,US,1978-07-01,0.8,,0.8,8.4853
US_CORE_CPI_MoM,美国核心CPI月率,US,1978-08-01,0.6,,0.6,6.364
US_CORE_CPI_MoM,美国核心CPI月率,US,1978-09-01,0.8,,0.8,8.4853
US_CORE_CPI_MoM,美国核心CPI月率,US,1978-10-01,0.9,,0.9,9.5459
US_CORE_CPI_MoM,美国核心CPI月率,US,1978-11-01,0.7,,0.7,7.4246
US_CORE_CPI_MoM,美国核心CPI月率,US,1978-12-01,0.6,,0.6,6.364
US_CORE_CPI_MoM,美国核心CPI月率,US,1979-01-01,0.6,,0.6,6.364
US_CORE_CPI_MoM,美国核心CPI月率,US,1979-02-01,0.7,,0.7,7.4246
US_CORE_CPI_MoM,美国核心CPI月率,US,1979-03-01,1.0,,1.0,10.6066
US_CORE_CPI_MoM,美国核心CPI月率,US,1979-04-01,0.9,,0.9,9.5459
US_CORE_CPI_MoM,美国核心CPI月率,US,1979-05-01,0.7,,0.7,7.4246
US_CORE_CPI_MoM,美国核心CPI月率,US,1979-06-01,0.7,,0.7,7.4246
US_CORE_CPI_MoM,美国核心CPI月率,US,1979-07-01,0.7,,0.7,7.4246
US_CORE_CPI_MoM,美国核心CPI月率,US,1979-08-01,0.8,,0.8,8.4853
US_CORE_CPI_MoM,美国核心CPI月率,US,1979-09-01,1.1,,1.1,11.6673
US_CORE_CPI_MoM,美国核心CPI月率,US,1979-10-01,0.8,,0.8,8.4853
US_CORE_CPI_MoM,美国核心CPI月率,US,1979-11-01,1.0,,1.0,10.6066
US_CORE_CPI_MoM,美国核心CPI月率,US,1979-12-01,1.1,,1.1,11.6673
US_CORE_CPI_MoM,美国核心CPI月率,US,1980-01-01,1.2,,1.2,12.7279
US_CORE_CPI_MoM,美国核心CPI月率,US,1980-02-01,1.3,,1.3,13.7886
US_CORE_CPI_MoM,美国核心CPI月率,US,1980-03-01,1.0,,1.0,10.6066
US_CORE_CPI_MoM,美国核心CPI月率,US,1980-04-01,1.4,,1.4,14.8492
US_CORE_CPI_MoM,美国核心CPI月率,US,1980-05-01,1.1,,1.1,11.6673
US_CORE_CPI_MoM,美国核心CPI月率,US,1980-06-01,0.8,,0.8,8.4853
US_CORE_CPI_MoM,美国核心CPI月率,US,1980-07-01,1.1,,1.1,11.6673
US_CORE_CPI_MoM,美国核心CPI月率,US,1980-08-01,-0.2,,-0.2,-2.1213
US_CORE_CPI_MoM,美国核心CPI月率,US,1980-09-01,0.6,,0.6,6.364
US_CORE_CPI_MoM,美国核心CPI月率,US,1980-10-01,1.0,,1.0,10.6066
US_CORE_CPI_MoM,美国核心CPI月率,US,1980-11-01,1.1,,1.1,11.6673
US_CORE_CPI_MoM,美国核心CPI月率,US,1980-12-01,1.1,,1.1,11.6673
US_CORE_CPI_MoM,美国核心CPI月率,US,1981-01-01,1.2,,1.2,12.7279
US_CORE_CPI_MoM,美国核心CPI月率,US,1981-02-01,0.6,,0.6,6.364
US_CORE_CPI_MoM,美国核心CPI月率,US,1981-03-01,0.6,,0.6,6.364
US_CORE_CPI_MoM,美国核心CPI月率,US,1981-04-01,0.6,,0.6,6.364
US_CORE_CPI_MoM,美国核心CPI月率,US,1981-05-01,0.7,,0.7,7.4246
US_CORE_CPI_MoM,美国核心CPI月率,US,1981-06-01,0.9,,0.9,9.5459
US_CORE_CPI_MoM,美国核心CPI月率,US,1981-07-01,0.9,,0.9,9.5459
US_CORE_CPI_MoM,美国核心CPI月率,US,1981-08-01,1.4,,1.4,14.8492
US_CORE_CPI_MoM,美国核心CPI月率,US,1981-09-01,1.0,,1.0,10.6066
US_CORE_CPI_MoM,美国核心CPI月率,US,1981-10-01,1.2,,1.2,12.7279
US_CORE_CPI_MoM,美国核心CPI月率,US,1981-11-01,0.3,,0.3,3.182
US_CORE_CPI_MoM,美国核心CPI月率,US,1981-12-01,0.4,,0.4,4.2426
US_CORE_CPI_MoM,美国核心CPI月率,US,1982-01-01,0.5,,0.5,5.3033
US_CORE_CPI_MoM,美国核心CPI月率,US,1982-02-01,0.3,,0.3,3.182
US_CORE_CPI_MoM,美国核心CPI月率,US,1982-03-01,0.5,,0.5,5.3033
US_CORE_CPI_MoM,美国核心CPI月率,US,1982-04-01,0.1,,0.1,1.0607
US_CORE_CPI_MoM,美国核心CPI月率,US,1982-05-01,0.9,,0.9,9.5459
US_CORE_CPI_MoM,美国核心CPI月率,US,1982-06-01,0.7,,0.7,7.4246
US_CORE_CPI_MoM,美国核心CPI月率,US,1982-07-01,0.7,,0.7,7.4246
US_CORE_CPI_MoM,美国核心CPI月率,US,1982-08-01,0.6,,0.6,6.364
US_CORE_CPI_MoM,美国核心CPI月率,US,1982-09-01,0.4,,0.4,4.2426
US_CORE_CPI_MoM,美国核心CPI月率,US,1982-10-01,0.1,,0.1,1.0607
US_CORE_CPI_MoM,美国核心CPI月率,US,1982-11-01,0.3,,0.3,3.182
US_CORE_CPI_MoM,美国核心CPI月率,US,1982-12-01,-0.2,,-0.2,-2.1213
US_CORE_CPI_MoM,美国核心CPI月率,US,1983-01-01,-0.1,,-0.1,-1.0607
US_CORE_CPI_MoM,美国核心CPI月率,US,1983-02-01,0.4,,0.4,4.2426
US_CORE_CPI_MoM,美国核心CPI月率,US,1983-03-01,0.4,,0.4,4.2426
US_CORE_CPI_MoM,美国核心CPI月率,US,1983-04-01,0.2,,0.2,2.1213
US_CORE_CPI_MoM,美国核心CPI月率,US,1983-05-01,0.4,,0.4,4.2426
US_CORE_CPI_MoM,美国核心CPI月率,US,1983-06-01,0.3,,0.3,3.182
US_CORE_CPI_MoM,美国核心CPI月率,US,1983-07-01,0.3,,0.3,3.182
US_CORE_CPI_MoM,美国核心CPI月率,US,1983-08-01,0.6,,0.6,6.364
US_CORE_CPI_MoM,美国核心CPI月率,US,1983-09-01,0.3,,0.3,3.182
US_CORE_CPI_MoM,美国核心CPI月率,US,1983-10-01,0.4,,0.4,4.2426
US_CORE_CPI_MoM,美国核心CPI月率,US,1983-11-01,0.5,,0.5,5.3033
US_CORE_CPI_MoM,美国核心CPI月率,US,1983-12-01,0.5,,0.5,5.3033
US_CORE_CPI_MoM,美国核心CPI月率,US,1984-01-01,0.3,,0.3,3.182
US_CORE_CPI_MoM,美国核心CPI月率,US,1984-02-01,0.7,,0.7,7.4246
US_CORE_CPI_MoM,美国核心CPI月率,US,1984-03-01,0.3,,0.3,3.182
US_CORE_CPI_MoM,美国核心CPI月率,US,1984-04-01,0.4,,0.4,4.2426
US_CORE_CPI_MoM,美国核心CPI月率,US,1984-05-01,0.5,,0.5,5.3033
US_CORE_CPI_MoM,美国核心CPI月率,US,1984-06-01,0.4,,0.4,4.2426
US_CORE_CPI_MoM,美国核心CPI月率,US,1984-07-01,0.4,,0.4,4.2426
US_CORE_CPI_MoM,美国核心CPI月率,US,1984-08-01,0.5,,0.5,5.3033
US_CORE_CPI_MoM,美国核心CPI月率,US,1984-09-01,0.4,,0.4,4.2426
US_CORE_CPI_MoM,美国核心CPI月率,US,1984-10-01,0.4,,0.4,4.2426
US_CORE_CPI_MoM,美国核心CPI月率,US,1984-11-01,0.4,,0.4,4.2426
US_CORE_CPI_MoM,美国核心CPI月率,US,1984-12-01,0.2,,0.2,2.1213
US_CORE_CPI_MoM,美国核心CPI月率,US,1985-01-01,0.4,,0.4,4.2426
US_CORE_CPI_MoM,美国核心CPI月率,US,1985-02-01,0.3,,0.3,3.182
US_CORE_CPI_MoM,美国核心CPI月率,US,1985-03-01,0.6,,0.6,6.364
US_CORE_CPI_MoM,美国核心CPI月率,US,1985-04-01,0.4,,0.4,4.2426
US_CORE_CPI_MoM,美国核心CPI月率,US,1985-05-01,0.3,,0.3,3.182
US_CORE_CPI_MoM,美国核心CPI月率,US,1985-06-01,0.4,,0.4,4.2426
US_CORE_CPI_MoM,美国核心CPI月率,US,1985-07-01,0.3,,0.3,3.182
US_CORE_CPI_MoM,美国核心CPI月率,US,1985-08-01,0.3,,0.3,3.182
US_CORE_CPI_MoM,美国核心CPI月率,US,1985-09-01,0.4,,0.4,4.2426
US_CORE_CPI_MoM,美国核心CPI月率,US,1985-10-01,0.2,,0.2,2.1213
US_CORE_CPI_MoM,美国核心CPI月率,US,1985-11-01,0.5,,0.5,5.3033
US_CORE_CPI_MoM,美国核心CPI月率,US,1985-12-01,0.5,,0.5,5.3033
US_CORE_CPI_MoM,美国核心CPI月率,US,1986-01-01,0.3,,0.3,3.182
US_CORE_CPI_MoM,美国核心CPI月率,US,1986-02-01,0.4,,0.4,4.2426
US_CORE_CPI_MoM,美国核心CPI月率,US,1986-03-01,0.3,,0.3,3.182
US_CORE_CPI_MoM,美国核心CPI月率,US,1986-04-01,0.3,,0.3,3.182
US_CORE_CPI_MoM,美国核心CPI月率,US,1986-05-01,0.4,,0.4,4.2426
US_CORE_CPI_MoM,美国核心CPI月率,US,1986-06-01,0.2,,0.2,2.1213
US_CORE_CPI_MoM,美国核心CPI月率,US,1986-07-01,0.3,,0.3,3.182
US_CORE_CPI_MoM,美国核心CPI月率,US,1986-08-01,0.4,,0.4,4.2426
US_CORE_CPI_MoM,美国核心CPI月率,US,1986-09-01,0.4,,0.4,4.2426
US_CORE_CPI_MoM,美国核心CPI月率,US,1986-10-01,0.4,,0.4,4.2426
US_CORE_CPI_MoM,美国核心CPI月率,US,1986-11-01,0.3,,0.3,3.182
US_CORE_CPI_MoM,美国核心CPI月率,US,1986-12-01,0.3,,0.3,3.182
US_CORE_CPI_MoM,美国核心CPI月率,US,1987-01-01,0.3,,0.3,3.182
US_CORE_CPI_MoM,美国核心CPI月率,US,1987-02-01,0.3,,0.3,3.182
US_CORE_CPI_MoM,美国核心CPI月率,US,1987-03-01,0.3,,0.3,3.182
US_CORE_CPI_MoM,美国核心CPI月率,US,1987-04-01,0.3,,0.3,3.182
US_CORE_CPI_MoM,美国核心CPI月率,US,1987-05-01,0.6,,0.6,6.364
US_CORE_CPI_MoM,美国核心CPI月率,US,1987-06-01,0.3,,0.3,3.182
US_CORE_CPI_MoM,美国核心CPI月率,US,1987-07-01,0.2,,0.2,2.1213
US_CORE_CPI_MoM,美国核心CPI月率,US,1987-08-01,0.3,,0.3,3.182
US_CORE_CPI_MoM,美国核心CPI月率,US,1987-09-01,0.3,,0.3,3.182
US_CORE_CPI_MoM,美国核心CPI月率,US,1987-10-01,0.4,,0.4,4.2426
US_CORE_CPI_MoM,美国核心CPI月率,US,1987-11-01,0.5,,0.5,5.3033
US_CORE_CPI_MoM,美国核心CPI月率,US,1987-12-01,0.3,,0.3,3.182
US_CORE_CPI_MoM,美国核心CPI月率,US,1988-01-01,0.2,,0.2,2.1213
US_CORE_CPI_MoM,美国核心CPI月率,US,1988-02-01,0.4,,0.4,4.2426
US_CORE_CPI_MoM,美国核心CPI月率,US,1988-03-01,0.2,,0.2,2.1213
US_CORE_CPI_MoM,美国核心CPI月率,US,1988-04-01,0.4,,0.4,4.2426
US_CORE_CPI_MoM,美国核心CPI月率,US,1988-05-01,0.5,,0.5,5.3033
US_CORE_CPI_MoM,美国核心CPI月率,US,1988-06-01,0.3,,0.3,3.182
US_CORE_CPI_MoM,美国核心CPI月率,US,1988-07-01,0.4,,0.4,4.2426
US_CORE_CPI_MoM,美国核心CPI月率,US,1988-08-01,0.3,,0.3,3.182
US_CORE_CPI_MoM,美国核心CPI月率,US,1988-09-01,0.3,,0.3,3.182
US_CORE_CPI_MoM,美国核心CPI月率,US,1988-10-01,0.6,,0.6,6.364
US_CORE_CPI_MoM,美国核心CPI月率,US,1988-11-01,0.4,,0.4,4.2426
US_CORE_CPI_MoM,美国核心CPI月率,US,1988-12-01,0.3,,0.3,3.182
US_CORE_CPI_MoM,美国核心CPI月率,US,1989-01-01,0.3,,0.3,3.182
US_CORE_CPI_MoM,美国核心CPI月率,US,1989-02-01,0.4,,0.4,4.2426
US_CORE_CPI_MoM,美国核心CPI月率,US,1989-03-01,0.3,,0.3,3.182
US_CORE_CPI_MoM,美国核心CPI月率,US,1989-04-01,0.4,,0.4,4.2426
US_CORE_CPI_MoM,美国核心CPI月率,US,1989-05-01,0.3,,0.3,3.182
US_CORE_CPI_MoM,美国核心CPI月率,US,1989-06-01,0.4,,0.4,4.2426
US_CORE_CPI_MoM,美国核心CPI月率,US,1989-07-01,0.4,,0.4,4.2426
US_CORE_CPI_MoM,美国核心CPI月率,US,1989-08-01,0.3,,0.3,3.182
US_CORE_CPI_MoM,美国核心CPI月率,US,1989-09-01,0.2,,0.2,2.1213
US_CORE_CPI_MoM,美国核心CPI月率,US,1989-10-01,0.3,,0.3,3.182
US_CORE_CPI_MoM,美国核心CPI月率,US,1989-11-01,0.5,,0.5,5.3033
US_CORE_CPI_MoM,美国核心CPI月率,US,1989-12-01,0.4,,0.4,4.2426
US_CORE_CPI_MoM,美国核心CPI月率,US,1990-01-01,0.4,,0.4,4.2426
US_CORE_CPI_MoM,美国核心CPI月率,US,1990-02-01,0.4,,0.4,4.2426
US_CORE_CPI_MoM,美国核心CPI月率,US,1990-03-01,0.5,,0.5,5.3033
US_CORE_CPI_MoM,美国核心CPI月率,US,1990-04-01,0.6,,0.6,6.364
US_CORE_CPI_MoM,美国核心CPI月率,US,1990-05-01,0.4,,0.4,4.2426
US_CORE_CPI_MoM,美国核心CPI月率,US,1990-06-01,0.3,,0.3,3.182
US_CORE_CPI_MoM,美国核心CPI月率,US,1990-07-01,0.5,,0.5,5.3033
US_CORE_CPI_MoM,美国核心CPI月率,US,1990-08-01,0.5,,0.5,5.3033
US_CORE_CPI_MoM,美国核心CPI月率,US,1990-09-01,0.6,,0.6,6.364
US_CORE_CPI_MoM,美国核心CPI月率,US,1990-10-01,0.4,,0.4,4.2426
US_CORE_CPI_MoM,美国核心CPI月率,US,1990-11-01,0.4,,0.4,4.2426
US_CORE_CPI_MoM,美国核心CPI月率,US,1990-12-01,0.3,,0.3,3.182
US_CORE_CPI_MoM,美国核心CPI月率,US,1991-01-01,0.4,,0.4,4.2426
US_CORE_CPI_MoM,美国核心CPI月率,US,1991-02-01,0.6,,0.6,6.364
US_CORE_CPI_MoM,美国核心CPI月率,US,1991-03-01,0.5,,0.5,5.3033
US_CORE_CPI_MoM,美国核心CPI月率,US,1991-04-01,0.2,,0.2,2.1213
US_CORE_CPI_MoM,美国核心CPI月率,US,1991-05-01,0.3,,0.3,3.182
US_CORE_CPI_MoM,美国核心CPI月率,US,1991-06-01,0.3,,0.3,3.182
US_CORE_CPI_MoM,美国核心CPI月率,US,1991-07-01,0.4,,0.4,4.2426
US_CORE_CPI_MoM,美国核心CPI月率,US,1991-08-01,0.4,,0.4,4.2426
US_CORE_CPI_MoM,美国核心CPI月率,US,1991-09-01,0.4,,0.4,4.2426
US_CORE_CPI_MoM,美国核心CPI月率,US,1991-10-01,0.3,,0.3,3.182
US_CORE_CPI_MoM,美国核心CPI月率,US,1991-11-01,0.2,,0.2,2.1213
US_CORE_CPI_MoM,美国核心CPI月率,US,1991-12-01,0.3,,0.3,3.182
US_CORE_CPI_MoM,美国核心CPI月率,US,1992-01-01,0.3,,0.3,3.182
US_CORE_CPI_MoM,美国核心CPI月率,US,1992-02-01,0.3,,0.3,3.182
US_CORE_CPI_MoM,美国核心CPI月率,US,1992-03-01,0.2,,0.2,2.1213
US_CORE_CPI_MoM,美国核心CPI月率,US,1992-04-01,0.3,,0.3,3.182
US_CORE_CPI_MoM,美国核心CPI月率,US,1992-05-01,0.3,,0.3,3.182
US_CORE_CPI_MoM,美国核心CPI月率,US,1992-06-01,0.3,,0.3,3.182
US_CORE_CPI_MoM,美国核心CPI月率,US,1992-07-01,0.2,,0.2,2.1213
US_CORE_CPI_MoM,美国核心CPI月率,US,1992-08-01,0.3,,0.3,3.182
US_CORE_CPI_MoM,美国核心CPI月率,US,1992-09-01,0.2,,0.2,2.1213
US_CORE_CPI_MoM,美国核心CPI月率,US,1992-10-01,0.1,,0.1,1.0607
US_CORE_CPI_MoM,美国核心CPI月率,US,1992-11-01,0.5,,0.5,5.3033
US_CORE_CPI_MoM,美国核心CPI月率,US,1992-12-01,0.3,,0.3,3.182
US_CORE_CPI_MoM,美国核心CPI月率,US,1993-01-01,0.3,,0.3,3.182
US_CORE_CPI_MoM,美国核心CPI月率,US,1993-02-01,0.3,,0.3,3.182
US_CORE_CPI_MoM,美国核心CPI月率,US,1993-03-01,0.3,,0.3,3.182
US_CORE_CPI_MoM,美国核心CPI月率,US,1993-04-01,0.1,,0.1,1.0607
US_CORE_CPI_MoM,美国核心CPI月率,US,1993-05-01,0.4,,0.4,4.2426
US_CORE_CPI_MoM,美国核心CPI月率,US,1993-06-01,0.3,,0.3,3.182
US_CORE_CPI_MoM,美国核心CPI月率,US,1993-07-01,0.2,,0.2,2.1213
US_CORE_CPI_MoM,美国核心CPI月率,US,1993-08-01,0.1,,0.1,1.0607
US_CORE_CPI_MoM,美国核心CPI月率,US,1993-09-01,0.3,,0.3,3.182
US_CORE_CPI_MoM,美国核心CPI月率,US,1993-10-01,0.1,,0.1,1.0607
US_CORE_CPI_MoM,美国核心CPI月率,US,1993-11-01,0.3,,0.3,3.182
US_CORE_CPI_MoM,美国核心CPI月率,US,1993-12-01,0.3,,0.3,3.182
US_CORE_CPI_MoM,美国核心CPI月率,US,1994-01-01,0.3,,0.3,3.182
US_CORE_CPI_MoM,美国核心CPI月率,US,1994-02-01,0.1,,0.1,1.0607
US_CORE_CPI_MoM,美国核心CPI月率,US,1994-03-01,0.2,,0.2,2.1213
US_CORE_CPI_MoM,美国核心CPI月率,US,1994-04-01,0.3,,0.3,3.182
US_CORE_CPI_MoM,美国核心CPI月率,US,1994-05-01,0.1,,0.1,1.0607
US_CORE_CPI_MoM,美国核心CPI月率,US,1994-06-01,0.3,,0.3,3.182
US_CORE_CPI_MoM,美国核心CPI月率,US,1994-07-01,0.3,,0.3,3.182
US_CORE_CPI_MoM,美国核心CPI月率,US,1994-08-01,0.2,,0.2,2.1213
US_CORE_CPI_MoM,美国核心CPI月率,US,1994-09-01,0.3,,0.3,3.182
US_CORE_CPI_MoM,美国核心CPI月率,US,1994-10-01,0.3,,0.3,3.182
US_CORE_CPI_MoM,美国核心CPI月率,US,1994-11-01,0.2,,0.2,2.1213
US_CORE_CPI_MoM,美国核心CPI月率,US,1994-12-01,0.3,,0.3,3.182
US_CORE_CPI_MoM,美国核心CPI月率,US,1995-01-01,0.1,,0.1,1.0607
US_CORE_CPI_MoM,美国核心CPI月率,US,1995-02-01,0.4,,0.4,4.2426
US_CORE_CPI_MoM,美国核心CPI月率,US,1995-03-01,0.3,,0.3,3.182
US_CORE_CPI_MoM,美国核心CPI月率,US,1995-04-01,0.3,,0.3,3.182
US_CORE_CPI_MoM,美国核心CPI月率,US,1995-05-01,0.3,,0.3,3.182
US_CORE_CPI_MoM,美国核心CPI月率,US,1995-06-01,0.2,,0.2,2.1213
US_CORE_CPI_MoM,美国核心CPI月率,US,1995-07-01,0.2,,0.2,2.1213
US_CORE_CPI_MoM,美国核心CPI月率,US,1995-08-01,0.2,,0.2,2.1213
US_CORE_CPI_MoM,美国核心CPI月率,US,1995-09-01,0.2,,0.2,2.1213
US_CORE_CPI_MoM,美国核心CPI月率,US,1995-10-01,0.2,,0.2,2.1213
US_CORE_CPI_MoM,美国核心CPI月率,US,1995-11-01,0.3,,0.3,3.182
US_CORE_CPI_MoM,美国核心CPI月率,US,1995-12-01,0.2,,0.2,2.1213
US_CORE_CPI_MoM,美国核心CPI月率,US,1996-01-01,0.1,,0.1,1.0607
US_CORE_CPI_MoM,美国核心CPI月率,US,1996-02-01,0.4,,0.4,4.2426
US_CORE_CPI_MoM,美国核心CPI月率,US,1996-03-01,0.2,,0.2,2.1213
US_CORE_CPI_MoM,美国核心CPI月率,US,1996-04-01,0.2,,0.2,2.1213
US_CORE_CPI_MoM,美国核心CPI月率,US,1996-05-01,0.1,,0.1,1.0607
US_CORE_CPI_MoM,美国核心CPI月率,US,1996-06-01,0.2,,0.2,2.1213
US_CORE_CPI_MoM,美国核心CPI月率,US,1996-07-01,0.2,,0.2,2.1213
US_CORE_CPI_MoM,美国核心CPI月率,US,1996-08-01,0.2,,0.2,2.1213
US_CORE_CPI_MoM,美国核心CPI月率,US,1996-09-01,0.2,,0.2,2.1213
US_CORE_CPI_MoM,美国核心CPI月率,US,1996-10-01,0.3,,0.3,3.182
US_CORE_CPI_MoM,美国核心CPI月率,US,1996-11-01,0.2,,0.2,2.1213
US_CORE_CPI_MoM,美国核心CPI月率,US,1996-12-01,0.2,,0.2,2.1213
US_CORE_CPI_MoM,美国核心CPI月率,US,1997-01-01,0.1,,0.1,1.0607
US_CORE_CPI_MoM,美国核心CPI月率,US,1997-02-01,0.2,,0.2,2.1213
US_CORE_CPI_MoM,美国核心CPI月率,US,1997-03-01,0.2,,0.2,2.1213
US_CORE_CPI_MoM,美国核心CPI月率,US,1997-04-01,0.2,,0.2,2.1213
US_CORE_CPI_MoM,美国核心CPI月率,US,1997-05-01,0.3,,0.3,3.182
US_CORE_CPI_MoM,美国核心CPI月率,US,1997-06-01,0.2,,0.2,2.1213
US_CORE_CPI_MoM,美国核心CPI月率,US,1997-07-01,0.1,,0.1,1.0607
US_CORE_CPI_MoM,美国核心CPI月率,US,1997-08-01,0.2,,0.2,2.1213
US_CORE_CPI_MoM,美国核心CPI月率,US,1997-09-01,0.1,,0.1,1.0607
US_CORE_CPI_MoM,美国核心CPI月率,US,1997-10-01,0.2,,0.2,2.1213
US_CORE_CPI_MoM,美国核心CPI月率,US,1997-11-01,0.2,,0.2,2.1213
US_CORE_CPI_MoM,美国核心CPI月率,US,1997-12-01,0.1,,0.1,1.0607
US_CORE_CPI_MoM,美国核心CPI月率,US,1998-01-01,0.2,,0.2,2.1213
US_CORE_CPI_MoM,美国核心CPI月率,US,1998-02-01,0.2,,0.2,2.1213
US_CORE_CPI_MoM,美国核心CPI月率,US,1998-03-01,0.2,,0.2,2.1213
US_CORE_CPI_MoM,美国核心CPI月率,US,1998-04-01,0.2,,0.2,2.1213
US_CORE_CPI_MoM,美国核心CPI月率,US,1998-05-01,0.2,,0.2,2.1213
US_CORE_CPI_MoM,美国核心CPI月率,US,1998-06-01,0.2,,0.2,2.1213
US_CORE_CPI_MoM,美国核心CPI月率,US,1998-07-01,0.2,,0.2,2.1213
US_CORE_CPI_MoM,美国核心CPI月率,US,1998-08-01,0.2,,0.2,2.1213
US_CORE_CPI_MoM,美国核心CPI月率,US,1998-09-01,0.3,,0.3,3.182
US_CORE_CPI_MoM,美国核心CPI月率,US,1998-10-01,0.1,,0.1,1.0607
US_CORE_CPI_MoM,美国核心CPI月率,US,1998-11-01,0.1,,0.1,1.0607
US_CORE_CPI_MoM,美国核心CPI月率,US,1998-12-01,0.2,,0.2,2.1213
US_CORE_CPI_MoM,美国核心CPI月率,US,1999-01-01,0.3,,0.3,3.182
US_CORE_CPI_MoM,美国核心CPI月率,US,1999-02-01,0.1,,0.1,1.0607
US_CORE_CPI_MoM,美国核心CPI月率,US,1999-03-01,0.0,,0.0,0.0
US_CORE_CPI_MoM,美国核心CPI月率,US,1999-04-01,0.1,,0.1,1.0607
US_CORE_CPI_MoM,美国核心CPI月率,US,1999-05-01,0.3,,0.3,3.182
US_CORE_CPI_MoM,美国核心CPI月率,US,1999-06-01,0.1,,0.1,1.0607
US_CORE_CPI_MoM,美国核心CPI月率,US,1999-07-01,0.1,,0.1,1.0607
US_CORE_CPI_MoM,美国核心CPI月率,US,1999-08-01,0.3,,0.3,3.182
US_CORE_CPI_MoM,美国核心CPI月率,US,1999-09-01,0.1,,0.1,1.0607
US_CORE_CPI_MoM,美国核心CPI月率,US,1999-10-01,0.3,,0.3,3.182
US_CORE_CPI_MoM,美国核心CPI月率,US,1999-11-01,0.2,,0.2,2.1213
US_CORE_CPI_MoM,美国核心CPI月率,US,1999-12-01,0.2,,0.2,2.1213
US_CORE_CPI_MoM,美国核心CPI月率,US,2000-01-01,0.2,,0.2,2.1213
US_CORE_CPI_MoM,美国核心CPI月率,US,2000-02-01,0.3,,0.3,3.182
US_CORE_CPI_MoM,美国核心CPI月率,US,2000-03-01,0.1,,0.1,1.0607
US_CORE_CPI_MoM,美国核心CPI月率,US,2000-04-01,0.3,,0.3,3.182
US_CORE_CPI_MoM,美国核心CPI月率,US,2000-05-01,0.2,,0.2,2.1213
US_CORE_CPI_MoM,美国核心CPI月率,US,2000-06-01,0.2,,0.2,2.1213
US_CORE_CPI_MoM,美国核心CPI月率,US,2000-07-01,0.2,,0.2,2.1213
US_CORE_CPI_MoM,美国核心CPI月率,US,2000-08-01,0.2,,0.2,2.1213
US_CORE_CPI_MoM,美国核心CPI月率,US,2000-09-01,0.2,,0.2,2.1213
US_CORE_CPI_MoM,美国核心CPI月率,US,2000-10-01,0.2,,0.2,2.1213
US_CORE_CPI_MoM,美国核心CPI月率,US,2000-11-01,0.2,,0.2,2.1213
US_CORE_CPI_MoM,美国核心CPI月率,US,2000-12-01,0.3,,0.3,3.182
US_CORE_CPI_MoM,美国核心CPI月率,US,2001-01-01,0.1,,0.1,1.0607
US_CORE_CPI_MoM,美国核心CPI月率,US,2001-02-01,0.3,,0.3,3.182
US_CORE_CPI_MoM,美国核心CPI月率,US,2001-03-01,0.3,,0.3,3.182
US_CORE_CPI_MoM,美国核心CPI月率,US,2001-04-01,0.2,,0.2,2.1213
US_CORE_CPI_MoM,美国核心CPI月率,US,2001-05-01,0.2,,0.2,2.1213
US_CORE_CPI_MoM,美国核心CPI月率,US,2001-06-01,0.1,,0.1,1.0607
US_CORE_CPI_MoM,美国核心CPI月率,US,2001-07-01,0.4,,0.4,4.2426
US_CORE_CPI_MoM,美国核心CPI月率,US,2001-08-01,0.2,,0.2,2.1213
US_CORE_CPI_MoM,美国核心CPI月率,US,2001-09-01,0.2,,0.2,2.1213
US_CORE_CPI_MoM,美国核心CPI月率,US,2001-10-01,0.2,,0.2,2.1213
US_CORE_CPI_MoM,美国核心CPI月率,US,2001-11-01,0.2,,0.2,2.1213
US_CORE_CPI_MoM,美国核心CPI月率,US,2001-12-01,0.4,,0.4,4.2426
US_CORE_CPI_MoM,美国核心CPI月率,US,2002-01-01,0.2,,0.2,2.1213
US_CORE_CPI_MoM,美国核心CPI月率,US,2002-02-01,0.2,,0.2,2.1213
US_CORE_CPI_MoM,美国核心CPI月率,US,2002-03-01,0.2,,0.2,2.1213
US_CORE_CPI_MoM,美国核心CPI月率,US,2002-04-01,0.1,,0.1,1.0607
US_CORE_CPI_MoM,美国核心CPI月率,US,2002-05-01,0.3,,0.3,3.182
US_CORE_CPI_MoM,美国核心CPI月率,US,2002-06-01,0.2,,0.2,2.1213
US_CORE_CPI_MoM,美国核心CPI月率,US,2002-07-01,0.1,,0.1,1.0607
US_CORE_CPI_MoM,美国核心CPI月率,US,2002-08-01,0.2,,0.2,2.1213
US_CORE_CPI_MoM,美国核心CPI月率,US,2002-09-01,0.3,,0.3,3.182
US_CORE_CPI_MoM,美国核心CPI月率,US,2002-10-01,0.1,,0.1,1.0607
US_CORE_CPI_MoM,美国核心CPI月率,US,2002-11-01,0.1,,0.1,1.0607
US_CORE_CPI_MoM,美国核心CPI月率,US,2002-12-01,0.2,,0.2,2.1213
US_CORE_CPI_MoM,美国核心CPI月率,US,2003-01-01,0.1,,0.1,1.0607
US_CORE_CPI_MoM,美国核心CPI月率,US,2003-02-01,0.2,,0.2,2.1213
US_CORE_CPI_MoM,美国核心CPI月率,US,2003-03-01,0.1,,0.1,1.0607
US_CORE_CPI_MoM,美国核心CPI月率,US,2003-04-01,0.0,,0.0,0.0
US_CORE_CPI_MoM,美国核心CPI月率,US,2003-05-01,0.0,,0.0,0.0
US_CORE_CPI_MoM,美国核心CPI月率,US,2003-06-01,0.2,,0.2,2.1213
US_CORE_CPI_MoM,美国核心CPI月率,US,2003-07-01,0.1,,0.1,1.0607
US_CORE_CPI_MoM,美国核心CPI月率,US,2003-08-01,0.2,,0.2,2.1213
US_CORE_CPI_MoM,美国核心CPI月率,US,2003-09-01,0.1,,0.1,1.0607
US_CORE_CPI_MoM,美国核心CPI月率,US,2003-10-01,0.1,,0.1,1.0607
US_CORE_CPI_MoM,美国核心CPI月率,US,2003-11-01,0.2,,0.2,2.1213
US_CORE_CPI_MoM,美国核心CPI月率,US,2003-12-01,0.0,,0.0,0.0
US_CORE_CPI_MoM,美国核心CPI月率,US,2004-01-01,0.1,,0.1,1.0607
US_CORE_CPI_MoM,美国核心CPI月率,US,2004-02-01,0.2,,0.2,2.1213
US_CORE_CPI_MoM,美国核心CPI月率,US,2004-03-01,0.2,,0.2,2.1213
US_CORE_CPI_MoM,美国核心CPI月率,US,2004-04-01,0.3,,0.3,3.182
US_CORE_CPI_MoM,美国核心CPI月率,US,2004-05-01,0.2,,0.2,2.1213
US_CORE_CPI_MoM,美国核心CPI月率,US,2004-06-01,0.2,,0.2,2.1213
US_CORE_CPI_MoM,美国核心CPI月率,US,2004-07-01,0.2,,0.2,2.1213
US_CORE_CPI_MoM,美国核心CPI月率,US,2004-08-01,0.1,,0.1,1.0607
US_CORE_CPI_MoM,美国核心CPI月率,US,2004-09-01,0.1,,0.1,1.0607
US_CORE_CPI_MoM,美国核心CPI月率,US,2004-10-01,0.3,,0.3,3.182
US_CORE_CPI_MoM,美国核心CPI月率,US,2004-11-01,0.2,,0.2,2.1213
US_CORE_CPI_MoM,美国核心CPI月率,US,2004-12-01,0.2,,0.2,2.1213
US_CORE_CPI_MoM,美国核心CPI月率,US,2005-01-01,0.2,,0.2,2.1213
US_CORE_CPI_MoM,美国核心CPI月率,US,2005-02-01,0.2,,0.2,2.1213
US_CORE_CPI_MoM,美国核心CPI月率,US,2005-03-01,0.2,,0.2,2.1213
US_CORE_CPI_MoM,美国核心CPI月率,US,2005-04-01,0.4,,0.4,4.2426
US_CORE_CPI_MoM,美国核心CPI月率,US,2005-05-01,0.0,,0.0,0.0
US_CORE_CPI_MoM,美国核心CPI月率,US,2005-06-01,0.1,,0.1,1.0607
US_CORE_CPI_MoM,美国核心CPI月率,US,2005-07-01,0.0,,0.0,0.0
US_CORE_CPI_MoM,美国核心CPI月率,US,2005-08-01,0.1,,0.1,1.0607
US_CORE_CPI_MoM,美国核心CPI月率,US,2005-09-01,0.1,,0.1,1.0607
US_CORE_CPI_MoM,美国核心CPI月率,US,2005-10-01,0.1,,0.1,1.0607
US_CORE_CPI_MoM,美国核心CPI月率,US,2005-11-01,0.3,,0.3,3.182
US_CORE_CPI_MoM,美国核心CPI月率,US,2005-12-01,0.2,,0.2,2.1213
US_CORE_CPI_MoM,美国核心CPI月率,US,2006-01-01,0.1,,0.1,1.0607
US_CORE_CPI_MoM,美国核心CPI月率,US,2006-02-01,0.2,,0.2,2.1213
US_CORE_CPI_MoM,美国核心CPI月率,US,2006-03-01,0.2,,0.2,2.1213
US_CORE_CPI_MoM,美国核心CPI月率,US,2006-04-01,0.3,,0.3,3.182
US_CORE_CPI_MoM,美国核心CPI月率,US,2006-05-01,0.2,,0.2,2.1213
US_CORE_CPI_MoM,美国核心CPI月率,US,2006-06-01,0.3,,0.3,3.182
US_CORE_CPI_MoM,美国核心CPI月率,US,2006-07-01,0.2,,0.2,2.1213
US_CORE_CPI_MoM,美国核心CPI月率,US,2006-08-01,0.2,,0.2,2.1213
US_CORE_CPI_MoM,美国核心CPI月率,US,2006-09-01,0.2,,0.2,2.1213
US_CORE_CPI_MoM,美国核心CPI月率,US,2006-10-01,0.2,,0.2,2.1213
US_CORE_CPI_MoM,美国核心CPI月率,US,2006-11-01,0.2,,0.2,2.1213
US_CORE_CPI_MoM,美国核心CPI月率,US,2006-12-01,0.1,,0.1,1.0607
US_CORE_CPI_MoM,美国核心CPI月率,US,2007-01-01,0.1,,0.1,1.0607
US_CORE_CPI_MoM,美国核心CPI月率,US,2007-02-01,0.2,,0.2,2.1213
US_CORE_CPI_MoM,美国核心CPI月率,US,2007-03-01,0.3,,0.3,3.182
US_CORE_CPI_MoM,美国核心CPI月率,US,2007-04-01,0.1,,0.1,1.0607
US_CORE_CPI_MoM,美国核心CPI月率,US,2007-05-01,0.2,,0.2,2.1213
US_CORE_CPI_MoM,美国核心CPI月率,US,2007-06-01,0.1,,0.1,1.0607
US_CORE_CPI_MoM,美国核心CPI月率,US,2007-07-01,0.2,,0.2,2.1213
US_CORE_CPI_MoM,美国核心CPI月率,US,2007-08-01,0.2,,0.2,2.1213
US_CORE_CPI_MoM,美国核心CPI月率,US,2007-09-01,0.2,,0.2,2.1213
US_CORE_CPI_MoM,美国核心CPI月率,US,2007-10-01,0.2,,0.2,2.1213
US_CORE_CPI_MoM,美国核心CPI月率,US,2007-11-01,0.2,,0.2,2.1213
US_CORE_CPI_MoM,美国核心CPI月率,US,2007-12-01,0.3,,0.3,3.182
US_CORE_CPI_MoM,美国核心CPI月率,US,2008-01-01,0.2,,0.2,2.1213
US_CORE_CPI_MoM,美国核心CPI月率,US,2008-02-20,0.3,0.2,0.1,1.0607
US_CORE_CPI_MoM,美国核心CPI月率,US,2008-03-14,0.0,0.2,-0.2,-2.1213
US_CORE_CPI_MoM,美国核心CPI月率,US,2008-04-16,0.2,0.2,0.0,0.0
US_CORE_CPI_MoM,美国核心CPI月率,US,2008-05-14,0.1,0.2,-0.1,-1.0607
US_CORE_CPI_MoM,美国核心CPI月率,US,2008-06-13,0.2,0.2,0.0,0.0
US_CORE_CPI_MoM,美国核心CPI月率,US,2008-07-16,0.3,0.2,0.1,1.0607
US_CORE_CPI_MoM,美国核心CPI月率,US,2008-08-14,0.3,0.2,0.1,1.0607
US_CORE_CPI_MoM,美国核心CPI月率,US,2008-09-16,0.2,0.2,0.0,0.0
US_CORE_CPI_MoM,美国核心CPI月率,US,2008-10-16,0.4,0.2,0.2,2.1213
US_CORE_CPI_MoM,美国核心CPI月率,US,2008-11-19,-0.1,0.1,-0.2,-2.1213
US_CORE_CPI_MoM,美国核心CPI月率,US,2008-12-16,0.0,0.1,-0.1,-1.0607
US_CORE_CPI_MoM,美国核心CPI月率,US,2009-01-16,0.0,0.1,-0.1,-1.0607
US_CORE_CPI_MoM,美国核心CPI月率,US,2009-02-20,0.2,0.1,0.1,1.0607
US_CORE_CPI_MoM,美国核心CPI月率,US,2009-03-18,0.2,0.1,0.1,1.0607
US_CORE_CPI_MoM,美国核心CPI月率,US,2009-04-15,0.2,0.1,0.1,1.0607
US_CORE_CPI_MoM,美国核心CPI月率,US,2009-05-15,0.3,0.1,0.2,2.1213
US_CORE_CPI_MoM,美国核心CPI月率,US,2009-06-17,0.1,0.1,0.0,0.0
US_CORE_CPI_MoM,美国核心CPI月率,US,2009-07-15,0.2,0.2,0.0,0.0
US_CORE_CPI_MoM,美国核心CPI月率,US,2009-08-14,0.1,0.1,0.0,0.0
US_CORE_CPI_MoM,美国核心CPI月率,US,2009-09-16,0.1,0.1,0.0,0.0
US_CORE_CPI_MoM,美国核心CPI月率,US,2009-10-15,0.2,0.1,0.1,1.0607
US_CORE_CPI_MoM,美国核心CPI月率,US,2009-11-18,0.2,0.1,0.1,1.0607
US_CORE_CPI_MoM,美国核心CPI月率,US,2009-12-16,0.0,0.1,-0.1,-1.0607
US_CORE_CPI_MoM,美国核心CPI月率,US,2010-01-15,0.1,0.1,0.0,0.0
US_CORE_CPI_MoM,美国核心CPI月率,US,2010-02-19,-0.1,0.2,-0.3,-3.182
US_CORE_CPI_MoM,美国核心CPI月率,US,2010-03-18,0.1,0.1,0.0,0.0
US_CORE_CPI_MoM,美国核心CPI月率,US,2010-04-14,0.0,0.1,-0.1,-1.0607
US_CORE_CPI_MoM,美国核心CPI月率,US,2010-05-19,0.0,0.1,-0.1,-1.0607
US_CORE_CPI_MoM,美国核心CPI月率,US,2010-06-17,0.1,0.1,0.0,0.0
US_CORE_CPI_MoM,美国核心CPI月率,US,2010-07-16,0.2,0.1,0.1,1.0607
US_CORE_CPI_MoM,美国核心CPI月率,US,2010-08-13,0.1,0.1,0.0,0.0
US_CORE_CPI_MoM,美国核心CPI月率,US,2010-09-17,0.0,0.1,-0.1,-1.0607
US_CORE_CPI_MoM,美国核心CPI月率,US,2010-10-15,0.0,0.1,-0.1,-1.0607
US_CORE_CPI_MoM,美国核心CPI月率,US,2010-11-17,0.0,0.1,-0.1,-1.0607
US_CORE_CPI_MoM,美国核心CPI月率,US,2010-12-15,0.1,0.1,0.0,0.0
US_CORE_CPI_MoM,美国核心CPI月率,US,2011-01-14,0.1,0.1,0.0,0.0
US_CORE_CPI_MoM,美国核心CPI月率,US,2011-02-17,0.2,0.1,0.1,1.0607
US_CORE_CPI_MoM,美国核心CPI月率,US,2011-03-17,0.2,0.1,0.1,1.0607
US_CORE_CPI_MoM,美国核心CPI月率,US,2011-04-15,0.1,0.2,-0.1,-1.0607
US_CORE_CPI_MoM,美国核心CPI月率,US,2011-05-13,0.2,0.2,0.0,0.0
US_CORE_CPI_MoM,美国核心CPI月率,US,2011-06-15,0.3,0.2,0.1,1.0607
US_CORE_CPI_MoM,美国核心CPI月率,US,2011-07-15,0.3,0.2,0.1,1.0607
US_CORE_CPI_MoM,美国核心CPI月率,US,2011-08-18,0.2,0.2,0.0,0.0
US_CORE_CPI_MoM,美国核心CPI月率,US,2011-09-15,0.2,0.2,0.0,0.0
US_CORE_CPI_MoM,美国核心CPI月率,US,2011-10-19,0.1,0.2,-0.1,-1.0607
US_CORE_CPI_MoM,美国核心CPI月率,US,2011-11-16,0.1,0.1,0.0,0.0
US_CORE_CPI_MoM,美国核心CPI月率,US,2011-12-16,0.2,0.2,0.0,0.0
US_CORE_CPI_MoM,美国核心CPI月率,US,2012-01-19,0.1,0.1,0.0,0.0
US_CORE_CPI_MoM,美国核心CPI月率,US,2012-02-17,0.2,0.3,-0.1,-1.0607
US_CORE_CPI_MoM,美国核心CPI月率,US,2012-03-16,0.1,0.2,-0.1,-1.0607
US_CORE_CPI_MoM,美国核心CPI月率,US,2012-04-13,0.2,0.2,0.0,0.0
US_CORE_CPI_MoM,美国核心CPI月率,US,2012-05-15,0.2,0.2,0.0,0.0
US_CORE_CPI_MoM,美国核心CPI月率,US,2012-06-14,0.2,0.2,0.0,0.0
US_CORE_CPI_MoM,美国核心CPI月率,US,2012-07-17,0.2,0.2,0.0,0.0
US_CORE_CPI_MoM,美国核心CPI月率,US,2012-08-15,0.1,0.2,-0.1,-1.0607
US_CORE_CPI_MoM,美国核心CPI月率,US,2012-09-14,0.1,0.2,-0.1,-1.0607
US_CORE_CPI_MoM,美国核心CPI月率,US,2012-10-16,0.1,0.2,-0.1,-1.0607
US_CORE_CPI_MoM,美国核心CPI月率,US,2012-11-15,0.2,0.1,0.1,1.0607
US_CORE_CPI_MoM,美国核心CPI月率,US,2012-12-14,0.1,0.2,-0.1,-1.0607
US_CORE_CPI_MoM,美国核心CPI月率,US,2013-01-16,0.1,0.2,-0.1,-1.0607
US_CORE_CPI_MoM,美国核心CPI月率,US,2013-02-21,0.3,0.2,0.1,1.0607
US_CORE_CPI_MoM,美国核心CPI月率,US,2013-03-15,0.2,0.2,0.0,0.0
US_CORE_CPI_MoM,美国核心CPI月率,US,2013-04-16,0.1,0.2,-0.1,-1.0607
US_CORE_CPI_MoM,美国核心CPI月率,US,2013-05-16,0.1,0.2,-0.1,-1.0607
US_CORE_CPI_MoM,美国核心CPI月率,US,2013-06-18,0.2,0.2,0.0,0.0
US_CORE_CPI_MoM,美国核心CPI月率,US,2013-07-16,0.2,0.2,0.0,0.0
US_CORE_CPI_MoM,美国核心CPI月率,US,2013-08-15,0.2,0.2,0.0,0.0
US_CORE_CPI_MoM,美国核心CPI月率,US,2013-09-17,0.1,0.1,0.0,0.0
US_CORE_CPI_MoM,美国核心CPI月率,US,2013-10-30,0.1,0.2,-0.1,-1.0607
US_CORE_CPI_MoM,美国核心CPI月率,US,2013-11-20,0.1,0.1,0.0,0.0
US_CORE_CPI_MoM,美国核心CPI月率,US,2013-12-17,0.2,0.1,0.1,1.0607
US_CORE_CPI_MoM,美国核心CPI月率,US,2014-01-16,0.1,0.1,0.0,0.0
US_CORE_CPI_MoM,美国核心CPI月率,US,2014-02-20,0.1,0.1,0.0,0.0
US_CORE_CPI_MoM,美国核心CPI月率,US,2014-03-18,0.1,0.1,0.0,0.0
US_CORE_CPI_MoM,美国核心CPI月率,US,2014-04-15,0.2,0.1,0.1,1.0607
US_CORE_CPI_MoM,美国核心CPI月率,US,2014-05-15,0.2,0.1,0.1,1.0607
US_CORE_CPI_MoM,美国核心CPI月率,US,2014-06-17,0.3,0.2,0.1,1.0607
US_CORE_CPI_MoM,美国核心CPI月率,US,2014-07-22,0.1,0.2,-0.1,-1.0607
US_CORE_CPI_MoM,美国核心CPI月率,US,2014-08-19,0.1,0.2,-0.1,-1.0607
US_CORE_CPI_MoM,美国核心CPI月率,US,2014-09-17,0.0,0.2,-0.2,-2.1213
US_CORE_CPI_MoM,美国核心CPI月率,US,2014-10-22,0.1,0.2,-0.1,-1.0607
US_CORE_CPI_MoM,美国核心CPI月率,US,2014-11-20,0.2,0.2,0.0,0.0
US_CORE_CPI_MoM,美国核心CPI月率,US,2014-12-17,0.1,0.1,0.0,0.0
US_CORE_CPI_MoM,美国核心CPI月率,US,2015-01-16,0.0,0.1,-0.1,-1.0607
US_CORE_CPI_MoM,美国核心CPI月率,US,2015-02-26,0.2,0.1,0.1,1.0607
US_CORE_CPI_MoM,美国核心CPI月率,US,2015-03-24,0.2,0.1,0.1,1.0607
US_CORE_CPI_MoM,美国核心CPI月率,US,2015-04-17,0.2,0.2,0.0,0.0
US_CORE_CPI_MoM,美国核心CPI月率,US,2015-05-22,0.3,0.2,0.1,1.0607
US_CORE_CPI_MoM,美国核心CPI月率,US,2015-06-18,0.1,0.2,-0.1,-1.0607
US_CORE_CPI_MoM,美国核心CPI月率,US,2015-07-17,0.2,0.2,0.0,0.0
US_CORE_CPI_MoM,美国核心CPI月率,US,2015-08-19,0.1,0.2,-0.1,-1.0607
US_CORE_CPI_MoM,美国核心CPI月率,US,2015-09-16,0.1,0.1,0.0,0.0
US_CORE_CPI_MoM,美国核心CPI月率,US,2015-10-15,0.2,0.1,0.1,1.0607
US_CORE_CPI_MoM,美国核心CPI月率,US,2015-11-17,0.2,0.2,0.0,0.0
US_CORE_CPI_MoM,美国核心CPI月率,US,2015-12-15,0.2,0.2,0.0,0.0
US_CORE_CPI_MoM,美国核心CPI月率,US,2016-01-20,0.1,0.2,-0.1,-1.0607
US_CORE_CPI_MoM,美国核心CPI月率,US,2016-02-19,0.3,0.2,0.1,1.0607
US_CORE_CPI_MoM,美国核心CPI月率,US,2016-03-16,0.3,0.2,0.1,1.0607
US_CORE_CPI_MoM,美国核心CPI月率,US,2016-04-14,0.1,0.2,-0.1,-1.0607
US_CORE_CPI_MoM,美国核心CPI月率,US,2016-05-17,0.2,0.2,0.0,0.0
US_CORE_CPI_MoM,美国核心CPI月率,US,2016-06-16,0.2,0.2,0.0,0.0
US_CORE_CPI_MoM,美国核心CPI月率,US,2016-07-15,0.2,0.2,0.0,0.0
US_CORE_CPI_MoM,美国核心CPI月率,US,2016-08-16,0.1,0.2,-0.1,-1.0607
US_CORE_CPI_MoM,美国核心CPI月率,US,2016-09-16,0.3,0.2,0.1,1.0607
US_CORE_CPI_MoM,美国核心CPI月率,US,2016-10-18,0.1,0.2,-0.1,-1.0607
US_CORE_CPI_MoM,美国核心CPI月率,US,2016-11-17,0.1,0.2,-0.1,-1.0607
US_CORE_CPI_MoM,美国核心CPI月率,US,2016-12-15,0.2,0.2,0.0,0.0
US_CORE_CPI_MoM,美国核心CPI月率,US,2017-01-18,0.2,0.2,0.0,0.0
US_CORE_CPI_MoM,美国核心CPI月率,US,2017-02-15,0.3,0.2,0.1,1.0607
US_CORE_CPI_MoM,美国核心CPI月率,US,2017-03-15,0.2,0.2,0.0,0.0
US_CORE_CPI_MoM,美国核心CPI月率,US,2017-04-14,-0.1,0.2,-0.3,-3.182
US_CORE_CPI_MoM,美国核心CPI月率,US,2017-05-12,0.1,0.2,-0.1,-1.0607
US_CORE_CPI_MoM,美国核心CPI月率,US,2017-06-14,0.1,0.2,-0.1,-1.0607
US_CORE_CPI_MoM,美国核心CPI月率,US,2017-07-14,0.1,0.2,-0.1,-1.0607
US_CORE_CPI_MoM,美国核心CPI月率,US,2017-08-11,0.1,0.2,-0.1,-1.0607
US_CORE_CPI_MoM,美国核心CPI月率,US,2017-09-14,0.2,0.2,0.0,0.0
US_CORE_CPI_MoM,美国核心CPI月率,US,2017-10-13,0.1,0.2,-0.1,-1.0607
US_CORE_CPI_MoM,美国核心CPI月率,US,2017-11-15,0.2,0.2,0.0,0.0
US_CORE_CPI_MoM,美国核心CPI月率,US,2017-12-13,0.1,0.2,-0.1,-1.0607
US_CORE_CPI_MoM,美国核心CPI月率,US,2018-01-12,0.3,0.2,0.1,1.0607
US_CORE_CPI_MoM,美国核心CPI月率,US,2018-02-14,0.3,0.2,0.1,1.0607
US_CORE_CPI_MoM,美国核心CPI月率,US,2018-03-13,0.2,0.2,0.0,0.0
US_CORE_CPI_MoM,美国核心CPI月率,US,2018-04-11,0.2,0.2,0.0,0.0
US_CORE_CPI_MoM,美国核心CPI月率,US,2018-05-10,0.1,0.2,-0.1,-1.0607
US_CORE_CPI_MoM,美国核心CPI月率,US,2018-06-12,0.2,0.1,0.1,1.0607
US_CORE_CPI_MoM,美国核心CPI月率,US,2018-07-12,0.2,0.2,0.0,0.0
US_CORE_CPI_MoM,美国核心CPI月率,US,2018-08-10,0.2,0.2,0.0,0.0
US_CORE_CPI_MoM,美国核心CPI月率,US,2018-09-13,0.1,0.2,-0.1,-1.0607
US_CORE_CPI_MoM,美国核心CPI月率,US,2018-10-11,0.1,0.2,-0.1,-1.0607
US_CORE_CPI_MoM,美国核心CPI月率,US,2018-11-14,0.2,0.2,0.0,0.0
US_CORE_CPI_MoM,美国核心CPI月率,US,2018-12-12,0.2,0.2,0.0,0.0
US_CORE_CPI_MoM,美国核心CPI月率,US,2019-01-11,0.2,0.2,0.0,0.0
US_CORE_CPI_MoM,美国核心CPI月率,US,2019-02-13,0.2,0.2,0.0,0.0
US_CORE_CPI_MoM,美国核心CPI月率,US,2019-03-12,0.1,0.2,-0.1,-1.0607
US_CORE_CPI_MoM,美国核心CPI月率,US,2019-04-10,0.1,0.2,-0.1,-1.0607
US_CORE_CPI_MoM,美国核心CPI月率,US,2019-05-10,0.1,0.2,-0.1,-1.0607
US_CORE_CPI_MoM,美国核心CPI月率,US,2019-06-12,0.1,0.2,-0.1,-1.0607
US_CORE_CPI_MoM,美国核心CPI月率,US,2019-07-11,0.3,0.2,0.1,1.0607
US_CORE_CPI_MoM,美国核心CPI月率,US,2019-08-13,0.3,0.2,0.1,1.0607
US_CORE_CPI_MoM,美国核心CPI月率,US,2019-09-12,0.3,0.2,0.1,1.0607
US_CORE_CPI_MoM,美国核心CPI月率,US,2019-10-10,0.1,0.2,-0.1,-1.0607
US_CORE_CPI_MoM,美国核心CPI月率,US,2019-11-13,0.2,0.2,0.0,0.0
US_CORE_CPI_MoM,美国核心CPI月率,US,2019-12-11,0.2,0.2,0.0,0.0
US_CORE_CPI_MoM,美国核心CPI月率,US,2020-01-14,0.1,0.2,-0.1,-1.0607
US_CORE_CPI_MoM,美国核心CPI月率,US,2020-02-13,0.2,0.2,0.0,0.0
US_CORE_CPI_MoM,美国核心CPI月率,US,2020-03-11,0.2,0.2,0.0,0.0
US_CORE_CPI_MoM,美国核心CPI月率,US,2020-04-10,-0.1,0.1,-0.2,-2.1213
US_CORE_CPI_MoM,美国核心CPI月率,US,2020-05-12,-0.4,-0.2,-0.2,-2.1213
US_CORE_CPI_MoM,美国核心CPI月率,US,2020-06-10,-0.1,-0.1,0.0,0.0
US_CORE_CPI_MoM,美国核心CPI月率,US,2020-07-14,0.2,0.1,0.1,1.0607
US_CORE_CPI_MoM,美国核心CPI月率,US,2020-08-12,0.6,0.2,0.4,4.2426
US_CORE_CPI_MoM,美国核心CPI月率,US,2020-09-11,0.4,0.2,0.2,2.1213
US_CORE_CPI_MoM,美国核心CPI月率,US,2020-10-13,0.2,0.2,0.0,0.0
US_CORE_CPI_MoM,美国核心CPI月率,US,2020-11-12,0.0,0.2,-0.2,-2.1213
US_CORE_CPI_MoM,美国核心CPI月率,US,2020-12-10,0.2,0.1,0.1,1.0607
US_CORE_CPI_MoM,美国核心CPI月率,US,2021-01-13,0.1,0.1,0.0,0.0
US_CORE_CPI_MoM,美国核心CPI月率,US,2021-02-10,0.0,0.2,-0.2,-2.1213
US_CORE_CPI_MoM,美国核心CPI月率,US,2021-03-10,0.1,0.2,-0.1,-1.0607
US_CORE_CPI_MoM,美国核心CPI月率,US,2021-04-13,0.3,0.2,0.1,1.0607
US_CORE_CPI_MoM,美国核心CPI月率,US,2021-05-12,0.9,0.3,0.6,6.364
US_CORE_CPI_MoM,美国核心CPI月率,US,2021-06-10,0.7,0.4,0.3,3.182
US_CORE_CPI_MoM,美国核心CPI月率,US,2021-07-13,0.9,0.4,0.5,5.3033
US_CORE_CPI_MoM,美国核心CPI月率,US,2021-08-11,0.3,0.4,-0.1,-1.0607
US_CORE_CPI_MoM,美国核心CPI月率,US,2021-09-14,0.1,0.3,-0.2,-2.1213
US_CORE_CPI_MoM,美国核心CPI月率,US,2021-10-13,0.2,0.2,0.0,0.0
US_CORE_CPI_MoM,美国核心CPI月率,US,2021-11-10,0.6,0.4,0.2,2.1213
US_CORE_CPI_MoM,美国核心CPI月率,US,2021-12-10,0.5,0.5,0.0,0.0
US_CORE_CPI_MoM,美国核心CPI月率,US,2022-01-12,0.6,0.5,0.1,1.0607
US_CORE_CPI_MoM,美国核心CPI月率,US,2022-02-10,0.6,0.5,0.1,1.0607
US_CORE_CPI_MoM,美国核心CPI月率,US,2022-03-10,0.5,0.5,0.0,0.0
US_CORE_CPI_MoM,美国核心CPI月率,US,2022-04-12,0.3,0.5,-0.2,-2.1213
US_CORE_CPI_MoM,美国核心CPI月率,US,2022-05-11,0.6,0.4,0.2,2.1213
US_CORE_CPI_MoM,美国核心CPI月率,US,2022-06-10,0.6,0.5,0.1,1.0607
US_CORE_CPI_MoM,美国核心CPI月率,US,2022-07-13,0.7,0.6,0.1,1.0607
US_CORE_CPI_MoM,美国核心CPI月率,US,2022-08-10,0.3,0.5,-0.2,-2.1213
US_CORE_CPI_MoM,美国核心CPI月率,US,2022-09-13,0.6,0.3,0.3,3.182
US_CORE_CPI_MoM,美国核心CPI月率,US,2022-10-13,0.6,0.5,0.1,1.0607
US_CORE_CPI_MoM,美国核心CPI月率,US,2022-11-10,0.3,0.5,-0.2,-2.1213
US_CORE_CPI_MoM,美国核心CPI月率,US,2022-12-13,0.2,0.3,-0.1,-1.0607
US_CORE_CPI_MoM,美国核心CPI月率,US,2023-01-12,0.3,0.3,0.0,0.0
US_CORE_CPI_MoM,美国核心CPI月率,US,2023-02-14,0.4,0.4,0.0,0.0
US_CORE_CPI_MoM,美国核心CPI月率,US,2023-03-14,0.5,0.4,0.1,1.0607
US_CORE_CPI_MoM,美国核心CPI月率,US,2023-04-12,0.4,0.4,0.0,0.0
US_CORE_CPI_MoM,美国核心CPI月率,US,2023-05-10,0.4,0.4,0.0,0.0
US_CORE_CPI_MoM,美国核心CPI月率,US,2023-06-13,0.4,0.4,0.0,0.0
US_CORE_CPI_MoM,美国核心CPI月率,US,2023-07-12,0.2,0.3,-0.1,-1.0607
US_CORE_CPI_MoM,美国核心CPI月率,US,2023-08-10,0.2,0.2,0.0,0.0
US_CORE_CPI_MoM,美国核心CPI月率,US,2023-09-13,0.3,0.2,0.1,1.0607
US_CORE_CPI_MoM,美国核心CPI月率,US,2023-10-12,0.3,0.3,0.0,0.0
US_CORE_CPI_MoM,美国核心CPI月率,US,2023-11-14,0.2,0.3,-0.1,-1.0607
US_CORE_CPI_MoM,美国核心CPI月率,US,2023-12-12,0.3,0.3,0.0,0.0
US_CORE_CPI_MoM,美国核心CPI月率,US,2024-01-11,0.3,0.3,0.0,0.0
US_CORE_CPI_MoM,美国核心CPI月率,US,2024-02-13,0.4,0.3,0.1,1.0607
US_CORE_CPI_MoM,美国核心CPI月率,US,2024-03-12,0.4,0.3,0.1,1.0607
US_CORE_CPI_MoM,美国核心CPI月率,US,2024-04-10,0.4,0.3,0.1,1.0607
US_CORE_CPI_MoM,美国核心CPI月率,US,2024-05-15,0.3,0.3,0.0,0.0
US_CORE_CPI_MoM,美国核心CPI月率,US,2024-06-12,0.2,0.3,-0.1,-1.0607
US_CORE_CPI_MoM,美国核心CPI月率,US,2024-07-11,0.1,0.2,-0.1,-1.0607
US_CORE_CPI_MoM,美国核心CPI月率,US,2024-08-14,0.2,0.2,0.0,0.0
US_CORE_CPI_MoM,美国核心CPI月率,US,2024-09-11,0.3,0.2,0.1,1.0607
US_CORE_CPI_MoM,美国核心CPI月率,US,2024-10-10,0.3,0.2,0.1,1.0607
US_CORE_CPI_MoM,美国核心CPI月率,US,2024-11-13,0.3,0.3,0.0,0.0
US_CORE_CPI_MoM,美国核心CPI月率,US,2024-12-11,0.3,0.3,0.0,0.0
US_CORE_CPI_MoM,美国核心CPI月率,US,2025-01-15,0.2,0.3,-0.1,-1.0607
US_CORE_CPI_MoM,美国核心CPI月率,US,2025-02-12,0.4,0.3,0.1,1.0607
US_CORE_CPI_MoM,美国核心CPI月率,US,2025-03-12,0.2,0.3,-0.1,-1.0607
US_CORE_CPI_MoM,美国核心CPI月率,US,2025-04-10,0.1,0.3,-0.2,-2.1213
US_CORE_CPI_MoM,美国核心CPI月率,US,2025-05-13,0.2,0.3,-0.1,-1.0607
US_CORE_CPI_MoM,美国核心CPI月率,US,2025-06-11,0.1,0.3,-0.2,-2.1213
US_CORE_CPI_MoM,美国核心CPI月率,US,2025-07-15,0.2,0.3,-0.1,-1.0607
US_CORE_CPI_MoM,美国核心CPI月率,US,2025-08-12,0.3,0.3,0.0,0.0
CN_CPI_YoY,中国CPI年率,CN,1986-02-01,7.1,,7.1,35.8757
CN_CPI_YoY,中国CPI年率,CN,1986-03-01,7.1,,7.1,35.8757
CN_CPI_YoY,中国CPI年率,CN,1986-04-01,7.1,,7.1,35.8757
CN_CPI_YoY,中国CPI年率,CN,1986-05-01,7.1,,7.1,35.8757
CN_CPI_YoY,中国CPI年率,CN,1986-06-01,7.1,,7.1,35.8757
CN_CPI_YoY,中国CPI年率,CN,1986-07-01,7.1,,7.1,35.8757
CN_CPI_YoY,中国CPI年率,CN,1986-08-01,7.1,,7.1,35.8757
CN_CPI_YoY,中国CPI年率,CN,1986-09-01,7.1,,7.1,35.8757
CN_CPI_YoY,中国CPI年率,CN,1986-10-01,7.1,,7.1,35.8757
CN_CPI_YoY,中国CPI年率,CN,1986-11-01,7.1,,7.1,35.8757
CN_CPI_YoY,中国CPI年率,CN,1986-12-01,7.1,,7.1,35.8757
CN_CPI_YoY,中国CPI年率,CN,1987-01-01,7.1,,7.1,35.8757
CN_CPI_YoY,中国CPI年率,CN,1987-02-01,5.1,,5.1,25.7698
CN_CPI_YoY,中国CPI年率,CN,1987-03-01,5.4,,5.4,27.2857
CN_CPI_YoY,中国CPI年率,CN,1987-04-01,5.8,,5.8,29.3069
CN_CPI_YoY,中国CPI年率,CN,1987-05-01,6.7,,6.7,33.8545
CN_CPI_YoY,中国CPI年率,CN,1987-06-01,7.6,,7.6,38.4021
CN_CPI_YoY,中国CPI年率,CN,1987-07-01,7.8,,7.8,39.4127
CN_CPI_YoY,中国CPI年率,CN,1987-08-01,7.8,,7.8,39.4127
CN_CPI_YoY,中国CPI年率,CN,1987-09-01,8.2,,8.2,41.4339
CN_CPI_YoY,中国CPI年率,CN,1987-10-01,7.7,,7.7,38.9074
CN_CPI_YoY,中国CPI年率,CN,1987-11-01,7.5,,7.5,37.8968
CN_CPI_YoY,中国CPI年率,CN,1987-12-01,8.3,,8.3,41.9392
CN_CPI_YoY,中国CPI年率,CN,1988-01-01,8.9,,8.9,44.9709
CN_CPI_YoY,中国CPI年率,CN,1988-02-01,9.3,,9.3,46.9921
CN_CPI_YoY,中国CPI年率,CN,1988-03-01,10.4,,10.4,52.5503
CN_CPI_YoY,中国CPI年率,CN,1988-04-01,11.3,,11.3,57.0979
CN_CPI_YoY,中国CPI年率,CN,1988-05-01,12.2,,12.2,61.6455
CN_CPI_YoY,中国CPI年率,CN,1988-06-01,14.2,,14.2,71.7513
CN_CPI_YoY,中国CPI年率,CN,1988-07-01,16.3,,16.3,82.3625
CN_CPI_YoY,中国CPI年率,CN,1988-08-01,19.2,,19.2,97.0159
CN_CPI_YoY,中国CPI年率,CN,1988-09-01,23.6,,23.6,119.2487
CN_CPI_YoY,中国CPI年率,CN,1988-10-01,26.4,,26.4,133.3969
CN_CPI_YoY,中国CPI年率,CN,1988-11-01,27.1,,27.1,136.9339
CN_CPI_YoY,中国CPI年率,CN,1988-12-01,26.8,,26.8,135.418
CN_CPI_YoY,中国CPI年率,CN,1989-01-01,27.9,,27.9,140.9762
CN_CPI_YoY,中国CPI年率,CN,1989-02-01,27.4,,27.4,138.4498
CN_CPI_YoY,中国CPI年率,CN,1989-03-01,28.4,,28.4,143.5027
CN_CPI_YoY,中国CPI年率,CN,1989-04-01,27.1,,27.1,136.9339
CN_CPI_YoY,中国CPI年率,CN,1989-05-01,26.6,,26.6,134.4074
CN_CPI_YoY,中国CPI年率,CN,1989-06-01,24.9,,24.9,125.8175
CN_CPI_YoY,中国CPI年率,CN,1989-07-01,22.8,,22.8,115.2064
CN_CPI_YoY,中国CPI年率,CN,1989-08-01,19.4,,19.4,98.0265
CN_CPI_YoY,中国CPI年率,CN,1989-09-01,15.3,,15.3,77.3095
CN_CPI_YoY,中国CPI年率,CN,1989-10-01,11.5,,11.5,58.1085
CN_CPI_YoY,中国CPI年率,CN,1989-11-01,8.6,,8.6,43.455
CN_CPI_YoY,中国CPI年率,CN,1989-12-01,7.4,,7.4,37.3915
CN_CPI_YoY,中国CPI年率,CN,1990-01-01,6.6,,6.6,33.3492
CN_CPI_YoY,中国CPI年率,CN,1990-02-01,4.3,,4.3,21.7275
CN_CPI_YoY,中国CPI年率,CN,1990-03-01,4.4,,4.4,22.2328
CN_CPI_YoY,中国CPI年率,CN,1990-04-01,3.4,,3.4,17.1799
CN_CPI_YoY,中国CPI年率,CN,1990-05-01,3.2,,3.2,16.1693
CN_CPI_YoY,中国CPI年率,CN,1990-06-01,2.7,,2.7,13.6429
CN_CPI_YoY,中国CPI年率,CN,1990-07-01,1.1,,1.1,5.5582
CN_CPI_YoY,中国CPI年率,CN,1990-08-01,1.1,,1.1,5.5582
CN_CPI_YoY,中国CPI年率,CN,1990-09-01,2.5,,2.5,12.6323
CN_CPI_YoY,中国CPI年率,CN,1990-10-01,2.9,,2.9,14.6534
CN_CPI_YoY,中国CPI年率,CN,1990-11-01,3.1,,3.1,15.664
CN_CPI_YoY,中国CPI年率,CN,1990-12-01,3.7,,3.7,18.6958
CN_CPI_YoY,中国CPI年率,CN,1991-01-01,4.3,,4.3,21.7275
CN_CPI_YoY,中国CPI年率,CN,1991-02-01,2.2,,2.2,11.1164
CN_CPI_YoY,中国CPI年率,CN,1991-03-01,1.8,,1.8,9.0952
CN_CPI_YoY,中国CPI年率,CN,1991-04-01,1.6,,1.6,8.0847
CN_CPI_YoY,中国CPI年率,CN,1991-05-01,1.3,,1.3,6.5688
CN_CPI_YoY,中国CPI年率,CN,1991-06-01,3.6,,3.6,18.1905
CN_CPI_YoY,中国CPI年率,CN,1991-07-01,4.4,,4.4,22.2328
CN_CPI_YoY,中国CPI年率,CN,1991-08-01,4.7,,4.7,23.7487
CN_CPI_YoY,中国CPI年率,CN,1991-09-01,4.9,,4.9,24.7593
CN_CPI_YoY,中国CPI年率,CN,1991-10-01,4.5,,4.5,22.7381
CN_CPI_YoY,中国CPI年率,CN,1991-11-01,4.8,,4.8,24.254
CN_CPI_YoY,中国CPI年率,CN,1991-12-01,4.4,,4.4,22.2328
CN_CPI_YoY,中国CPI年率,CN,1992-01-01,4.5,,4.5,22.7381
CN_CPI_YoY,中国CPI年率,CN,1992-02-01,5.5,,5.5,27.791
CN_CPI_YoY,中国CPI年率,CN,1992-03-01,5.3,,5.3,26.7804
CN_CPI_YoY,中国CPI年率,CN,1992-04-01,5.3,,5.3,26.7804
CN_CPI_YoY,中国CPI年率,CN,1992-05-01,7.1,,7.1,35.8757
CN_CPI_YoY,中国CPI年率,CN,1992-06-01,4.7,,4.7,23.7487
CN_CPI_YoY,中国CPI年率,CN,1992-07-01,4.8,,4.8,24.254
CN_CPI_YoY,中国CPI年率,CN,1992-08-01,5.2,,5.2,26.2751
CN_CPI_YoY,中国CPI年率,CN,1992-09-01,5.8,,5.8,29.3069
CN_CPI_YoY,中国CPI年率,CN,1992-10-01,7.5,,7.5,37.8968
CN_CPI_YoY,中国CPI年率,CN,1992-11-01,7.9,,7.9,39.918
CN_CPI_YoY,中国CPI年率,CN,1992-12-01,8.2,,8.2,41.4339
CN_CPI_YoY,中国CPI年率,CN,1993-01-01,8.8,,8.8,44.4656
CN_CPI_YoY,中国CPI年率,CN,1993-02-01,10.3,,10.3,52.045
CN_CPI_YoY,中国CPI年率,CN,1993-03-01,10.8,,10.8,54.5714
CN_CPI_YoY,中国CPI年率,CN,1993-04-01,12.2,,12.2,61.6455
CN_CPI_YoY,中国CPI年率,CN,1993-05-01,12.6,,12.6,63.6667
CN_CPI_YoY,中国CPI年率,CN,1993-06-01,14.0,,14.0,70.7408
CN_CPI_YoY,中国CPI年率,CN,1993-07-01,15.1,,15.1,76.299
CN_CPI_YoY,中国CPI年率,CN,1993-08-01,16.2,,16.2,81.8572
CN_CPI_YoY,中国CPI年率,CN,1993-09-01,16.4,,16.4,82.8677
CN_CPI_YoY,中国CPI年率,CN,1993-10-01,15.7,,15.7,79.3307
CN_CPI_YoY,中国CPI年率,CN,1993-11-01,15.9,,15.9,80.3413
CN_CPI_YoY,中国CPI年率,CN,1993-12-01,16.7,,16.7,84.3836
CN_CPI_YoY,中国CPI年率,CN,1994-01-01,18.8,,18.8,94.9947
CN_CPI_YoY,中国CPI年率,CN,1994-02-01,21.1,,21.1,106.6164
CN_CPI_YoY,中国CPI年率,CN,1994-03-01,23.2,,23.2,117.2275
CN_CPI_YoY,中国CPI年率,CN,1994-04-01,22.4,,22.4,113.1852
CN_CPI_YoY,中国CPI年率,CN,1994-05-01,21.7,,21.7,109.6482
CN_CPI_YoY,中国CPI年率,CN,1994-06-01,21.3,,21.3,107.627
CN_CPI_YoY,中国CPI年率,CN,1994-07-01,22.6,,22.6,114.1958
CN_CPI_YoY,中国CPI年率,CN,1994-08-01,24.0,,24.0,121.2699
CN_CPI_YoY,中国CPI年率,CN,1994-09-01,25.8,,25.8,130.3651
CN_CPI_YoY,中国CPI年率,CN,1994-10-01,27.3,,27.3,137.9445
CN_CPI_YoY,中国CPI年率,CN,1994-11-01,27.7,,27.7,139.9656
CN_CPI_YoY,中国CPI年率,CN,1994-12-01,27.5,,27.5,138.9551
CN_CPI_YoY,中国CPI年率,CN,1995-01-01,25.5,,25.5,128.8492
CN_CPI_YoY,中国CPI年率,CN,1995-02-01,24.1,,24.1,121.7752
CN_CPI_YoY,中国CPI年率,CN,1995-03-01,22.4,,22.4,113.1852
CN_CPI_YoY,中国CPI年率,CN,1995-04-01,21.3,,21.3,107.627
CN_CPI_YoY,中国CPI年率,CN,1995-05-01,20.7,,20.7,104.5953
CN_CPI_YoY,中国CPI年率,CN,1995-06-01,20.3,,20.3,102.5741
CN_CPI_YoY,中国CPI年率,CN,1995-07-01,18.2,,18.2,91.963
CN_CPI_YoY,中国CPI年率,CN,1995-08-01,16.7,,16.7,84.3836
CN_CPI_YoY,中国CPI年率,CN,1995-09-01,14.5,,14.5,73.2672
CN_CPI_YoY,中国CPI年率,CN,1995-10-01,13.2,,13.2,66.6984
CN_CPI_YoY,中国CPI年率,CN,1995-11-01,12.1,,12.1,61.1402
CN_CPI_YoY,中国CPI年率,CN,1995-12-01,11.2,,11.2,56.5926
CN_CPI_YoY,中国CPI年率,CN,1996-01-01,10.1,,10.1,51.0344
CN_CPI_YoY,中国CPI年率,CN,1996-02-01,9.0,,9.0,45.4762
CN_CPI_YoY,中国CPI年率,CN,1996-03-01,9.3,,9.3,46.9921
CN_CPI_YoY,中国CPI年率,CN,1996-04-01,9.8,,9.8,49.5185
CN_CPI_YoY,中国CPI年率,CN,1996-05-01,9.7,,9.7,49.0132
CN_CPI_YoY,中国CPI年率,CN,1996-06-01,8.9,,8.9,44.9709
CN_CPI_YoY,中国CPI年率,CN,1996-07-01,8.6,,8.6,43.455
CN_CPI_YoY,中国CPI年率,CN,1996-08-01,8.3,,8.3,41.9392
CN_CPI_YoY,中国CPI年率,CN,1996-09-01,8.1,,8.1,40.9286
CN_CPI_YoY,中国CPI年率,CN,1996-10-01,7.4,,7.4,37.3915
CN_CPI_YoY,中国CPI年率,CN,1996-11-01,7.0,,7.0,35.3704
CN_CPI_YoY,中国CPI年率,CN,1996-12-01,6.9,,6.9,34.8651
CN_CPI_YoY,中国CPI年率,CN,1997-01-01,7.0,,7.0,35.3704
CN_CPI_YoY,中国CPI年率,CN,1997-02-01,5.9,,5.9,29.8122
CN_CPI_YoY,中国CPI年率,CN,1997-03-01,5.6,,5.6,28.2963
CN_CPI_YoY,中国CPI年率,CN,1997-04-01,4.0,,4.0,20.2116
CN_CPI_YoY,中国CPI年率,CN,1997-05-01,3.2,,3.2,16.1693
CN_CPI_YoY,中国CPI年率,CN,1997-06-01,2.8,,2.8,14.1482
CN_CPI_YoY,中国CPI年率,CN,1997-07-01,2.8,,2.8,14.1482
CN_CPI_YoY,中国CPI年率,CN,1997-08-01,2.7,,2.7,13.6429
CN_CPI_YoY,中国CPI年率,CN,1997-09-01,1.9,,1.9,9.6005
CN_CPI_YoY,中国CPI年率,CN,1997-10-01,1.8,,1.8,9.0952
CN_CPI_YoY,中国CPI年率,CN,1997-11-01,1.5,,1.5,7.5794
CN_CPI_YoY,中国CPI年率,CN,1997-12-01,1.1,,1.1,5.5582
CN_CPI_YoY,中国CPI年率,CN,1998-01-01,0.4,,0.4,2.0212
CN_CPI_YoY,中国CPI年率,CN,1998-02-01,0.3,,0.3,1.5159
CN_CPI_YoY,中国CPI年率,CN,1998-03-01,-0.1,,-0.1,-0.5053
CN_CPI_YoY,中国CPI年率,CN,1998-04-01,0.7,,0.7,3.537
CN_CPI_YoY,中国CPI年率,CN,1998-05-01,-0.3,,-0.3,-1.5159
CN_CPI_YoY,中国CPI年率,CN,1998-06-01,-1.0,,-1.0,-5.0529
CN_CPI_YoY,中国CPI年率,CN,1998-07-01,-1.3,,-1.3,-6.5688
CN_CPI_YoY,中国CPI年率,CN,1998-08-01,-1.4,,-1.4,-7.0741
CN_CPI_YoY,中国CPI年率,CN,1998-09-01,-1.4,,-1.4,-7.0741
CN_CPI_YoY,中国CPI年率,CN,1998-10-01,-1.5,,-1.5,-7.5794
CN_CPI_YoY,中国CPI年率,CN,1998-11-01,-1.1,,-1.1,-5.5582
CN_CPI_YoY,中国CPI年率,CN,1998-12-01,-1.2,,-1.2,-6.0635
CN_CPI_YoY,中国CPI年率,CN,1999-01-01,-1.0,,-1.0,-5.0529
CN_CPI_YoY,中国CPI年率,CN,1999-02-01,-1.2,,-1.2,-6.0635
CN_CPI_YoY,中国CPI年率,CN,1999-03-01,-1.3,,-1.3,-6.5688
CN_CPI_YoY,中国CPI年率,CN,1999-04-01,-1.8,,-1.8,-9.0952
CN_CPI_YoY,中国CPI年率,CN,1999-05-01,-2.2,,-2.2,-11.1164
CN_CPI_YoY,中国CPI年率,CN,1999-06-01,-2.2,,-2.2,-11.1164
CN_CPI_YoY,中国CPI年率,CN,1999-07-01,-2.1,,-2.1,-10.6111
CN_CPI_YoY,中国CPI年率,CN,1999-08-01,-1.4,,-1.4,-7.0741
CN_CPI_YoY,中国CPI年率,CN,1999-09-01,-1.3,,-1.3,-6.5688
CN_CPI_YoY,中国CPI年率,CN,1999-10-01,-0.8,,-0.8,-4.0423
CN_CPI_YoY,中国CPI年率,CN,1999-11-01,-0.6,,-0.6,-3.0317
CN_CPI_YoY,中国CPI年率,CN,1999-12-01,-0.9,,-0.9,-4.5476
CN_CPI_YoY,中国CPI年率,CN,2000-01-01,-1.0,,-1.0,-5.0529
CN_CPI_YoY,中国CPI年率,CN,2000-02-01,-0.2,,-0.2,-1.0106
CN_CPI_YoY,中国CPI年率,CN,2000-03-01,0.7,,0.7,3.537
CN_CPI_YoY,中国CPI年率,CN,2000-04-01,-0.2,,-0.2,-1.0106
CN_CPI_YoY,中国CPI年率,CN,2000-05-01,-0.3,,-0.3,-1.5159
CN_CPI_YoY,中国CPI年率,CN,2000-06-01,0.1,,0.1,0.5053
CN_CPI_YoY,中国CPI年率,CN,2000-07-01,0.5,,0.5,2.5265
CN_CPI_YoY,中国CPI年率,CN,2000-08-01,0.5,,0.5,2.5265
CN_CPI_YoY,中国CPI年率,CN,2000-09-01,0.3,,0.3,1.5159
CN_CPI_YoY,中国CPI年率,CN,2000-10-01,0.0,,0.0,0.0
CN_CPI_YoY,中国CPI年率,CN,2000-11-01,0.0,,0.0,0.0
CN_CPI_YoY,中国CPI年率,CN,2000-12-01,1.3,,1.3,6.5688
CN_CPI_YoY,中国CPI年率,CN,2001-01-01,1.5,,1.5,7.5794
CN_CPI_YoY,中国CPI年率,CN,2001-02-01,1.2,,1.2,6.0635
CN_CPI_YoY,中国CPI年率,CN,2001-03-01,0.0,,0.0,0.0
CN_CPI_YoY,中国CPI年率,CN,2001-04-01,0.8,,0.8,4.0423
CN_CPI_YoY,中国CPI年率,CN,2001-05-01,1.6,,1.6,8.0847
CN_CPI_YoY,中国CPI年率,CN,2001-06-01,1.7,,1.7,8.5899
CN_CPI_YoY,中国CPI年率,CN,2001-07-01,1.4,,1.4,7.0741
CN_CPI_YoY,中国CPI年率,CN,2001-08-01,1.5,,1.5,7.5794
CN_CPI_YoY,中国CPI年率,CN,2001-09-01,1.0,,1.0,5.0529
CN_CPI_YoY,中国CPI年率,CN,2001-10-01,-0.1,,-0.1,-0.5053
CN_CPI_YoY,中国CPI年率,CN,2001-11-01,0.2,,0.2,1.0106
CN_CPI_YoY,中国CPI年率,CN,2001-12-01,-0.3,,-0.3,-1.5159
CN_CPI_YoY,中国CPI年率,CN,2002-01-01,-0.3,,-0.3,-1.5159
CN_CPI_YoY,中国CPI年率,CN,2002-02-01,-1.0,,-1.0,-5.0529
CN_CPI_YoY,中国CPI年率,CN,2002-03-01,0.0,,0.0,0.0
CN_CPI_YoY,中国CPI年率,CN,2002-04-01,-0.8,,-0.8,-4.0423
CN_CPI_YoY,中国CPI年率,CN,2002-05-01,-1.3,,-1.3,-6.5688
CN_CPI_YoY,中国CPI年率,CN,2002-06-01,-1.1,,-1.1,-5.5582
CN_CPI_YoY,中国CPI年率,CN,2002-07-01,-0.8,,-0.8,-4.0423
CN_CPI_YoY,中国CPI年率,CN,2002-08-01,-0.9,,-0.9,-4.5476
CN_CPI_YoY,中国CPI年率,CN,2002-09-01,-0.7,,-0.7,-3.537
CN_CPI_YoY,中国CPI年率,CN,2002-10-01,-0.7,,-0.7,-3.537
CN_CPI_YoY,中国CPI年率,CN,2002-11-01,-0.8,,-0.8,-4.0423
CN_CPI_YoY,中国CPI年率,CN,2002-12-01,-0.7,,-0.7,-3.537
CN_CPI_YoY,中国CPI年率,CN,2003-01-01,-0.4,,-0.4,-2.0212
CN_CPI_YoY,中国CPI年率,CN,2003-02-01,0.4,,0.4,2.0212
CN_CPI_YoY,中国CPI年率,CN,2003-03-01,0.2,,0.2,1.0106
CN_CPI_YoY,中国CPI年率,CN,2003-04-01,0.9,,0.9,4.5476
CN_CPI_YoY,中国CPI年率,CN,2003-05-01,1.0,,1.0,5.0529
CN_CPI_YoY,中国CPI年率,CN,2003-06-01,0.7,,0.7,3.537
CN_CPI_YoY,中国CPI年率,CN,2003-07-01,0.3,,0.3,1.5159
CN_CPI_YoY,中国CPI年率,CN,2003-08-01,0.5,,0.5,2.5265
CN_CPI_YoY,中国CPI年率,CN,2003-09-01,0.9,,0.9,4.5476
CN_CPI_YoY,中国CPI年率,CN,2003-10-01,1.1,,1.1,5.5582
CN_CPI_YoY,中国CPI年率,CN,2003-11-01,1.8,,1.8,9.0952
CN_CPI_YoY,中国CPI年率,CN,2003-12-01,3.0,,3.0,15.1587
CN_CPI_YoY,中国CPI年率,CN,2004-01-01,3.2,,3.2,16.1693
CN_CPI_YoY,中国CPI年率,CN,2004-02-01,3.2,,3.2,16.1693
CN_CPI_YoY,中国CPI年率,CN,2004-03-01,2.1,,2.1,10.6111
CN_CPI_YoY,中国CPI年率,CN,2004-04-01,3.0,,3.0,15.1587
CN_CPI_YoY,中国CPI年率,CN,2004-05-01,3.8,,3.8,19.2011
CN_CPI_YoY,中国CPI年率,CN,2004-06-01,4.4,,4.4,22.2328
CN_CPI_YoY,中国CPI年率,CN,2004-07-01,5.0,,5.0,25.2646
CN_CPI_YoY,中国CPI年率,CN,2004-08-01,5.3,,5.3,26.7804
CN_CPI_YoY,中国CPI年率,CN,2004-09-01,5.3,,5.3,26.7804
CN_CPI_YoY,中国CPI年率,CN,2004-10-01,5.2,,5.2,26.2751
CN_CPI_YoY,中国CPI年率,CN,2004-11-01,4.3,,4.3,21.7275
CN_CPI_YoY,中国CPI年率,CN,2004-12-01,2.9,,2.9,14.6534
CN_CPI_YoY,中国CPI年率,CN,2005-01-01,2.4,,2.4,12.127
CN_CPI_YoY,中国CPI年率,CN,2005-02-01,1.9,,1.9,9.6005
CN_CPI_YoY,中国CPI年率,CN,2005-03-01,4.0,,4.0,20.2116
CN_CPI_YoY,中国CPI年率,CN,2005-04-01,2.7,,2.7,13.6429
CN_CPI_YoY,中国CPI年率,CN,2005-05-01,1.8,,1.8,9.0952
CN_CPI_YoY,中国CPI年率,CN,2005-06-01,1.8,,1.8,9.0952
CN_CPI_YoY,中国CPI年率,CN,2005-07-01,1.6,,1.6,8.0847
CN_CPI_YoY,中国CPI年率,CN,2005-08-01,1.8,,1.8,9.0952
CN_CPI_YoY,中国CPI年率,CN,2005-09-01,1.3,,1.3,6.5688
CN_CPI_YoY,中国CPI年率,CN,2005-10-01,0.9,,0.9,4.5476
CN_CPI_YoY,中国CPI年率,CN,2005-11-01,1.2,,1.2,6.0635
CN_CPI_YoY,中国CPI年率,CN,2005-12-01,1.3,,1.3,6.5688
CN_CPI_YoY,中国CPI年率,CN,2006-01-01,1.6,,1.6,8.0847
CN_CPI_YoY,中国CPI年率,CN,2006-02-01,1.9,,1.9,9.6005
CN_CPI_YoY,中国CPI年率,CN,2006-03-01,0.9,,0.9,4.5476
CN_CPI_YoY,中国CPI年率,CN,2006-04-01,0.8,,0.8,4.0423
CN_CPI_YoY,中国CPI年率,CN,2006-05-01,1.2,,1.2,6.0635
CN_CPI_YoY,中国CPI年率,CN,2006-06-01,1.4,,1.4,7.0741
CN_CPI_YoY,中国CPI年率,CN,2006-07-01,1.5,,1.5,7.5794
CN_CPI_YoY,中国CPI年率,CN,2006-08-01,1.0,,1.0,5.0529
CN_CPI_YoY,中国CPI年率,CN,2006-09-01,1.3,,1.3,6.5688
CN_CPI_YoY,中国CPI年率,CN,2006-10-01,1.5,,1.5,7.5794
CN_CPI_YoY,中国CPI年率,CN,2006-11-01,1.4,,1.4,7.0741
CN_CPI_YoY,中国CPI年率,CN,2006-12-01,1.9,,1.9,9.6005
CN_CPI_YoY,中国CPI年率,CN,2007-01-01,2.8,,2.8,14.1482
CN_CPI_YoY,中国CPI年率,CN,2007-02-01,2.2,,2.2,11.1164
CN_CPI_YoY,中国CPI年率,CN,2007-03-01,2.7,,2.7,13.6429
CN_CPI_YoY,中国CPI年率,CN,2007-04-01,3.3,,3.3,16.6746
CN_CPI_YoY,中国CPI年率,CN,2007-05-01,3.0,,3.0,15.1587
CN_CPI_YoY,中国CPI年率,CN,2007-06-01,3.4,,3.4,17.1799
CN_CPI_YoY,中国CPI年率,CN,2007-07-01,4.4,,4.4,22.2328
CN_CPI_YoY,中国CPI年率,CN,2007-08-01,5.6,,5.6,28.2963
CN_CPI_YoY,中国CPI年率,CN,2007-09-01,6.5,,6.5,32.8439
CN_CPI_YoY,中国CPI年率,CN,2007-10-01,6.2,,6.2,31.3281
CN_CPI_YoY,中国CPI年率,CN,2007-11-01,6.5,,6.5,32.8439
CN_CPI_YoY,中国CPI年率,CN,2007-12-01,6.9,,6.9,34.8651
CN_CPI_YoY,中国CPI年率,CN,2008-01-01,6.5,,6.5,32.8439
CN_CPI_YoY,中国CPI年率,CN,2008-02-01,7.1,,7.1,35.8757
CN_CPI_YoY,中国CPI年率,CN,2008-03-01,8.7,,8.7,43.9603
CN_CPI_YoY,中国CPI年率,CN,2008-04-01,8.3,,8.3,41.9392
CN_CPI_YoY,中国CPI年率,CN,2008-05-01,8.5,,8.5,42.9497
CN_CPI_YoY,中国CPI年率,CN,2008-06-01,7.7,,7.7,38.9074
CN_CPI_YoY,中国CPI年率,CN,2008-07-01,7.1,,7.1,35.8757
CN_CPI_YoY,中国CPI年率,CN,2008-08-01,6.3,,6.3,31.8333
CN_CPI_YoY,中国CPI年率,CN,2008-09-01,4.9,,4.9,24.7593
CN_CPI_YoY,中国CPI年率,CN,2008-10-01,4.6,,4.6,23.2434
CN_CPI_YoY,中国CPI年率,CN,2008-11-01,4.0,,4.0,20.2116
CN_CPI_YoY,中国CPI年率,CN,2008-12-01,2.4,,2.4,12.127
CN_CPI_YoY,中国CPI年率,CN,2009-01-01,1.2,,1.2,6.0635
CN_CPI_YoY,中国CPI年率,CN,2009-02-01,1.0,,1.0,5.0529
CN_CPI_YoY,中国CPI年率,CN,2009-03-01,-1.6,,-1.6,-8.0847
CN_CPI_YoY,中国CPI年率,CN,2009-04-01,-1.2,,-1.2,-6.0635
CN_CPI_YoY,中国CPI年率,CN,2009-05-01,-1.5,,-1.5,-7.5794
CN_CPI_YoY,中国CPI年率,CN,2009-06-01,-1.4,,-1.4,-7.0741
CN_CPI_YoY,中国CPI年率,CN,2009-07-01,-1.7,,-1.7,-8.5899
CN_CPI_YoY,中国CPI年率,CN,2009-08-01,-1.8,,-1.8,-9.0952
CN_CPI_YoY,中国CPI年率,CN,2009-09-01,-1.2,,-1.2,-6.0635
CN_CPI_YoY,中国CPI年率,CN,2009-10-01,-0.8,,-0.8,-4.0423
CN_CPI_YoY,中国CPI年率,CN,2009-11-01,-0.5,,-0.5,-2.5265
CN_CPI_YoY,中国CPI年率,CN,2009-12-01,0.6,,0.6,3.0317
CN_CPI_YoY,中国CPI年率,CN,2010-01-01,1.9,,1.9,9.6005
CN_CPI_YoY,中国CPI年率,CN,2010-02-01,1.5,,1.5,7.5794
CN_CPI_YoY,中国CPI年率,CN,2010-03-01,2.7,,2.7,13.6429
CN_CPI_YoY,中国CPI年率,CN,2010-04-01,2.4,,2.4,12.127
CN_CPI_YoY,中国CPI年率,CN,2010-05-01,2.8,,2.8,14.1482
CN_CPI_YoY,中国CPI年率,CN,2010-06-01,3.1,,3.1,15.664
CN_CPI_YoY,中国CPI年率,CN,2010-07-01,2.9,,2.9,14.6534
CN_CPI_YoY,中国CPI年率,CN,2010-08-01,3.3,,3.3,16.6746
CN_CPI_YoY,中国CPI年率,CN,2010-09-01,3.5,,3.5,17.6852
CN_CPI_YoY,中国CPI年率,CN,2010-10-01,3.6,,3.6,18.1905
CN_CPI_YoY,中国CPI年率,CN,2010-11-01,4.4,,4.4,22.2328
CN_CPI_YoY,中国CPI年率,CN,2010-12-11,5.1,4.7,0.4,2.0212
CN_CPI_YoY,中国CPI年率,CN,2011-01-20,4.6,4.7,-0.1,-0.5053
CN_CPI_YoY,中国CPI年率,CN,2011-02-15,4.9,5.3,-0.4,-2.0212
CN_CPI_YoY,中国CPI年率,CN,2011-03-11,4.9,4.9,0.0,0.0
CN_CPI_YoY,中国CPI年率,CN,2011-04-15,5.4,5.2,0.2,1.0106
CN_CPI_YoY,中国CPI年率,CN,2011-05-11,5.3,5.2,0.1,0.5053
CN_CPI_YoY,中国CPI年率,CN,2011-06-14,5.5,5.5,0.0,0.0
CN_CPI_YoY,中国CPI年率,CN,2011-07-09,6.4,6.3,0.1,0.5053
CN_CPI_YoY,中国CPI年率,CN,2011-08-09,6.5,6.4,0.1,0.5053
CN_CPI_YoY,中国CPI年率,CN,2011-09-09,6.2,6.3,-0.1,-0.5053
CN_CPI_YoY,中国CPI年率,CN,2011-10-14,6.1,6.1,0.0,0.0
CN_CPI_YoY,中国CPI年率,CN,2011-11-09,5.5,5.4,0.1,0.5053
CN_CPI_YoY,中国CPI年率,CN,2011-12-09,4.2,4.6,-0.4,-2.0212
CN_CPI_YoY,中国CPI年率,CN,2012-01-12,4.1,4.0,0.1,0.5053
CN_CPI_YoY,中国CPI年率,CN,2012-02-09,4.5,4.0,0.5,2.5265
CN_CPI_YoY,中国CPI年率,CN,2012-03-09,3.2,3.6,-0.4,-2.0212
CN_CPI_YoY,中国CPI年率,CN,2012-04-09,3.6,3.3,0.3,1.5159
CN_CPI_YoY,中国CPI年率,CN,2012-05-11,3.4,3.3,0.1,0.5053
CN_CPI_YoY,中国CPI年率,CN,2012-06-09,3.0,3.2,-0.2,-1.0106
CN_CPI_YoY,中国CPI年率,CN,2012-07-09,2.2,2.3,-0.1,-0.5053
CN_CPI_YoY,中国CPI年率,CN,2012-08-09,1.8,1.7,0.1,0.5053
CN_CPI_YoY,中国CPI年率,CN,2012-09-09,2.0,2.0,0.0,0.0
CN_CPI_YoY,中国CPI年率,CN,2012-10-15,1.9,1.9,0.0,0.0
CN_CPI_YoY,中国CPI年率,CN,2012-11-09,1.7,1.9,-0.2,-1.0106
CN_CPI_YoY,中国CPI年率,CN,2012-12-09,2.0,2.1,-0.1,-0.5053
CN_CPI_YoY,中国CPI年率,CN,2013-01-11,2.5,2.3,0.2,1.0106
CN_CPI_YoY,中国CPI年率,CN,2013-02-08,2.0,2.0,0.0,0.0
CN_CPI_YoY,中国CPI年率,CN,2013-03-09,3.2,3.0,0.2,1.0106
CN_CPI_YoY,中国CPI年率,CN,2013-04-09,2.1,2.4,-0.3,-1.5159
CN_CPI_YoY,中国CPI年率,CN,2013-05-09,2.4,2.3,0.1,0.5053
CN_CPI_YoY,中国CPI年率,CN,2013-06-09,2.1,2.5,-0.4,-2.0212
CN_CPI_YoY,中国CPI年率,CN,2013-07-09,2.7,2.5,0.2,1.0106
CN_CPI_YoY,中国CPI年率,CN,2013-08-09,2.7,2.8,-0.1,-0.5053
CN_CPI_YoY,中国CPI年率,CN,2013-09-09,2.6,2.6,0.0,0.0
CN_CPI_YoY,中国CPI年率,CN,2013-10-14,3.1,2.9,0.2,1.0106
CN_CPI_YoY,中国CPI年率,CN,2013-11-09,3.2,3.3,-0.1,-0.5053
CN_CPI_YoY,中国CPI年率,CN,2013-12-09,3.0,3.2,-0.2,-1.0106
CN_CPI_YoY,中国CPI年率,CN,2014-01-09,2.5,2.7,-0.2,-1.0106
CN_CPI_YoY,中国CPI年率,CN,2014-02-14,2.5,2.3,0.2,1.0106
CN_CPI_YoY,中国CPI年率,CN,2014-03-09,2.0,2.0,0.0,0.0
CN_CPI_YoY,中国CPI年率,CN,2014-04-11,2.4,2.5,-0.1,-0.5053
CN_CPI_YoY,中国CPI年率,CN,2014-05-09,1.8,2.0,-0.2,-1.0106
CN_CPI_YoY,中国CPI年率,CN,2014-06-10,2.5,2.4,0.1,0.5053
CN_CPI_YoY,中国CPI年率,CN,2014-07-09,2.3,2.4,-0.1,-0.5053
CN_CPI_YoY,中国CPI年率,CN,2014-08-09,2.3,2.3,0.0,0.0
CN_CPI_YoY,中国CPI年率,CN,2014-09-11,2.0,2.2,-0.2,-1.0106
CN_CPI_YoY,中国CPI年率,CN,2014-10-15,1.6,1.7,-0.1,-0.5053
CN_CPI_YoY,中国CPI年率,CN,2014-11-10,1.6,1.6,0.0,0.0
CN_CPI_YoY,中国CPI年率,CN,2014-12-10,1.4,1.6,-0.2,-1.0106
CN_CPI_YoY,中国CPI年率,CN,2015-01-09,1.5,1.5,0.0,0.0
CN_CPI_YoY,中国CPI年率,CN,2015-02-10,0.8,1.0,-0.2,-1.0106
CN_CPI_YoY,中国CPI年率,CN,2015-03-10,1.4,0.9,0.5,2.5265
CN_CPI_YoY,中国CPI年率,CN,2015-04-10,1.4,1.3,0.1,0.5053
CN_CPI_YoY,中国CPI年率,CN,2015-05-09,1.5,1.6,-0.1,-0.5053
CN_CPI_YoY,中国CPI年率,CN,2015-06-09,1.2,1.3,-0.1,-0.5053
CN_CPI_YoY,中国CPI年率,CN,2015-07-09,1.4,1.3,0.1,0.5053
CN_CPI_YoY,中国CPI年率,CN,2015-08-09,1.6,1.5,0.1,0.5053
CN_CPI_YoY,中国CPI年率,CN,2015-09-10,2.0,1.8,0.2,1.0106
CN_CPI_YoY,中国CPI年率,CN,2015-10-14,1.6,1.8,-0.2,-1.0106
CN_CPI_YoY,中国CPI年率,CN,2015-11-10,1.3,1.5,-0.2,-1.0106
CN_CPI_YoY,中国CPI年率,CN,2015-12-09,1.5,1.4,0.1,0.5053
CN_CPI_YoY,中国CPI年率,CN,2016-01-09,1.6,1.6,0.0,0.0
CN_CPI_YoY,中国CPI年率,CN,2016-02-18,1.8,1.9,-0.1,-0.5053
CN_CPI_YoY,中国CPI年率,CN,2016-03-10,2.3,1.9,0.4,2.0212
CN_CPI_YoY,中国CPI年率,CN,2016-04-11,2.3,2.5,-0.2,-1.0106
CN_CPI_YoY,中国CPI年率,CN,2016-05-10,2.3,2.4,-0.1,-0.5053
CN_CPI_YoY,中国CPI年率,CN,2016-06-09,2.0,2.3,-0.3,-1.5159
CN_CPI_YoY,中国CPI年率,CN,2016-07-10,1.9,1.8,0.1,0.5053
CN_CPI_YoY,中国CPI年率,CN,2016-08-09,1.8,1.8,0.0,0.0
CN_CPI_YoY,中国CPI年率,CN,2016-09-09,1.3,1.7,-0.4,-2.0212
CN_CPI_YoY,中国CPI年率,CN,2016-10-14,1.9,1.6,0.3,1.5159
CN_CPI_YoY,中国CPI年率,CN,2016-11-09,2.1,2.1,0.0,0.0
CN_CPI_YoY,中国CPI年率,CN,2016-12-09,2.3,2.2,0.1,0.5053
CN_CPI_YoY,中国CPI年率,CN,2017-01-10,2.1,2.3,-0.2,-1.0106
CN_CPI_YoY,中国CPI年率,CN,2017-02-14,2.5,2.4,0.1,0.5053
CN_CPI_YoY,中国CPI年率,CN,2017-03-09,0.8,1.7,-0.9,-4.5476
CN_CPI_YoY,中国CPI年率,CN,2017-04-12,0.9,1.0,-0.1,-0.5053
CN_CPI_YoY,中国CPI年率,CN,2017-05-10,1.2,1.1,0.1,0.5053
CN_CPI_YoY,中国CPI年率,CN,2017-06-09,1.5,1.5,0.0,0.0
CN_CPI_YoY,中国CPI年率,CN,2017-07-10,1.5,1.5,0.0,0.0
CN_CPI_YoY,中国CPI年率,CN,2017-08-09,1.4,1.5,-0.1,-0.5053
CN_CPI_YoY,中国CPI年率,CN,2017-09-09,1.8,1.6,0.2,1.0106
CN_CPI_YoY,中国CPI年率,CN,2017-10-16,1.6,1.6,0.0,0.0
CN_CPI_YoY,中国CPI年率,CN,2017-11-09,1.9,1.8,0.1,0.5053
CN_CPI_YoY,中国CPI年率,CN,2017-12-09,1.7,1.8,-0.1,-0.5053
CN_CPI_YoY,中国CPI年率,CN,2018-01-10,1.8,1.9,-0.1,-0.5053
CN_CPI_YoY,中国CPI年率,CN,2018-02-09,1.5,1.5,0.0,0.0
CN_CPI_YoY,中国CPI年率,CN,2018-03-09,2.9,2.5,0.4,2.0212
CN_CPI_YoY,中国CPI年率,CN,2018-04-11,2.1,2.6,-0.5,-2.5265
CN_CPI_YoY,中国CPI年率,CN,2018-05-10,1.8,1.9,-0.1,-0.5053
CN_CPI_YoY,中国CPI年率,CN,2018-06-09,1.8,1.8,0.0,0.0
CN_CPI_YoY,中国CPI年率,CN,2018-07-10,1.9,1.9,0.0,0.0
CN_CPI_YoY,中国CPI年率,CN,2018-08-09,2.1,2.0,0.1,0.5053
CN_CPI_YoY,中国CPI年率,CN,2018-09-10,2.3,2.2,0.1,0.5053
CN_CPI_YoY,中国CPI年率,CN,2018-10-16,2.5,2.5,0.0,0.0
CN_CPI_YoY,中国CPI年率,CN,2018-11-09,2.5,2.5,0.0,0.0
CN_CPI_YoY,中国CPI年率,CN,2018-12-09,2.2,2.4,-0.2,-1.0106
CN_CPI_YoY,中国CPI年率,CN,2019-01-10,1.9,2.1,-0.2,-1.0106
CN_CPI_YoY,中国CPI年率,CN,2019-02-15,1.7,1.9,-0.2,-1.0106
CN_CPI_YoY,中国CPI年率,CN,2019-03-09,1.5,1.5,0.0,0.0
CN_CPI_YoY,中国CPI年率,CN,2019-04-11,2.3,2.3,0.0,0.0
CN_CPI_YoY,中国CPI年率,CN,2019-05-09,2.5,2.5,0.0,0.0
CN_CPI_YoY,中国CPI年率,CN,2019-06-12,2.7,2.7,0.0,0.0
CN_CPI_YoY,中国CPI年率,CN,2019-07-10,2.7,2.7,0.0,0.0
CN_CPI_YoY,中国CPI年率,CN,2019-08-09,2.8,2.7,0.1,0.5053
CN_CPI_YoY,中国CPI年率,CN,2019-09-10,2.8,2.6,0.2,1.0106
CN_CPI_YoY,中国CPI年率,CN,2019-10-15,3.0,2.9,0.1,0.5053
CN_CPI_YoY,中国CPI年率,CN,2019-11-09,3.8,3.3,0.5,2.5265
CN_CPI_YoY,中国CPI年率,CN,2019-12-10,4.5,4.5,0.0,0.0
CN_CPI_YoY,中国CPI年率,CN,2020-01-09,4.5,4.7,-0.2,-1.0106
CN_CPI_YoY,中国CPI年率,CN,2020-02-10,5.4,4.9,0.5,2.5265
CN_CPI_YoY,中国CPI年率,CN,2020-03-10,5.2,5.2,0.0,0.0
CN_CPI_YoY,中国CPI年率,CN,2020-04-10,4.3,4.8,-0.5,-2.5265
CN_CPI_YoY,中国CPI年率,CN,2020-05-12,3.3,3.7,-0.4,-2.0212
CN_CPI_YoY,中国CPI年率,CN,2020-06-10,2.4,2.7,-0.3,-1.5159
CN_CPI_YoY,中国CPI年率,CN,2020-07-09,2.5,2.5,0.0,0.0
CN_CPI_YoY,中国CPI年率,CN,2020-08-10,2.7,2.6,0.1,0.5053
CN_CPI_YoY,中国CPI年率,CN,2020-09-09,2.4,2.4,0.0,0.0
CN_CPI_YoY,中国CPI年率,CN,2020-10-15,1.7,1.8,-0.1,-0.5053
CN_CPI_YoY,中国CPI年率,CN,2020-11-10,0.5,0.8,-0.3,-1.5159
CN_CPI_YoY,中国CPI年率,CN,2020-12-09,-0.5,0.8,-1.3,-6.5688
CN_CPI_YoY,中国CPI年率,CN,2021-01-11,0.2,0.1,0.1,0.5053
CN_CPI_YoY,中国CPI年率,CN,2021-02-10,-0.3,-0.1,-0.2,-1.0106
CN_CPI_YoY,中国CPI年率,CN,2021-03-10,-0.2,-0.4,0.2,1.0106
CN_CPI_YoY,中国CPI年率,CN,2021-04-09,0.4,0.3,0.1,0.5053
CN_CPI_YoY,中国CPI年率,CN,2021-05-11,0.9,1.0,-0.1,-0.5053
CN_CPI_YoY,中国CPI年率,CN,2021-06-09,1.3,1.6,-0.3,-1.5159
CN_CPI_YoY,中国CPI年率,CN,2021-07-09,1.1,1.3,-0.2,-1.0106
CN_CPI_YoY,中国CPI年率,CN,2021-08-09,1.0,0.8,0.2,1.0106
CN_CPI_YoY,中国CPI年率,CN,2021-09-09,0.8,1.0,-0.2,-1.0106
CN_CPI_YoY,中国CPI年率,CN,2021-10-14,0.7,0.9,-0.2,-1.0106
CN_CPI_YoY,中国CPI年率,CN,2021-11-10,1.5,1.4,0.1,0.5053
CN_CPI_YoY,中国CPI年率,CN,2021-12-09,2.3,2.5,-0.2,-1.0106
CN_CPI_YoY,中国CPI年率,CN,2022-01-12,1.5,1.8,-0.3,-1.5159
CN_CPI_YoY,中国CPI年率,CN,2022-02-16,0.9,1.0,-0.1,-0.5053
CN_CPI_YoY,中国CPI年率,CN,2022-03-09,0.9,0.9,0.0,0.0
CN_CPI_YoY,中国CPI年率,CN,2022-04-11,1.5,1.2,0.3,1.5159
CN_CPI_YoY,中国CPI年率,CN,2022-05-11,2.1,1.8,0.3,1.5159
CN_CPI_YoY,中国CPI年率,CN,2022-06-10,2.1,2.2,-0.1,-0.5053
CN_CPI_YoY,中国CPI年率,CN,2022-07-09,2.5,2.4,0.1,0.5053
CN_CPI_YoY,中国CPI年率,CN,2022-08-10,2.7,2.9,-0.2,-1.0106
CN_CPI_YoY,中国CPI年率,CN,2022-09-09,2.5,2.8,-0.3,-1.5159
CN_CPI_YoY,中国CPI年率,CN,2022-10-14,2.8,2.8,0.0,0.0
CN_CPI_YoY,中国CPI年率,CN,2022-11-09,2.1,2.4,-0.3,-1.5159
CN_CPI_YoY,中国CPI年率,CN,2022-12-09,1.6,1.6,0.0,0.0
CN_CPI_YoY,中国CPI年率,CN,2023-01-12,1.8,1.8,0.0,0.0
CN_CPI_YoY,中国CPI年率,CN,2023-02-10,2.1,2.2,-0.1,-0.5053
CN_CPI_YoY,中国CPI年率,CN,2023-03-09,1.0,1.9,-0.9,-4.5476
CN_CPI_YoY,中国CPI年率,CN,2023-04-11,0.7,1.0,-0.3,-1.5159
CN_CPI_YoY,中国CPI年率,CN,2023-05-11,0.1,0.4,-0.3,-1.5159
CN_CPI_YoY,中国CPI年率,CN,2023-06-09,0.2,0.3,-0.1,-0.5053
CN_CPI_YoY,中国CPI年率,CN,2023-07-10,0.0,0.2,-0.2,-1.0106
CN_CPI_YoY,中国CPI年率,CN,2023-08-09,-0.3,-0.4,0.1,0.5053
CN_CPI_YoY,中国CPI年率,CN,2023-09-09,0.1,0.1,0.0,0.0
CN_CPI_YoY,中国CPI年率,CN,2023-10-13,0.0,0.2,-0.2,-1.0106
CN_CPI_YoY,中国CPI年率,CN,2023-11-09,-0.2,-0.1,-0.1,-0.5053
CN_CPI_YoY,中国CPI年率,CN,2023-12-09,-0.5,-0.1,-0.4,-2.0212
CN_CPI_YoY,中国CPI年率,CN,2024-01-12,-0.3,-0.4,0.1,0.5053
CN_CPI_YoY,中国CPI年率,CN,2024-02-08,-0.8,-0.5,-0.3,-1.5159
CN_CPI_YoY,中国CPI年率,CN,2024-03-09,0.7,0.3,0.4,2.0212
CN_CPI_YoY,中国CPI年率,CN,2024-04-11,0.1,0.4,-0.3,-1.5159
CN_CPI_YoY,中国CPI年率,CN,2024-05-11,0.3,0.1,0.2,1.0106
CN_CPI_YoY,中国CPI年率,CN,2024-06-12,0.3,0.4,-0.1,-0.5053
CN_CPI_YoY,中国CPI年率,CN,2024-07-10,0.2,0.4,-0.2,-1.0106
CN_CPI_YoY,中国CPI年率,CN,2024-08-09,0.5,0.3,0.2,1.0106
CN_CPI_YoY,中国CPI年率,CN,2024-09-09,0.6,0.7,-0.1,-0.5053
CN_CPI_YoY,中国CPI年率,CN,2024-10-13,0.4,0.6,-0.2,-1.0106
CN_CPI_YoY,中国CPI年率,CN,2024-11-09,0.3,0.3,0.0,0.0
CN_CPI_YoY,中国CPI年率,CN,2024-12-09,0.2,0.5,-0.3,-1.5159
CN_CPI_YoY,中国CPI年率,CN,2025-01-09,0.1,0.1,0.0,0.0
CN_CPI_YoY,中国CPI年率,CN,2025-02-09,0.5,0.4,0.1,0.5053
CN_CPI_YoY,中国CPI年率,CN,2025-03-09,-0.7,-0.4,-0.3,-1.5159
CN_CPI_YoY,中国CPI年率,CN,2025-04-10,-0.1,0.0,-0.1,-0.5053
CN_CPI_YoY,中国CPI年率,CN,2025-05-10,-0.1,-0.1,0.0,0.0
CN_CPI_YoY,中国CPI年率,CN,2025-06-09,-0.1,-0.2,0.1,0.5053
CN_CPI_YoY,中国CPI年率,CN,2025-07-09,0.1,-0.1,0.2,1.0106
CN_CPI_YoY,中国CPI年率,CN,2025-08-09,0.0,-0.1,0.1,0.5053
CN_GDP_YoY,中国GDP年率,CN,2011-01-20,9.8,9.5,0.3,0.2647
CN_GDP_YoY,中国GDP年率,CN,2011-04-15,9.7,9.4,0.3,0.2647
CN_GDP_YoY,中国GDP年率,CN,2011-07-13,9.5,9.5,0.0,0.0
CN_GDP_YoY,中国GDP年率,CN,2011-10-18,9.1,9.2,-0.1,-0.0882
CN_GDP_YoY,中国GDP年率,CN,2012-01-17,8.9,8.8,0.1,0.0882
CN_GDP_YoY,中国GDP年率,CN,2012-04-13,8.1,8.3,-0.2,-0.1765
CN_GDP_YoY,中国GDP年率,CN,2012-07-13,7.6,7.6,0.0,0.0
CN_GDP_YoY,中国GDP年率,CN,2012-10-18,7.4,7.4,0.0,0.0
CN_GDP_YoY,中国GDP年率,CN,2013-01-18,7.9,7.8,0.1,0.0882
CN_GDP_YoY,中国GDP年率,CN,2013-04-15,7.7,8.0,-0.3,-0.2647
CN_GDP_YoY,中国GDP年率,CN,2013-07-15,7.5,7.5,0.0,0.0
CN_GDP_YoY,中国GDP年率,CN,2013-10-18,7.8,7.8,0.0,0.0
CN_GDP_YoY,中国GDP年率,CN,2014-01-20,7.7,7.6,0.1,0.0882
CN_GDP_YoY,中国GDP年率,CN,2014-04-16,7.4,7.3,0.1,0.0882
CN_GDP_YoY,中国GDP年率,CN,2014-07-16,7.5,7.4,0.1,0.0882
CN_GDP_YoY,中国GDP年率,CN,2014-10-21,7.3,7.2,0.1,0.0882
CN_GDP_YoY,中国GDP年率,CN,2015-01-20,7.3,7.2,0.1,0.0882
CN_GDP_YoY,中国GDP年率,CN,2015-04-15,7.0,7.0,0.0,0.0
CN_GDP_YoY,中国GDP年率,CN,2015-07-15,7.0,6.9,0.1,0.0882
CN_GDP_YoY,中国GDP年率,CN,2015-10-19,6.9,6.8,0.1,0.0882
CN_GDP_YoY,中国GDP年率,CN,2016-01-19,6.8,6.8,0.0,0.0
CN_GDP_YoY,中国GDP年率,CN,2016-04-15,6.7,6.7,0.0,0.0
CN_GDP_YoY,中国GDP年率,CN,2016-07-15,6.7,6.6,0.1,0.0882
CN_GDP_YoY,中国GDP年率,CN,2016-10-19,6.7,6.7,0.0,0.0
CN_GDP_YoY,中国GDP年率,CN,2017-01-20,6.8,6.7,0.1,0.0882
CN_GDP_YoY,中国GDP年率,CN,2017-04-17,6.9,6.8,0.1,0.0882
CN_GDP_YoY,中国GDP年率,CN,2017-07-17,6.9,6.8,0.1,0.0882
CN_GDP_YoY,中国GDP年率,CN,2017-10-19,6.8,6.8,0.0,0.0
CN_GDP_YoY,中国GDP年率,CN,2018-01-18,6.8,6.7,0.1,0.0882
CN_GDP_YoY,中国GDP年率,CN,2018-04-17,6.8,6.8,0.0,0.0
CN_GDP_YoY,中国GDP年率,CN,2018-07-16,6.7,6.7,0.0,0.0
CN_GDP_YoY,中国GDP年率,CN,2018-10-19,6.5,6.6,-0.1,-0.0882
CN_GDP_YoY,中国GDP年率,CN,2019-01-21,6.4,6.4,0.0,0.0
CN_GDP_YoY,中国GDP年率,CN,2019-04-17,6.4,6.3,0.1,0.0882
CN_GDP_YoY,中国GDP年率,CN,2019-07-15,6.2,6.2,0.0,0.0
CN_GDP_YoY,中国GDP年率,CN,2019-10-18,6.0,6.1,-0.1,-0.0882
CN_GDP_YoY,中国GDP年率,CN,2020-01-17,6.0,6.0,0.0,0.0
CN_GDP_YoY,中国GDP年率,CN,2020-04-17,-6.8,-6.5,-0.3,-0.2647
CN_GDP_YoY,中国GDP年率,CN,2020-07-16,3.2,2.5,0.7,0.6176
CN_GDP_YoY,中国GDP年率,CN,2020-10-19,4.9,5.2,-0.3,-0.2647
CN_GDP_YoY,中国GDP年率,CN,2021-01-18,6.5,6.1,0.4,0.3529
CN_GDP_YoY,中国GDP年率,CN,2021-04-16,18.3,19.0,-0.7,-0.6176
CN_GDP_YoY,中国GDP年率,CN,2021-07-15,7.9,8.1,-0.2,-0.1765
CN_GDP_YoY,中国GDP年率,CN,2021-10-18,4.9,5.2,-0.3,-0.2647
CN_GDP_YoY,中国GDP年率,CN,2022-01-17,4.0,3.6,0.4,0.3529
CN_GDP_YoY,中国GDP年率,CN,2022-04-18,4.8,4.4,0.4,0.3529
CN_GDP_YoY,中国GDP年率,CN,2022-07-15,0.4,1.0,-0.6,-0.5294
CN_GDP_YoY,中国GDP年率,CN,2022-10-24,3.9,3.4,0.5,0.4411
CN_GDP_YoY,中国GDP年率,CN,2023-01-17,2.9,1.8,1.1,0.9705
CN_GDP_YoY,中国GDP年率,CN,2023-04-18,4.5,4.0,0.5,0.4411
CN_GDP_YoY,中国GDP年率,CN,2023-07-17,6.3,7.3,-1.0,-0.8823
CN_GDP_YoY,中国GDP年率,CN,2023-10-18,4.9,4.4,0.5,0.4411
CN_GDP_YoY,中国GDP年率,CN,2024-01-17,5.2,5.3,-0.1,-0.0882
CN_GDP_YoY,中国GDP年率,CN,2024-04-16,5.3,4.8,0.5,0.4411
CN_GDP_YoY,中国GDP年率,CN,2024-07-15,4.7,5.1,-0.4,-0.3529
CN_GDP_YoY,中国GDP年率,CN,2024-10-18,4.6,4.6,0.0,0.0
CN_GDP_YoY,中国GDP年率,CN,2025-01-17,5.4,5.0,0.4,0.3529
CN_GDP_YoY,中国GDP年率,CN,2025-04-16,5.4,5.2,0.2,0.1765
CN_GDP_YoY,中国GDP年率,CN,2025-07-15,5.2,,5.2,4.5877
