ts,source,key,value,delta,streak
2026-09-10 17:01:50,hl_xyz,xyz:AAOI,106.605,,
2026-09-10 17:01:50,hl_xyz,xyz:AAPL,319.005,,
2026-09-10 17:01:50,hl_xyz,xyz:ALUMINIUM,3080.0,,
2026-09-10 17:01:50,hl_xyz,xyz:AMAT,464.275,,
2026-09-10 17:01:50,hl_xyz,xyz:AMD,518.53,,
2026-09-10 17:01:50,hl_xyz,xyz:AMZN,252.8,,
2026-09-10 17:01:50,hl_xyz,xyz:ARM,262.125,,
2026-09-10 17:01:50,hl_xyz,xyz:ASML,1713.85,,
2026-09-10 17:01:50,hl_xyz,xyz:AVGO,362.515,,
2026-09-10 17:01:50,hl_xyz,xyz:BABA,109.055,,
2026-09-10 17:01:50,hl_xyz,xyz:BB,7.68965,,
2026-09-10 17:01:50,hl_xyz,xyz:BE,263.485,,
2026-09-10 17:01:50,hl_xyz,xyz:BIRD,2.49215,,
2026-09-10 17:01:50,hl_xyz,xyz:BMNR,24.1845,,
2026-09-10 17:01:50,hl_xyz,xyz:BOT,27.082,,
2026-09-10 17:01:50,hl_xyz,xyz:BRENTOIL,99.886,,
2026-09-10 17:01:50,hl_xyz,xyz:BX,130.085,,
2026-09-10 17:01:50,hl_xyz,xyz:CBRS,193.675,,
2026-09-10 17:01:50,hl_xyz,xyz:CL,95.38,,
2026-09-10 17:01:50,hl_xyz,xyz:COIN,174.27,,
2026-09-10 17:01:50,hl_xyz,xyz:COPPER,6.8217,,
2026-09-10 17:01:50,hl_xyz,xyz:CORN,4.61,,
2026-09-10 17:01:50,hl_xyz,xyz:COST,905.07,,
2026-09-10 17:01:50,hl_xyz,xyz:CRCL,91.907,,
2026-09-10 17:01:50,hl_xyz,xyz:CRWD,207.82,,
2026-09-10 17:01:50,hl_xyz,xyz:CRWV,91.8805,,
2026-09-10 17:01:50,hl_xyz,xyz:CXMT,8.3806,,
2026-09-10 17:01:50,hl_xyz,xyz:DELL,531.625,,
2026-09-10 17:01:50,hl_xyz,xyz:DKNG,23.736,,
2026-09-10 17:01:50,hl_xyz,xyz:DRAM,60.8215,,
2026-09-10 17:01:50,hl_xyz,xyz:DXY,97.15,,
2026-09-10 17:01:50,hl_xyz,xyz:EBAY,103.945,,
2026-09-10 17:01:50,hl_xyz,xyz:EUR,1.16475,,
2026-09-10 17:01:50,hl_xyz,xyz:EWJ,98.106,,
2026-09-10 17:01:50,hl_xyz,xyz:EWT,111.165,,
2026-09-10 17:01:50,hl_xyz,xyz:EWY,189.75,,
2026-09-10 17:01:50,hl_xyz,xyz:EWZ,38.084,,
2026-09-10 17:01:50,hl_xyz,xyz:GBP,1.35555,,
2026-09-10 17:01:50,hl_xyz,xyz:GEV,951.05,,
2026-09-10 17:01:50,hl_xyz,xyz:GIGADEV,56.3925,,
2026-09-10 17:01:50,hl_xyz,xyz:GME,20.0435,,
2026-09-10 17:01:50,hl_xyz,xyz:GOLD,4396.85,,
2026-09-10 17:01:50,hl_xyz,xyz:GOOGL,331.315,,
2026-09-10 17:01:50,hl_xyz,xyz:H100,2.6,,
2026-09-10 17:01:50,hl_xyz,xyz:HIMS,27.844,,
2026-09-10 17:01:50,hl_xyz,xyz:HOOD,114.705,,
2026-09-10 17:01:50,hl_xyz,xyz:HYUNDAI,289.28,,
2026-09-10 17:01:50,hl_xyz,xyz:IBIDEN,132.8,,
2026-09-10 17:01:50,hl_xyz,xyz:IBM,239.245,,
2026-09-10 17:01:50,hl_xyz,xyz:IBOV,175000.0,,
2026-09-10 17:01:50,hl_xyz,xyz:INTC,104.695,,
2026-09-10 17:01:50,hl_xyz,xyz:IREN,44.7185,,
2026-09-10 17:01:50,hl_xyz,xyz:JP225,64863.5,,
2026-09-10 17:01:50,hl_xyz,xyz:JPY,153.55,,
2026-09-10 17:01:50,hl_xyz,xyz:KIOXIA,375.505,,
2026-09-10 17:01:50,hl_xyz,xyz:KORU,23.7635,,
2026-09-10 17:01:50,hl_xyz,xyz:KR200,1103.4,,
2026-09-10 17:01:50,hl_xyz,xyz:KRW,1341.7,,
2026-09-10 17:01:50,hl_xyz,xyz:KSTR,22.98,,
2026-09-10 17:01:50,hl_xyz,xyz:LITE,980.865,,
2026-09-10 17:01:50,hl_xyz,xyz:LLY,1131.05,,
2026-09-10 17:01:50,hl_xyz,xyz:LYTE,25.2325,,
2026-09-10 17:01:50,hl_xyz,xyz:MAGS,69.238,,
2026-09-10 17:01:50,hl_xyz,xyz:META,657.68,,
2026-09-10 17:01:50,hl_xyz,xyz:MINIMAX,37.309,,
2026-09-10 17:01:50,hl_xyz,xyz:MRNA,137.27,,
2026-09-10 17:01:50,hl_xyz,xyz:MRVL,232.195,,
2026-09-10 17:01:50,hl_xyz,xyz:MSFT,492.04,,
2026-09-10 17:01:50,hl_xyz,xyz:MSTR,131.965,,
2026-09-10 17:01:50,hl_xyz,xyz:MU,1019.25,,
2026-09-10 17:01:50,hl_xyz,xyz:NATGAS,2.8457,,
2026-09-10 17:01:50,hl_xyz,xyz:NBIS,234.32,,
2026-09-10 17:01:50,hl_xyz,xyz:NCLD,24.716,,
2026-09-10 17:01:50,hl_xyz,xyz:NET,313.25,,
2026-09-10 17:01:50,hl_xyz,xyz:NFLX,76.525,,
2026-09-10 17:01:50,hl_xyz,xyz:NIFTY,24250.0,,
2026-09-10 17:01:50,hl_xyz,xyz:NOK,10.785,,
2026-09-10 17:01:50,hl_xyz,xyz:NOW,131.695,,
2026-09-10 17:01:50,hl_xyz,xyz:NVDA,223.2,,
2026-09-10 17:01:50,hl_xyz,xyz:ORCL,160.985,,
2026-09-10 17:01:50,hl_xyz,xyz:PALLADIUM,1352.05,,
2026-09-10 17:01:50,hl_xyz,xyz:PLATINUM,1867.9,,
2026-09-10 17:01:50,hl_xyz,xyz:PLTR,169.0,,
2026-09-10 17:01:50,hl_xyz,xyz:PURRDAT,11.7625,,
2026-09-10 17:01:50,hl_xyz,xyz:QCOM,175.42,,
2026-09-10 17:01:50,hl_xyz,xyz:QNT,49.2375,,
2026-09-10 17:01:50,hl_xyz,xyz:RDDT,147.225,,
2026-09-10 17:01:50,hl_xyz,xyz:RIVN,16.041,,
2026-09-10 17:01:50,hl_xyz,xyz:RKLB,63.134,,
2026-09-10 17:01:50,hl_xyz,xyz:SHAZ,57.253,,
2026-09-10 17:01:50,hl_xyz,xyz:SHEIN,5.2178,,
2026-09-10 17:01:50,hl_xyz,xyz:SILVER,66.7235,,
2026-09-10 17:01:50,hl_xyz,xyz:SKHX,1375.45,,
2026-09-10 17:01:50,hl_xyz,xyz:SKHY,191.695,,
2026-09-10 17:01:50,hl_xyz,xyz:SMH,572.035,,
2026-09-10 17:01:50,hl_xyz,xyz:SMSN,198.96,,
2026-09-10 17:01:50,hl_xyz,xyz:SNDK,1750.05,,
2026-09-10 17:01:50,hl_xyz,xyz:SOFTBANK,44.123,,
2026-09-10 17:01:50,hl_xyz,xyz:SOXL,122.97,,
2026-09-10 17:01:50,hl_xyz,xyz:SP500,7646.15,,
2026-09-10 17:01:50,hl_xyz,xyz:SPCX,146.915,,
2026-09-10 17:01:50,hl_xyz,xyz:STRC,97.8815,,
2026-09-10 17:01:50,hl_xyz,xyz:TSLA,365.84,,
2026-09-10 17:01:50,hl_xyz,xyz:TSM,434.81,,
2026-09-10 17:01:50,hl_xyz,xyz:TTF,57.0,,
2026-09-10 17:01:50,hl_xyz,xyz:UNITREE,74.1315,,
2026-09-10 17:01:50,hl_xyz,xyz:URANIUM,85.0,,
2026-09-10 17:01:50,hl_xyz,xyz:URNM,56.575,,
2026-09-10 17:01:50,hl_xyz,xyz:USAR,17.103,,
2026-09-10 17:01:50,hl_xyz,xyz:VIX,20.0,,
2026-09-10 17:01:50,hl_xyz,xyz:VOL,15.0,,
2026-09-10 17:01:50,hl_xyz,xyz:WDC,477.77,,
2026-09-10 17:01:50,hl_xyz,xyz:WHEAT,6.3,,
2026-09-10 17:01:50,hl_xyz,xyz:XBI,159.22,,
2026-09-10 17:01:50,hl_xyz,xyz:XLE,65.78,,
2026-09-10 17:01:50,hl_xyz,xyz:XYZ100,29386.5,,
2026-09-10 17:01:50,hl_xyz,xyz:YMTC,10.0,,
2026-09-10 17:01:50,hl_xyz,xyz:ZHIPU,104.475,,
2026-09-10 17:01:50,hl_xyz,xyz:ZM,96.843,,
2026-09-10 17:01:50,hl_ctx,xyz:NVDA:funding,6e-06,,
2026-09-10 17:01:50,hl_ctx,xyz:AMD:funding,6e-06,,
2026-09-10 17:01:50,hl_ctx,xyz:AVGO:funding,6e-06,,
2026-09-10 17:01:50,hl_ctx,xyz:TSM:funding,6e-06,,
2026-09-10 17:01:50,hl_ctx,xyz:SMH:funding,6.7e-05,,
2026-09-10 17:01:50,hl_ctx,xyz:AMZN:funding,6e-06,,
2026-09-10 17:01:50,hl_ctx,xyz:META:funding,6e-06,,
2026-09-10 17:01:50,hl_ctx,xyz:MSFT:funding,6e-06,,
2026-09-10 17:01:50,hl_ctx,xyz:GOOGL:funding,1.4e-05,,
2026-09-10 17:01:50,hl_ctx,xyz:BABA:funding,4e-06,,
2026-09-10 17:01:50,hl_ctx,xyz:COIN:funding,9e-06,,
2026-09-10 17:01:50,hl_ctx,xyz:XYZ100:funding,6e-06,,
2026-09-10 17:01:50,hl_ctx,xyz:DXY:funding,0.0,,
2026-09-10 17:01:50,hl_ctx,xyz:JPY:funding,-1.2e-05,,
2026-09-10 17:01:50,hl_ctx,xyz:VIX:funding,0.0,,
2026-09-10 17:01:50,hl_ctx,xyz:JP225:funding,-6e-06,,
2026-09-10 17:01:50,hl_ctx,xyz:BRENTOIL:funding,-0.000359,,
2026-09-10 17:01:50,hl_ctx,xyz:NATGAS:funding,0.000298,,
2026-09-10 17:01:50,hl_ctx,xyz:COPPER:funding,3.2e-05,,
2026-09-10 17:01:50,hl_ctx,xyz:GOLD:funding,2.4e-05,,
2026-09-10 17:01:50,hl_main,BTC,78113.5,,
2026-09-10 17:01:50,hl_main,ETH,2471.15,,
2026-09-10 17:01:50,hl_main,SOL,101.165,,
2026-09-10 17:01:50,hl_event,#12090,0.33201,,
2026-09-10 17:01:50,hl_event,#12091,0.66799,,
2026-09-10 17:01:50,hl_event,#12100,0.0247,,
2026-09-10 17:01:50,hl_event,#12101,0.9753,,
2026-09-10 17:01:50,hl_event,#12110,0.028615,,
2026-09-10 17:01:50,hl_event,#12111,0.971385,,
2026-09-10 17:01:50,hl_event,#12120,0.08839,,
2026-09-10 17:01:50,hl_event,#12121,0.91161,,
2026-09-10 17:01:50,treasury,fred:UST2Y,4.43,,
2026-09-10 17:01:50,treasury,fred:UST10Y,4.83,,
2026-09-10 17:01:50,treasury,fred:UST20Y,5.28,,
2026-09-10 17:01:50,fred,fred:UST30Y,5.25,,
2026-09-10 17:01:50,fred,fred:UST10Y2Y,0.4,,
2026-09-10 17:01:50,fred,fred:FEDFUNDS,3.75,,
2026-09-10 17:01:50,fred,fred:HY_OAS,2.67,,
2026-09-10 17:01:50,fred,fred:VIX,15.72,,
2026-09-10 17:01:50,fred,fred:WALCL,6737204.0,,
2026-09-10 17:01:50,fred,fred:RRP,0.432,,
2026-09-10 17:01:50,fred,fred:TGA,967935.0,,
2026-09-10 17:01:50,fred,fred:SOFR,3.64,,
2026-09-10 17:01:50,fred,fred:T10YIE,2.37,,
2026-09-10 17:01:50,fred,fred:WTI,91.48,,
2026-09-10 17:01:50,fred,fred:IG_OAS,0.81,,
2026-09-10 17:01:50,yahoo,fx:USDCNH,6.7052,,
2026-09-10 17:01:50,yahoo,idx:HSI,24954.47,,
2026-09-10 17:01:50,yahoo,idx:MOVE,76.741,,
2026-09-10 17:01:50,yahoo,cm:GOLD_FUT,4439.5,,
2026-09-10 17:01:50,yahoo,cm:COPPER_FUT,6.8175,,
2026-09-10 17:01:50,cnbond,bond:CN10Y,1.6816,,
2026-09-10 17:01:50,cnbond,bond:CN30Y,2.1375,,
2026-09-10 17:01:50,chinamoney,fx:USDCNY,6.70605,,
2026-09-10 17:01:50,cftc,cot:JPY_LEV_NET,-102188.0,,
2026-09-10 17:01:50,cftc,cot:JPY_LEV_LONG,58529.0,,
2026-09-10 17:01:50,cftc,cot:JPY_LEV_SHORT,160717.0,,
2026-09-10 17:01:50,cftc,cot:JPY_DEALER_NET,79321.0,,
2026-09-10 17:01:50,cftc,cot:JPY_OI,411882.0,,
2026-09-10 17:03:09,social,social:AAPL:mentions,140.0,,
2026-09-10 17:03:09,social,social:AAPL:rank,2.0,,
2026-09-10 17:03:09,social,social:META:mentions,136.0,,
2026-09-10 17:03:09,social,social:META:rank,3.0,,
2026-09-10 17:03:09,social,social:GOOGL:mentions,75.0,,
2026-09-10 17:03:09,social,social:GOOGL:rank,5.0,,
2026-09-10 17:03:09,social,social:NVDA:mentions,75.0,,
2026-09-10 17:03:09,social,social:NVDA:rank,6.0,,
2026-09-10 17:03:09,social,social:TSLA:mentions,41.0,,
2026-09-10 17:03:09,social,social:TSLA:rank,15.0,,
2026-09-10 17:03:09,social,social:AMD:mentions,37.0,,
2026-09-10 17:03:09,social,social:AMD:rank,18.0,,
2026-09-10 17:03:09,social,social:AMZN:mentions,36.0,,
2026-09-10 17:03:09,social,social:AMZN:rank,20.0,,
2026-09-10 17:03:09,social,social:MSFT:mentions,32.0,,
2026-09-10 17:03:09,social,social:MSFT:rank,21.0,,
2026-09-10 17:03:09,social,social:AVGO:mentions,17.0,,
2026-09-10 17:03:09,social,social:AVGO:rank,34.0,,
2026-09-10 17:03:09,social,social:SMH:mentions,6.0,,
2026-09-10 17:03:09,social,social:SMH:rank,84.0,,
2026-09-10 17:03:09,social,social:TSM:mentions,1.0,,
2026-09-10 17:03:09,social,social:TSM:rank,186.0,,
2026-09-10 17:03:09,social,social:BABA:mentions,1.0,,
2026-09-10 17:03:09,social,social:BABA:rank,296.0,,
2026-09-10 17:03:09,social,social:KLAR:mentions,12.0,,
2026-09-10 17:03:09,social,social:KLAR:rank,49.0,,
2026-09-10 17:03:09,social,social:HELP:mentions,4.0,,
2026-09-10 17:03:09,social,social:HELP:rank,100.0,,
2026-09-10 17:03:09,social,social:BATL:mentions,14.0,,
2026-09-10 17:03:09,social,social:BATL:rank,38.0,,
2026-09-10 17:03:09,social,social:BULL:mentions,4.0,,
2026-09-10 17:03:09,social,social:BULL:rank,113.0,,
2026-09-10 17:03:09,social,social:DFTX:mentions,3.0,,
2026-09-10 17:03:09,social,social:DFTX:rank,135.0,,
2026-09-10 17:03:09,social,social:FTW:mentions,2.0,,
2026-09-10 17:03:09,social,social:FTW:rank,181.0,,
2026-09-10 17:03:09,social,social:SMA:mentions,2.0,,
2026-09-10 17:03:09,social,social:SMA:rank,179.0,,
2026-09-10 17:03:09,social,social:NAVN:mentions,2.0,,
2026-09-10 17:03:09,social,social:NAVN:rank,178.0,,
2026-09-10 17:03:09,social,social:CMPS:mentions,5.0,,
2026-09-10 17:03:09,social,social:CMPS:rank,89.0,,
2026-09-11 08:37:40,hl_xyz,xyz:AAOI,103.45,-0.029595,-1
2026-09-11 08:37:40,hl_xyz,xyz:AAPL,325.7,0.020987,1
2026-09-11 08:37:40,hl_xyz,xyz:ALUMINIUM,3080.0,0.0,0
2026-09-11 08:37:40,hl_xyz,xyz:AMAT,454.705,-0.020613,-1
2026-09-11 08:37:40,hl_xyz,xyz:AMD,504.1,-0.027829,-1
2026-09-11 08:37:40,hl_xyz,xyz:AMZN,252.055,-0.002947,-1
2026-09-11 08:37:40,hl_xyz,xyz:ARM,253.705,-0.032122,-1
2026-09-11 08:37:40,hl_xyz,xyz:ASML,1688.35,-0.014879,-1
2026-09-11 08:37:40,hl_xyz,xyz:AVGO,360.79,-0.004758,-1
2026-09-11 08:37:40,hl_xyz,xyz:BABA,108.65,-0.003714,-1
2026-09-11 08:37:40,hl_xyz,xyz:BB,7.5389,-0.019604,-1
2026-09-11 08:37:40,hl_xyz,xyz:BE,258.39,-0.019337,-1
2026-09-11 08:37:40,hl_xyz,xyz:BIRD,2.4217,-0.028269,-1
2026-09-11 08:37:40,hl_xyz,xyz:BMNR,23.913,-0.011226,-1
2026-09-11 08:37:40,hl_xyz,xyz:BOT,27.433,0.012961,1
2026-09-11 08:37:40,hl_xyz,xyz:BRENTOIL,104.76,0.048796,1
2026-09-11 08:37:40,hl_xyz,xyz:BX,126.065,-0.030903,-1
2026-09-11 08:37:40,hl_xyz,xyz:CBRS,191.46,-0.011437,-1
2026-09-11 08:37:40,hl_xyz,xyz:CL,100.065,0.049119,1
2026-09-11 08:37:40,hl_xyz,xyz:COIN,171.31,-0.016985,-1
2026-09-11 08:37:40,hl_xyz,xyz:COPPER,6.5361,-0.041866,-1
2026-09-11 08:37:40,hl_xyz,xyz:CORN,4.61,0.0,0
2026-09-11 08:37:40,hl_xyz,xyz:COST,902.85,-0.002453,-1
2026-09-11 08:37:40,hl_xyz,xyz:CRCL,89.751,-0.023458,-1
2026-09-11 08:37:40,hl_xyz,xyz:CRWD,210.105,0.010995,1
2026-09-11 08:37:40,hl_xyz,xyz:CRWV,89.5875,-0.024956,-1
2026-09-11 08:37:40,hl_xyz,xyz:CXMT,8.2479,-0.015834,-1
2026-09-11 08:37:40,hl_xyz,xyz:DELL,508.785,-0.042963,-1
2026-09-11 08:37:40,hl_xyz,xyz:DKNG,23.8135,0.003265,1
2026-09-11 08:37:40,hl_xyz,xyz:DRAM,58.6555,-0.035612,-1
2026-09-11 08:37:40,hl_xyz,xyz:DXY,97.15,0.0,0
2026-09-11 08:37:40,hl_xyz,xyz:EBAY,104.75,0.007744,1
2026-09-11 08:37:40,hl_xyz,xyz:EUR,1.1621,-0.002275,-1
2026-09-11 08:37:40,hl_xyz,xyz:EWJ,95.958,-0.021895,-1
2026-09-11 08:37:40,hl_xyz,xyz:EWT,109.08,-0.018756,-1
2026-09-11 08:37:40,hl_xyz,xyz:EWY,185.355,-0.023162,-1
2026-09-11 08:37:40,hl_xyz,xyz:EWZ,38.503,0.011002,1
2026-09-11 08:37:40,hl_xyz,xyz:GBP,1.3515,-0.002988,-1
2026-09-11 08:37:40,hl_xyz,xyz:GEV,925.97,-0.026371,-1
2026-09-11 08:37:40,hl_xyz,xyz:GIGADEV,55.0855,-0.023177,-1
2026-09-11 08:37:40,hl_xyz,xyz:GME,21.233,0.059346,1
2026-09-11 08:37:40,hl_xyz,xyz:GOLD,4325.4,-0.01625,-1
2026-09-11 08:37:40,hl_xyz,xyz:GOOGL,332.055,0.002234,1
2026-09-11 08:37:40,hl_xyz,xyz:H100,2.6,0.0,0
2026-09-11 08:37:40,hl_xyz,xyz:HIMS,27.48,-0.013073,-1
2026-09-11 08:37:40,hl_xyz,xyz:HOOD,111.385,-0.028944,-1
2026-09-11 08:37:40,hl_xyz,xyz:HYUNDAI,282.305,-0.024112,-1
2026-09-11 08:37:40,hl_xyz,xyz:IBIDEN,126.24,-0.049398,-1
2026-09-11 08:37:40,hl_xyz,xyz:IBM,234.375,-0.020356,-1
2026-09-11 08:37:40,hl_xyz,xyz:IBOV,175000.0,0.0,0
2026-09-11 08:37:40,hl_xyz,xyz:INTC,100.09,-0.043985,-1
2026-09-11 08:37:40,hl_xyz,xyz:IREN,43.76,-0.021434,-1
2026-09-11 08:37:40,hl_xyz,xyz:JP225,63435.5,-0.022015,-1
2026-09-11 08:37:40,hl_xyz,xyz:JPY,154.42,0.005666,1
2026-09-11 08:37:40,hl_xyz,xyz:KIOXIA,348.825,-0.071051,-1
2026-09-11 08:37:40,hl_xyz,xyz:KORU,22.0265,-0.073095,-1
2026-09-11 08:37:40,hl_xyz,xyz:KR200,1080.5,-0.020754,-1
2026-09-11 08:37:40,hl_xyz,xyz:KRW,1346.8,0.003801,1
2026-09-11 08:37:40,hl_xyz,xyz:KSTR,22.58,-0.017406,-1
2026-09-11 08:37:40,hl_xyz,xyz:LITE,939.83,-0.041836,-1
2026-09-11 08:37:40,hl_xyz,xyz:LLY,1125.15,-0.005216,-1
2026-09-11 08:37:40,hl_xyz,xyz:LYTE,24.5855,-0.025642,-1
2026-09-11 08:37:40,hl_xyz,xyz:MAGS,69.2295,-0.000123,-1
2026-09-11 08:37:40,hl_xyz,xyz:META,641.9,-0.023993,-1
2026-09-11 08:37:40,hl_xyz,xyz:MINIMAX,36.1905,-0.029979,-1
2026-09-11 08:37:40,hl_xyz,xyz:MRNA,136.065,-0.008778,-1
2026-09-11 08:37:40,hl_xyz,xyz:MRVL,226.395,-0.024979,-1
2026-09-11 08:37:40,hl_xyz,xyz:MSFT,491.25,-0.001606,-1
2026-09-11 08:37:40,hl_xyz,xyz:MSTR,127.995,-0.030084,-1
2026-09-11 08:37:40,hl_xyz,xyz:MU,977.375,-0.041084,-1
2026-09-11 08:37:40,hl_xyz,xyz:NATGAS,2.92965,0.029501,1
2026-09-11 08:37:40,hl_xyz,xyz:NBIS,229.115,-0.022213,-1
2026-09-11 08:37:40,hl_xyz,xyz:NCLD,23.9175,-0.032307,-1
2026-09-11 08:37:40,hl_xyz,xyz:NET,311.56,-0.005395,-1
2026-09-11 08:37:40,hl_xyz,xyz:NFLX,76.298,-0.002966,-1
2026-09-11 08:37:40,hl_xyz,xyz:NIFTY,24250.0,0.0,0
2026-09-11 08:37:40,hl_xyz,xyz:NOK,10.5975,-0.017385,-1
2026-09-11 08:37:40,hl_xyz,xyz:NOW,130.9,-0.006037,-1
2026-09-11 08:37:40,hl_xyz,xyz:NVDA,218.475,-0.021169,-1
2026-09-11 08:37:40,hl_xyz,xyz:ORCL,159.32,-0.010343,-1
2026-09-11 08:37:40,hl_xyz,xyz:PALLADIUM,1284.75,-0.049776,-1
2026-09-11 08:37:40,hl_xyz,xyz:PLATINUM,1781.9,-0.046041,-1
2026-09-11 08:37:40,hl_xyz,xyz:PLTR,166.515,-0.014704,-1
2026-09-11 08:37:40,hl_xyz,xyz:PURRDAT,10.9135,-0.072179,-1
2026-09-11 08:37:40,hl_xyz,xyz:QCOM,176.925,0.008579,1
2026-09-11 08:37:40,hl_xyz,xyz:QNT,48.93,-0.006245,-1
2026-09-11 08:37:40,hl_xyz,xyz:RDDT,155.495,0.056173,1
2026-09-11 08:37:40,hl_xyz,xyz:RIVN,16.1905,0.00932,1
2026-09-11 08:37:40,hl_xyz,xyz:RKLB,62.2435,-0.014105,-1
2026-09-11 08:37:40,hl_xyz,xyz:SHAZ,56.574,-0.01186,-1
2026-09-11 08:37:40,hl_xyz,xyz:SHEIN,5.2225,0.000901,1
2026-09-11 08:37:40,hl_xyz,xyz:SILVER,63.5965,-0.046865,-1
2026-09-11 08:37:40,hl_xyz,xyz:SKHX,1330.15,-0.032935,-1
2026-09-11 08:37:40,hl_xyz,xyz:SKHY,186.855,-0.025248,-1
2026-09-11 08:37:40,hl_xyz,xyz:SMH,560.945,-0.019387,-1
2026-09-11 08:37:40,hl_xyz,xyz:SMSN,192.495,-0.032494,-1
2026-09-11 08:37:40,hl_xyz,xyz:SNDK,1687.85,-0.035542,-1
2026-09-11 08:37:40,hl_xyz,xyz:SNXX,16.36,,
2026-09-11 08:37:40,hl_xyz,xyz:SOFTBANK,41.779,-0.053124,-1
2026-09-11 08:37:40,hl_xyz,xyz:SOXL,115.525,-0.060543,-1
2026-09-11 08:37:40,hl_xyz,xyz:SP500,7603.55,-0.005571,-1
2026-09-11 08:37:40,hl_xyz,xyz:SPCX,148.265,0.009189,1
2026-09-11 08:37:40,hl_xyz,xyz:STRC,97.901,0.000199,1
2026-09-11 08:37:40,hl_xyz,xyz:TSLA,363.675,-0.005918,-1
2026-09-11 08:37:40,hl_xyz,xyz:TSM,428.145,-0.015329,-1
2026-09-11 08:37:40,hl_xyz,xyz:TTF,57.0,0.0,0
2026-09-11 08:37:40,hl_xyz,xyz:UNITREE,72.5665,-0.021111,-1
2026-09-11 08:37:40,hl_xyz,xyz:URANIUM,85.0,0.0,0
2026-09-11 08:37:40,hl_xyz,xyz:URNM,54.9025,-0.029563,-1
2026-09-11 08:37:40,hl_xyz,xyz:USAR,16.1605,-0.055107,-1
2026-09-11 08:37:40,hl_xyz,xyz:VIX,20.0,0.0,0
2026-09-11 08:37:40,hl_xyz,xyz:VOL,15.0,0.0,0
2026-09-11 08:37:40,hl_xyz,xyz:WDC,462.46,-0.032045,-1
2026-09-11 08:37:40,hl_xyz,xyz:WHEAT,6.3,0.0,0
2026-09-11 08:37:40,hl_xyz,xyz:XBI,157.12,-0.013189,-1
2026-09-11 08:37:40,hl_xyz,xyz:XLE,65.142,-0.009699,-1
2026-09-11 08:37:40,hl_xyz,xyz:XYZ100,29131.5,-0.008677,-1
2026-09-11 08:37:40,hl_xyz,xyz:YMTC,10.0,0.0,0
2026-09-11 08:37:40,hl_xyz,xyz:ZHIPU,101.555,-0.027949,-1
2026-09-11 08:37:40,hl_xyz,xyz:ZM,95.538,-0.013475,-1
2026-09-11 08:37:40,hl_ctx,xyz:NVDA:funding,6e-06,0.041667,1
2026-09-11 08:37:40,hl_ctx,xyz:AMD:funding,6e-06,0.041667,1
2026-09-11 08:37:40,hl_ctx,xyz:AVGO:funding,2.4e-05,2.971967,1
2026-09-11 08:37:40,hl_ctx,xyz:TSM:funding,6e-06,0.041667,1
2026-09-11 08:37:40,hl_ctx,xyz:SMH:funding,6.2e-05,-0.07376,-1
2026-09-11 08:37:40,hl_ctx,xyz:AMZN:funding,6e-06,0.041667,1
2026-09-11 08:37:40,hl_ctx,xyz:META:funding,6e-06,0.041667,1
2026-09-11 08:37:40,hl_ctx,xyz:MSFT:funding,-7e-06,-2.089667,-1
2026-09-11 08:37:40,hl_ctx,xyz:GOOGL:funding,1.8e-05,0.266593,1
2026-09-11 08:37:40,hl_ctx,xyz:BABA:funding,7e-06,0.651175,1
2026-09-11 08:37:40,hl_ctx,xyz:COIN:funding,6e-06,-0.305556,-1
2026-09-11 08:37:40,hl_ctx,xyz:XYZ100:funding,6e-06,0.041667,1
2026-09-11 08:37:40,hl_ctx,xyz:DXY:funding,0.0,0.0,0
2026-09-11 08:37:40,hl_ctx,xyz:JPY:funding,-1.3e-05,-0.1173,-1
2026-09-11 08:37:40,hl_ctx,xyz:VIX:funding,0.0,0.0,0
2026-09-11 08:37:40,hl_ctx,xyz:JP225:funding,-1e-05,-0.584083,-1
2026-09-11 08:37:40,hl_ctx,xyz:BRENTOIL:funding,-0.000233,0.350031,1
2026-09-11 08:37:40,hl_ctx,xyz:NATGAS:funding,0.000153,-0.486598,-1
2026-09-11 08:37:40,hl_ctx,xyz:COPPER:funding,3.8e-05,0.176841,1
2026-09-11 08:37:40,hl_ctx,xyz:GOLD:funding,2.2e-05,-0.078333,-1
2026-09-11 08:37:40,hl_main,BTC,76749.5,-0.017462,-1
2026-09-11 08:37:40,hl_main,ETH,2449.05,-0.008943,-1
2026-09-11 08:37:40,hl_main,SOL,98.7605,-0.023768,-1
2026-09-11 08:37:40,hl_event,#12090,0.1737,-0.476823,-1
2026-09-11 08:37:40,hl_event,#12091,0.8263,0.236995,1
2026-09-11 08:37:40,hl_event,#12100,0.024,-0.02834,-1
2026-09-11 08:37:40,hl_event,#12101,0.976,0.000718,1
2026-09-11 08:37:40,hl_event,#12110,0.02075,-0.274856,-1
2026-09-11 08:37:40,hl_event,#12111,0.97925,0.008097,1
2026-09-11 08:37:40,hl_event,#12120,0.052545,-0.405532,-1
2026-09-11 08:37:40,hl_event,#12121,0.947455,0.039321,1
2026-09-11 08:37:40,treasury,fred:UST2Y,4.56,0.029345,1
2026-09-11 08:37:40,treasury,fred:UST10Y,4.95,0.024845,1
2026-09-11 08:37:40,treasury,fred:UST20Y,5.39,0.020833,1
2026-09-11 08:37:40,cnbond,bond:CN10Y,1.6797,-0.00113,-1
2026-09-11 08:37:40,cnbond,bond:CN30Y,2.139,0.000702,1
2026-09-11 08:37:40,cftc,cot:JPY_LEV_NET,-102188.0,0.0,0
2026-09-11 08:37:40,cftc,cot:JPY_LEV_LONG,58529.0,0.0,0
2026-09-11 08:37:40,cftc,cot:JPY_LEV_SHORT,160717.0,0.0,0
2026-09-11 08:37:40,cftc,cot:JPY_DEALER_NET,79321.0,0.0,0
2026-09-11 08:37:40,cftc,cot:JPY_OI,411882.0,0.0,0
2026-09-11 08:51:55,hl_xyz,xyz:AAOI,103.16,-0.002803,-2
2026-09-11 08:51:55,hl_xyz,xyz:AAPL,325.64,-0.000184,-1
2026-09-11 08:51:55,hl_xyz,xyz:ALUMINIUM,3080.0,0.0,0
2026-09-11 08:51:55,hl_xyz,xyz:AMAT,454.615,-0.000198,-2
2026-09-11 08:51:55,hl_xyz,xyz:AMD,504.045,-0.000109,-2
2026-09-11 08:51:55,hl_xyz,xyz:AMZN,252.135,0.000317,1
2026-09-11 08:51:55,hl_xyz,xyz:ARM,253.51,-0.000769,-2
2026-09-11 08:51:55,hl_xyz,xyz:ASML,1688.95,0.000355,1
2026-09-11 08:51:55,hl_xyz,xyz:AVGO,360.94,0.000416,1
2026-09-11 08:51:55,hl_xyz,xyz:BABA,108.565,-0.000782,-2
2026-09-11 08:51:55,hl_xyz,xyz:BB,7.53945,7.3e-05,1
2026-09-11 08:51:55,hl_xyz,xyz:BE,258.11,-0.001084,-2
2026-09-11 08:51:55,hl_xyz,xyz:BIRD,2.42585,0.001714,1
2026-09-11 08:51:55,hl_xyz,xyz:BMNR,23.9565,0.001819,1
2026-09-11 08:51:55,hl_xyz,xyz:BOT,27.446,0.000474,2
2026-09-11 08:51:55,hl_xyz,xyz:BRENTOIL,105.145,0.003675,2
2026-09-11 08:51:55,hl_xyz,xyz:BX,126.37,0.002419,1
2026-09-11 08:51:55,hl_xyz,xyz:CBRS,191.505,0.000235,1
2026-09-11 08:51:55,hl_xyz,xyz:CL,100.45,0.003847,2
2026-09-11 08:51:55,hl_xyz,xyz:COIN,171.155,-0.000905,-2
2026-09-11 08:51:55,hl_xyz,xyz:COPPER,6.5498,0.002096,1
2026-09-11 08:51:55,hl_xyz,xyz:CORN,4.61,0.0,0
2026-09-11 08:51:55,hl_xyz,xyz:COST,903.29,0.000487,1
2026-09-11 08:51:55,hl_xyz,xyz:CRCL,89.635,-0.001292,-2
2026-09-11 08:51:55,hl_xyz,xyz:CRWD,210.545,0.002094,2
2026-09-11 08:51:55,hl_xyz,xyz:CRWV,89.475,-0.001256,-2
2026-09-11 08:51:55,hl_xyz,xyz:CXMT,8.2564,0.001031,1
2026-09-11 08:51:55,hl_xyz,xyz:DELL,508.065,-0.001415,-2
2026-09-11 08:51:55,hl_xyz,xyz:DKNG,23.8785,0.00273,2
2026-09-11 08:51:55,hl_xyz,xyz:DRAM,58.5095,-0.002489,-2
2026-09-11 08:51:55,hl_xyz,xyz:DXY,97.15,0.0,0
2026-09-11 08:51:55,hl_xyz,xyz:EBAY,104.75,0.0,0
2026-09-11 08:51:55,hl_xyz,xyz:EUR,1.1621,0.0,0
2026-09-11 08:51:55,hl_xyz,xyz:EWJ,96.167,0.002178,1
2026-09-11 08:51:55,hl_xyz,xyz:EWT,108.755,-0.002979,-2
2026-09-11 08:51:55,hl_xyz,xyz:EWY,184.93,-0.002293,-2
2026-09-11 08:51:55,hl_xyz,xyz:EWZ,38.5405,0.000974,2
2026-09-11 08:51:55,hl_xyz,xyz:GBP,1.3515,0.0,0
2026-09-11 08:51:55,hl_xyz,xyz:GEV,926.38,0.000443,1
2026-09-11 08:51:55,hl_xyz,xyz:GIGADEV,54.8215,-0.004793,-2
2026-09-11 08:51:55,hl_xyz,xyz:GME,21.171,-0.00292,-1
2026-09-11 08:51:55,hl_xyz,xyz:GOLD,4335.45,0.002323,1
2026-09-11 08:51:55,hl_xyz,xyz:GOOGL,332.04,-4.5e-05,-1
2026-09-11 08:51:55,hl_xyz,xyz:H100,2.6,0.0,0
2026-09-11 08:51:55,hl_xyz,xyz:HIMS,27.5505,0.002566,1
2026-09-11 08:51:55,hl_xyz,xyz:HOOD,111.295,-0.000808,-2
2026-09-11 08:51:55,hl_xyz,xyz:HYUNDAI,281.74,-0.002001,-2
2026-09-11 08:51:55,hl_xyz,xyz:IBIDEN,125.38,-0.006812,-2
2026-09-11 08:51:55,hl_xyz,xyz:IBM,234.395,8.5e-05,1
2026-09-11 08:51:55,hl_xyz,xyz:IBOV,175000.0,0.0,0
2026-09-11 08:51:55,hl_xyz,xyz:INTC,99.9905,-0.000994,-2
2026-09-11 08:51:55,hl_xyz,xyz:IREN,43.755,-0.000114,-2
2026-09-11 08:51:55,hl_xyz,xyz:JP225,63368.0,-0.001064,-2
2026-09-11 08:51:55,hl_xyz,xyz:JPY,154.44,0.00013,2
2026-09-11 08:51:55,hl_xyz,xyz:KIOXIA,347.985,-0.002408,-2
2026-09-11 08:51:55,hl_xyz,xyz:KORU,21.8855,-0.006401,-2
2026-09-11 08:51:55,hl_xyz,xyz:KR200,1077.4,-0.002869,-2
2026-09-11 08:51:55,hl_xyz,xyz:KRW,1346.8,0.0,0
2026-09-11 08:51:55,hl_xyz,xyz:KSTR,22.58,0.0,0
2026-09-11 08:51:55,hl_xyz,xyz:LITE,938.875,-0.001016,-2
2026-09-11 08:51:55,hl_xyz,xyz:LLY,1126.45,0.001155,1
2026-09-11 08:51:55,hl_xyz,xyz:LYTE,24.586,2e-05,1
2026-09-11 08:51:55,hl_xyz,xyz:MAGS,69.2845,0.000794,1
2026-09-11 08:51:55,hl_xyz,xyz:META,641.745,-0.000241,-2
2026-09-11 08:51:55,hl_xyz,xyz:MINIMAX,36.1595,-0.000857,-2
2026-09-11 08:51:55,hl_xyz,xyz:MRNA,136.3,0.001727,1
2026-09-11 08:51:55,hl_xyz,xyz:MRVL,226.175,-0.000972,-2
2026-09-11 08:51:55,hl_xyz,xyz:MSFT,491.02,-0.000468,-2
2026-09-11 08:51:55,hl_xyz,xyz:MSTR,128.025,0.000234,1
2026-09-11 08:51:55,hl_xyz,xyz:MU,976.905,-0.000481,-2
2026-09-11 08:51:55,hl_xyz,xyz:NATGAS,2.9298,5.1e-05,2
2026-09-11 08:51:55,hl_xyz,xyz:NBIS,228.905,-0.000917,-2
2026-09-11 08:51:55,hl_xyz,xyz:NCLD,23.8775,-0.001672,-2
2026-09-11 08:51:55,hl_xyz,xyz:NET,311.445,-0.000369,-2
2026-09-11 08:51:55,hl_xyz,xyz:NFLX,76.352,0.000708,1
2026-09-11 08:51:55,hl_xyz,xyz:NIFTY,24250.0,0.0,0
2026-09-11 08:51:55,hl_xyz,xyz:NOK,10.5875,-0.000944,-2
2026-09-11 08:51:55,hl_xyz,xyz:NOW,130.99,0.000688,1
2026-09-11 08:51:55,hl_xyz,xyz:NVDA,218.46,-6.9e-05,-2
2026-09-11 08:51:55,hl_xyz,xyz:ORCL,159.51,0.001193,1
2026-09-11 08:51:55,hl_xyz,xyz:PALLADIUM,1285.9,0.000895,1
2026-09-11 08:51:55,hl_xyz,xyz:PLATINUM,1784.85,0.001656,1
2026-09-11 08:51:55,hl_xyz,xyz:PLTR,166.415,-0.000601,-2
2026-09-11 08:51:55,hl_xyz,xyz:PURRDAT,10.914,4.6e-05,1
2026-09-11 08:51:55,hl_xyz,xyz:QCOM,176.755,-0.000961,-1
2026-09-11 08:51:55,hl_xyz,xyz:QNT,48.9775,0.000971,1
2026-09-11 08:51:55,hl_xyz,xyz:RDDT,155.655,0.001029,2
2026-09-11 08:51:55,hl_xyz,xyz:RIVN,16.1905,0.0,0
2026-09-11 08:51:55,hl_xyz,xyz:RKLB,62.246,4e-05,1
2026-09-11 08:51:55,hl_xyz,xyz:SHAZ,56.3855,-0.003332,-2
2026-09-11 08:51:55,hl_xyz,xyz:SHEIN,5.2225,0.0,0
2026-09-11 08:51:55,hl_xyz,xyz:SILVER,63.6885,0.001447,1
2026-09-11 08:51:55,hl_xyz,xyz:SKHX,1323.6,-0.004924,-2
2026-09-11 08:51:55,hl_xyz,xyz:SKHY,186.405,-0.002408,-2
2026-09-11 08:51:55,hl_xyz,xyz:SMH,561.22,0.00049,1
2026-09-11 08:51:55,hl_xyz,xyz:SMSN,191.905,-0.003065,-2
2026-09-11 08:51:55,hl_xyz,xyz:SNDK,1684.85,-0.001777,-2
2026-09-11 08:51:55,hl_xyz,xyz:SNXX,16.36,0.0,0
2026-09-11 08:51:55,hl_xyz,xyz:SOFTBANK,41.446,-0.007971,-2
2026-09-11 08:51:55,hl_xyz,xyz:SOXL,115.12,-0.003506,-2
2026-09-11 08:51:55,hl_xyz,xyz:SP500,7603.25,-3.9e-05,-2
2026-09-11 08:51:55,hl_xyz,xyz:SPCX,148.255,-6.7e-05,-1
2026-09-11 08:51:55,hl_xyz,xyz:STRC,97.903,2e-05,2
2026-09-11 08:51:55,hl_xyz,xyz:TSLA,363.475,-0.00055,-2
2026-09-11 08:51:55,hl_xyz,xyz:TSM,428.765,0.001448,1
2026-09-11 08:51:55,hl_xyz,xyz:TTF,57.0,0.0,0
2026-09-11 08:51:55,hl_xyz,xyz:UNITREE,72.5865,0.000276,1
2026-09-11 08:51:55,hl_xyz,xyz:URANIUM,85.0,0.0,0
2026-09-11 08:51:55,hl_xyz,xyz:URNM,54.8915,-0.0002,-2
2026-09-11 08:51:55,hl_xyz,xyz:USAR,16.157,-0.000217,-2
2026-09-11 08:51:55,hl_xyz,xyz:VIX,20.0,0.0,0
2026-09-11 08:51:55,hl_xyz,xyz:VOL,15.0,0.0,0
2026-09-11 08:51:55,hl_xyz,xyz:WDC,461.825,-0.001373,-2
2026-09-11 08:51:55,hl_xyz,xyz:WHEAT,6.3,0.0,0
2026-09-11 08:51:55,hl_xyz,xyz:XBI,156.955,-0.00105,-2
2026-09-11 08:51:55,hl_xyz,xyz:XLE,65.173,0.000476,1
2026-09-11 08:51:55,hl_xyz,xyz:XYZ100,29124.5,-0.00024,-2
2026-09-11 08:51:55,hl_xyz,xyz:YMTC,10.0,0.0,0
2026-09-11 08:51:55,hl_xyz,xyz:ZHIPU,101.295,-0.00256,-2
2026-09-11 08:51:55,hl_xyz,xyz:ZM,95.666,0.00134,1
2026-09-11 08:51:55,hl_ctx,xyz:NVDA:funding,6e-06,0.041667,2
2026-09-11 08:51:55,hl_ctx,xyz:AMD:funding,6e-06,0.041667,2
2026-09-11 08:51:55,hl_ctx,xyz:AVGO:funding,2.1e-05,-0.121188,-1
2026-09-11 08:51:55,hl_ctx,xyz:TSM:funding,6e-06,0.041667,2
2026-09-11 08:51:55,hl_ctx,xyz:SMH:funding,6e-05,-0.02465,-2
2026-09-11 08:51:55,hl_ctx,xyz:AMZN:funding,6e-06,0.041667,2
2026-09-11 08:51:55,hl_ctx,xyz:META:funding,6e-06,0.041667,2
2026-09-11 08:51:55,hl_ctx,xyz:MSFT:funding,-4e-06,0.4173,1
2026-09-11 08:51:55,hl_ctx,xyz:GOOGL:funding,1.8e-05,-0.021039,-1
2026-09-11 08:51:55,hl_ctx,xyz:BABA:funding,1.1e-05,0.553186,2
2026-09-11 08:51:55,hl_ctx,xyz:COIN:funding,6e-06,0.041667,1
2026-09-11 08:51:55,hl_ctx,xyz:XYZ100:funding,6e-06,0.041667,2
2026-09-11 08:51:55,hl_ctx,xyz:DXY:funding,0.0,0.0,0
2026-09-11 08:51:55,hl_ctx,xyz:JPY:funding,-1.3e-05,-0.017446,-2
2026-09-11 08:51:55,hl_ctx,xyz:VIX:funding,0.0,0.0,0
2026-09-11 08:51:55,hl_ctx,xyz:JP225:funding,-6e-06,0.39279,1
2026-09-11 08:51:55,hl_ctx,xyz:BRENTOIL:funding,-0.000231,0.007896,2
2026-09-11 08:51:55,hl_ctx,xyz:NATGAS:funding,0.000155,0.009848,1
2026-09-11 08:51:55,hl_ctx,xyz:COPPER:funding,3.8e-05,-0.013105,-1
2026-09-11 08:51:55,hl_ctx,xyz:GOLD:funding,2e-05,-0.081177,-2
2026-09-11 08:51:55,hl_main,BTC,76797.5,0.000625,1
2026-09-11 08:51:55,hl_main,ETH,2453.25,0.001715,1
2026-09-11 08:51:55,hl_main,SOL,98.8565,0.000972,1
2026-09-11 08:51:55,hl_event,#12090,0.17125,-0.014105,-2
2026-09-11 08:51:55,hl_event,#12091,0.82875,0.002965,2
2026-09-11 08:51:55,hl_event,#12100,0.024,0.0,0
2026-09-11 08:51:55,hl_event,#12101,0.976,0.0,0
2026-09-11 08:51:55,hl_event,#12110,0.02075,0.0,0
2026-09-11 08:51:55,hl_event,#12111,0.97925,0.0,0
2026-09-11 08:51:55,hl_event,#12120,0.052715,0.003235,1
2026-09-11 08:51:55,hl_event,#12121,0.947285,-0.000179,-1
2026-09-11 08:51:55,treasury,fred:UST2Y,4.56,0.0,0
2026-09-11 08:51:55,treasury,fred:UST10Y,4.95,0.0,0
2026-09-11 08:51:55,treasury,fred:UST20Y,5.39,0.0,0
2026-09-11 08:51:55,fred,fred:UST30Y,5.28,0.005714,1
2026-09-11 08:51:55,fred,fred:UST10Y2Y,0.39,-0.025,-1
2026-09-11 08:51:55,fred,fred:FEDFUNDS,3.75,0.0,0
2026-09-11 08:51:55,fred,fred:HY_OAS,2.71,0.014981,1
2026-09-11 08:51:55,fred,fred:VIX,16.46,0.047074,1
2026-09-11 08:51:55,fred,fred:WALCL,6740619.0,0.000507,1
2026-09-11 08:51:55,fred,fred:RRP,4.736,9.962963,1
2026-09-11 08:51:55,fred,fred:TGA,883335.0,-0.087403,-1
2026-09-11 08:51:55,fred,fred:SOFR,3.64,0.0,0
2026-09-11 08:51:55,fred,fred:T10YIE,2.4,0.012658,1
2026-09-11 08:51:55,fred,fred:WTI,97.26,0.063183,1
2026-09-11 08:51:55,fred,fred:IG_OAS,0.81,0.0,0
2026-09-11 08:51:55,yahoo,fx:USDCNH,6.7138,0.001283,1
2026-09-11 08:51:55,yahoo,idx:HSI,24954.47,0.0,0
2026-09-11 08:51:55,yahoo,idx:MOVE,82.0946,0.069762,1
2026-09-11 08:51:55,yahoo,cm:GOLD_FUT,4362.3,-0.017389,-1
2026-09-11 08:51:55,yahoo,cm:COPPER_FUT,6.5285,-0.042391,-1
2026-09-11 08:51:55,cnbond,bond:CN10Y,1.6797,0.0,0
2026-09-11 08:51:55,cnbond,bond:CN30Y,2.139,0.0,0
2026-09-11 08:51:55,cftc,cot:JPY_LEV_NET,-102188.0,0.0,0
2026-09-11 08:51:55,cftc,cot:JPY_LEV_LONG,58529.0,0.0,0
2026-09-11 08:51:55,cftc,cot:JPY_LEV_SHORT,160717.0,0.0,0
2026-09-11 08:51:55,cftc,cot:JPY_DEALER_NET,79321.0,0.0,0
2026-09-11 08:51:55,cftc,cot:JPY_OI,411882.0,0.0,0
2026-09-11 08:52:51,social,social:AAPL:mentions,103.0,-0.264286,-1
2026-09-11 08:52:51,social,social:AAPL:rank,4.0,1.0,1
2026-09-11 08:52:51,social,social:NVDA:mentions,78.0,0.04,1
2026-09-11 08:52:51,social,social:NVDA:rank,6.0,0.0,0
2026-09-11 08:52:51,social,social:META:mentions,50.0,-0.632353,-1
2026-09-11 08:52:51,social,social:META:rank,9.0,2.0,1
2026-09-11 08:52:51,social,social:TSLA:mentions,31.0,-0.243902,-1
2026-09-11 08:52:51,social,social:TSLA:rank,16.0,0.066667,1
2026-09-11 08:52:51,social,social:MSFT:mentions,22.0,-0.3125,-1
2026-09-11 08:52:51,social,social:MSFT:rank,25.0,0.190476,1
2026-09-11 08:52:51,social,social:GOOGL:mentions,22.0,-0.706667,-1
2026-09-11 08:52:51,social,social:GOOGL:rank,27.0,4.4,1
2026-09-11 08:52:51,social,social:AMD:mentions,20.0,-0.459459,-1
2026-09-11 08:52:51,social,social:AMD:rank,29.0,0.611111,1
2026-09-11 08:52:51,social,social:AMZN:mentions,9.0,-0.75,-1
2026-09-11 08:52:51,social,social:AMZN:rank,49.0,1.45,1
2026-09-11 08:52:51,social,social:AVGO:mentions,4.0,-0.764706,-1
2026-09-11 08:52:51,social,social:AVGO:rank,95.0,1.794118,1
2026-09-11 08:52:51,social,social:SMH:mentions,3.0,-0.5,-1
2026-09-11 08:52:51,social,social:SMH:rank,118.0,0.404762,1
2026-09-11 08:52:51,social,social:TSM:mentions,1.0,0.0,0
2026-09-11 08:52:51,social,social:TSM:rank,173.0,-0.069892,-1
2026-09-11 08:52:51,social,social:BABA:mentions,1.0,0.0,0
2026-09-11 08:52:51,social,social:BABA:rank,292.0,-0.013514,-1
2026-09-11 08:52:51,social,social:HERE:mentions,3.0,,
2026-09-11 08:52:51,social,social:HERE:rank,130.0,,
2026-09-11 08:52:51,social,social:WAY:mentions,3.0,,
2026-09-11 08:52:51,social,social:WAY:rank,129.0,,
2026-09-11 08:52:51,social,social:DAY:mentions,3.0,,
2026-09-11 08:52:51,social,social:DAY:rank,127.0,,
2026-09-11 08:52:51,social,social:SNYR:mentions,2.0,,
2026-09-11 08:52:51,social,social:SNYR:rank,170.0,,
2026-09-11 08:52:51,social,social:SOUN:mentions,4.0,,
2026-09-11 08:52:51,social,social:SOUN:rank,103.0,,
2026-09-11 08:52:51,social,social:ARR:mentions,6.0,,
2026-09-11 08:52:51,social,social:ARR:rank,79.0,,
2026-09-11 08:52:51,social,social:GLP:mentions,4.0,,
2026-09-11 08:52:51,social,social:GLP:rank,102.0,,
2026-09-11 08:52:51,social,social:ARM:mentions,2.0,,
2026-09-11 08:52:51,social,social:ARM:rank,169.0,,
2026-09-11 08:52:51,social,social:NEXT:mentions,2.0,,
2026-09-11 08:52:51,social,social:NEXT:rank,166.0,,
2026-09-11 08:52:51,social,social:ACHR:mentions,3.0,,
2026-09-11 08:52:51,social,social:ACHR:rank,123.0,,
2026-09-13 15:48:52,hl_xyz,xyz:AAOI,103.065,-0.000921,-3
2026-09-13 15:48:52,hl_xyz,xyz:AAPL,332.735,0.021788,1
2026-09-13 15:48:52,hl_xyz,xyz:ALUMINIUM,3080.0,0.0,0
2026-09-13 15:48:52,hl_xyz,xyz:AMAT,455.355,0.001628,1
2026-09-13 15:48:52,hl_xyz,xyz:AMD,507.915,0.007678,1
2026-09-13 15:48:52,hl_xyz,xyz:AMZN,256.1,0.015726,2
2026-09-13 15:48:52,hl_xyz,xyz:ARM,263.115,0.037888,1
2026-09-13 15:48:52,hl_xyz,xyz:ASML,1691.65,0.001599,2
2026-09-13 15:48:52,hl_xyz,xyz:AVGO,359.225,-0.004751,-1
2026-09-13 15:48:52,hl_xyz,xyz:BABA,109.55,0.009073,1
2026-09-13 15:48:52,hl_xyz,xyz:BB,7.7166,0.023496,2
2026-09-13 15:48:52,hl_xyz,xyz:BE,269.33,0.04347,1
2026-09-13 15:48:52,hl_xyz,xyz:BIRD,2.46795,0.017355,2
2026-09-13 15:48:52,hl_xyz,xyz:BMNR,24.952,0.041554,2
2026-09-13 15:48:52,hl_xyz,xyz:BOT,26.9125,-0.019438,-1
2026-09-13 15:48:52,hl_xyz,xyz:BRENTOIL,100.425,-0.04489,-1
2026-09-13 15:48:52,hl_xyz,xyz:BX,127.855,0.011751,2
2026-09-13 15:48:52,hl_xyz,xyz:CBRS,188.535,-0.015509,-1
2026-09-13 15:48:52,hl_xyz,xyz:CL,96.174,-0.042568,-1
2026-09-13 15:48:52,hl_xyz,xyz:COIN,174.82,0.021413,1
2026-09-13 15:48:52,hl_xyz,xyz:COPPER,6.5131,-0.005603,-1
2026-09-13 15:48:52,hl_xyz,xyz:CORN,4.61,0.0,0
2026-09-13 15:48:52,hl_xyz,xyz:COST,902.73,-0.00062,-1
2026-09-13 15:48:52,hl_xyz,xyz:CRCL,90.669,0.011536,1
2026-09-13 15:48:52,hl_xyz,xyz:CRWD,206.005,-0.021563,-1
2026-09-13 15:48:52,hl_xyz,xyz:CRWV,87.3505,-0.023744,-3
2026-09-13 15:48:52,hl_xyz,xyz:CXMT,8.24915,-0.000878,-1
2026-09-13 15:48:52,hl_xyz,xyz:DELL,560.59,0.103382,1
2026-09-13 15:48:52,hl_xyz,xyz:DKNG,24.219,0.01426,3
2026-09-13 15:48:52,hl_xyz,xyz:DRAM,57.5935,-0.015656,-3
2026-09-13 15:48:52,hl_xyz,xyz:DXY,97.15,0.0,0
2026-09-13 15:48:52,hl_xyz,xyz:EBAY,106.76,0.019189,1
2026-09-13 15:48:52,hl_xyz,xyz:EUR,1.15965,-0.002108,-1
2026-09-13 15:48:52,hl_xyz,xyz:EWJ,98.113,0.020236,2
2026-09-13 15:48:52,hl_xyz,xyz:EWT,110.355,0.014712,1
2026-09-13 15:48:52,hl_xyz,xyz:EWY,187.545,0.01414,1
2026-09-13 15:48:52,hl_xyz,xyz:EWZ,37.8275,-0.0185,-1
2026-09-13 15:48:52,hl_xyz,xyz:GBP,1.35185,0.000259,1
2026-09-13 15:48:52,hl_xyz,xyz:GEV,952.495,0.02819,2
2026-09-13 15:48:52,hl_xyz,xyz:GIGADEV,54.2735,-0.009996,-3
2026-09-13 15:48:52,hl_xyz,xyz:GME,21.07,-0.004771,-2
2026-09-13 15:48:52,hl_xyz,xyz:GOLD,4352.85,0.004013,2
2026-09-13 15:48:52,hl_xyz,xyz:GOOGL,339.42,0.022226,1
2026-09-13 15:48:52,hl_xyz,xyz:H100,2.6,0.0,0
2026-09-13 15:48:52,hl_xyz,xyz:HIMS,27.4125,-0.005009,-1
2026-09-13 15:48:52,hl_xyz,xyz:HOOD,110.53,-0.006874,-3
2026-09-13 15:48:52,hl_xyz,xyz:HYUNDAI,283.505,0.006265,1
2026-09-13 15:48:52,hl_xyz,xyz:IBIDEN,129.47,0.032621,1
2026-09-13 15:48:52,hl_xyz,xyz:IBM,242.325,0.033832,2
2026-09-13 15:48:52,hl_xyz,xyz:IBOV,175000.0,0.0,0
2026-09-13 15:48:52,hl_xyz,xyz:INTC,100.81,0.008196,1
2026-09-13 15:48:52,hl_xyz,xyz:IREN,42.983,-0.017644,-3
2026-09-13 15:48:52,hl_xyz,xyz:JP225,64358.0,0.015623,1
2026-09-13 15:48:52,hl_xyz,xyz:JPY,153.495,-0.006119,-1
2026-09-13 15:48:52,hl_xyz,xyz:KIOXIA,335.315,-0.03641,-3
2026-09-13 15:48:52,hl_xyz,xyz:KORU,22.7715,0.040483,1
2026-09-13 15:48:52,hl_xyz,xyz:KR200,1094.65,0.016011,1
2026-09-13 15:48:52,hl_xyz,xyz:KRW,1341.5,-0.003935,-1
2026-09-13 15:48:52,hl_xyz,xyz:KSTR,22.57,-0.000443,-1
2026-09-13 15:48:52,hl_xyz,xyz:LITE,913.62,-0.026899,-3
2026-09-13 15:48:52,hl_xyz,xyz:LLY,1115.8,-0.009454,-1
2026-09-13 15:48:52,hl_xyz,xyz:LYTE,24.8515,0.010799,2
2026-09-13 15:48:52,hl_xyz,xyz:MAGS,69.599,0.004539,2
2026-09-13 15:48:52,hl_xyz,xyz:META,647.565,0.009069,1
2026-09-13 15:48:52,hl_xyz,xyz:MINIMAX,32.1665,-0.110427,-3
2026-09-13 15:48:52,hl_xyz,xyz:MRNA,142.96,0.048863,2
2026-09-13 15:48:52,hl_xyz,xyz:MRVL,230.29,0.018194,1
2026-09-13 15:48:52,hl_xyz,xyz:MSFT,493.76,0.00558,1
2026-09-13 15:48:52,hl_xyz,xyz:MSTR,129.855,0.014294,2
2026-09-13 15:48:52,hl_xyz,xyz:MU,956.26,-0.021133,-3
2026-09-13 15:48:52,hl_xyz,xyz:NATGAS,2.94075,0.003737,3
2026-09-13 15:48:52,hl_xyz,xyz:NBIS,218.12,-0.047116,-3
2026-09-13 15:48:52,hl_xyz,xyz:NCLD,24.064,0.007811,1
2026-09-13 15:48:52,hl_xyz,xyz:NET,307.455,-0.012811,-3
2026-09-13 15:48:52,hl_xyz,xyz:NFLX,77.014,0.00867,2
2026-09-13 15:48:52,hl_xyz,xyz:NIFTY,24250.0,0.0,0
2026-09-13 15:48:52,hl_xyz,xyz:NOK,10.9975,0.038725,1
2026-09-13 15:48:52,hl_xyz,xyz:NOW,131.715,0.005535,2
2026-09-13 15:48:52,hl_xyz,xyz:NVDA,216.465,-0.009132,-3
2026-09-13 15:48:52,hl_xyz,xyz:ORCL,149.225,-0.064479,-1
2026-09-13 15:48:52,hl_xyz,xyz:PALLADIUM,1312.1,0.020375,2
2026-09-13 15:48:52,hl_xyz,xyz:PLATINUM,1792.0,0.004006,2
2026-09-13 15:48:52,hl_xyz,xyz:PLTR,167.17,0.004537,1
2026-09-13 15:48:52,hl_xyz,xyz:PURRDAT,11.5265,0.056121,2
2026-09-13 15:48:52,hl_xyz,xyz:QCOM,180.27,0.019886,1
2026-09-13 15:48:52,hl_xyz,xyz:QNT,48.648,-0.006728,-1
2026-09-13 15:48:52,hl_xyz,xyz:RDDT,157.23,0.010119,3
2026-09-13 15:48:52,hl_xyz,xyz:RIVN,15.9475,-0.015009,-1
2026-09-13 15:48:52,hl_xyz,xyz:RKLB,62.7295,0.007768,2
2026-09-13 15:48:52,hl_xyz,xyz:SHAZ,58.5155,0.037776,1
2026-09-13 15:48:52,hl_xyz,xyz:SHEIN,5.0526,-0.032532,-1
2026-09-13 15:48:52,hl_xyz,xyz:SILVER,64.4595,0.012106,2
2026-09-13 15:48:52,hl_xyz,xyz:SKHX,1326.15,0.001927,1
2026-09-13 15:48:52,hl_xyz,xyz:SKHY,185.415,-0.005311,-3
2026-09-13 15:48:52,hl_xyz,xyz:SMH,566.23,0.008927,2
2026-09-13 15:48:52,hl_xyz,xyz:SMSN,190.81,-0.005706,-3
2026-09-13 15:48:52,hl_xyz,xyz:SNDK,1596.85,-0.05223,-3
2026-09-13 15:48:52,hl_xyz,xyz:SNXX,16.36,0.0,0
2026-09-13 15:48:52,hl_xyz,xyz:SOFTBANK,39.204,-0.054094,-3
2026-09-13 15:48:52,hl_xyz,xyz:SOXL,119.495,0.038004,1
2026-09-13 15:48:52,hl_xyz,xyz:SP500,7636.35,0.004353,1
2026-09-13 15:48:52,hl_xyz,xyz:SPCX,149.885,0.010995,1
2026-09-13 15:48:52,hl_xyz,xyz:STRC,98.276,0.00381,3
2026-09-13 15:48:52,hl_xyz,xyz:TSLA,366.145,0.007346,1
2026-09-13 15:48:52,hl_xyz,xyz:TSM,429.735,0.002262,2
2026-09-13 15:48:52,hl_xyz,xyz:TTF,57.0,0.0,0
2026-09-13 15:48:52,hl_xyz,xyz:UNITREE,68.6295,-0.054514,-1
2026-09-13 15:48:52,hl_xyz,xyz:URANIUM,85.0,0.0,0
2026-09-13 15:48:52,hl_xyz,xyz:URNM,51.447,-0.062751,-3
2026-09-13 15:48:52,hl_xyz,xyz:USAR,15.6085,-0.033948,-3
2026-09-13 15:48:52,hl_xyz,xyz:VIX,20.0,0.0,0
2026-09-13 15:48:52,hl_xyz,xyz:VOL,15.0,0.0,0
2026-09-13 15:48:52,hl_xyz,xyz:WDC,443.69,-0.039268,-3
2026-09-13 15:48:52,hl_xyz,xyz:WHEAT,6.3,0.0,0
2026-09-13 15:48:52,hl_xyz,xyz:XBI,154.035,-0.018604,-3
2026-09-13 15:48:52,hl_xyz,xyz:XLE,64.764,-0.006276,-1
2026-09-13 15:48:52,hl_xyz,xyz:XYZ100,29227.5,0.003537,1
2026-09-13 15:48:52,hl_xyz,xyz:YMTC,10.0,0.0,0
2026-09-13 15:48:52,hl_xyz,xyz:ZHIPU,94.198,-0.070063,-3
2026-09-13 15:48:52,hl_xyz,xyz:ZM,95.026,-0.00669,-1
2026-09-13 15:48:52,hl_ctx,xyz:NVDA:funding,-5.3e-05,-9.86645,-1
2026-09-13 15:48:52,hl_ctx,xyz:AMD:funding,-9.4e-05,-16.723883,-1
2026-09-13 15:48:52,hl_ctx,xyz:AVGO:funding,-8.2e-05,-4.903881,-2
2026-09-13 15:48:52,hl_ctx,xyz:TSM:funding,-1.6e-05,-3.599083,-1
2026-09-13 15:48:52,hl_ctx,xyz:SMH:funding,-0.0001,-2.659048,-3
2026-09-13 15:48:52,hl_ctx,xyz:AMZN:funding,-1.1e-05,-2.809533,-1
2026-09-13 15:48:52,hl_ctx,xyz:META:funding,-2.2e-05,-4.6425,-1
2026-09-13 15:48:52,hl_ctx,xyz:MSFT:funding,-1.5e-05,-2.773525,-1
2026-09-13 15:48:52,hl_ctx,xyz:GOOGL:funding,-7.1e-05,-4.95795,-2
2026-09-13 15:48:52,hl_ctx,xyz:BABA:funding,6e-06,-0.4373,-1
2026-09-13 15:48:52,hl_ctx,xyz:COIN:funding,-5.6e-05,-10.332967,-1
2026-09-13 15:48:52,hl_ctx,xyz:XYZ100:funding,0.0,-0.922967,-1
2026-09-13 15:48:52,hl_ctx,xyz:DXY:funding,0.0,0.0,0
2026-09-13 15:48:52,hl_ctx,xyz:JPY:funding,0.0,1.0,1
2026-09-13 15:48:52,hl_ctx,xyz:VIX:funding,0.0,0.0,0
2026-09-13 15:48:52,hl_ctx,xyz:JP225:funding,-0.000166,-26.635433,-1
2026-09-13 15:48:52,hl_ctx,xyz:BRENTOIL:funding,1.3e-05,1.057955,3
2026-09-13 15:48:52,hl_ctx,xyz:NATGAS:funding,6e-06,-0.959677,-1
2026-09-13 15:48:52,hl_ctx,xyz:COPPER:funding,6e-06,-0.835526,-2
2026-09-13 15:48:52,hl_ctx,xyz:GOLD:funding,6e-06,-0.6875,-3
2026-09-13 15:48:52,hl_main,BTC,77112.5,0.004102,2
2026-09-13 15:48:52,hl_main,ETH,2518.35,0.026536,2
2026-09-13 15:48:52,hl_main,SOL,100.755,0.019205,2
2026-09-13 15:48:52,hl_event,#12090,0.1467,-0.143358,-3
2026-09-13 15:48:52,hl_event,#12091,0.8533,0.029623,3
2026-09-13 15:48:52,hl_event,#12100,0.0237,-0.0125,-1
2026-09-13 15:48:52,hl_event,#12101,0.9763,0.000307,1
2026-09-13 15:48:52,hl_event,#12110,0.014445,-0.303855,-1
2026-09-13 15:48:52,hl_event,#12111,0.985555,0.006439,1
2026-09-13 15:48:52,hl_event,#12120,0.0345,-0.345537,-1
2026-09-13 15:48:52,hl_event,#12121,0.9655,0.019229,1
2026-09-13 15:48:52,treasury,fred:UST2Y,4.63,0.015351,1
2026-09-13 15:48:52,treasury,fred:UST10Y,4.96,0.00202,1
2026-09-13 15:48:52,treasury,fred:UST20Y,5.38,-0.001855,-1
2026-09-13 15:48:52,fred,fred:UST30Y,5.37,0.017045,2
2026-09-13 15:48:52,fred,fred:UST10Y2Y,0.33,-0.153846,-2
2026-09-13 15:48:52,fred,fred:FEDFUNDS,3.75,0.0,0
2026-09-13 15:48:52,fred,fred:HY_OAS,2.7,-0.00369,-1
2026-09-13 15:48:52,fred,fred:VIX,17.84,0.08384,2
2026-09-13 15:48:52,fred,fred:WALCL,6740619.0,0.0,0
2026-09-13 15:48:52,fred,fred:RRP,5.255,0.109586,2
2026-09-13 15:48:52,fred,fred:TGA,883335.0,0.0,0
2026-09-13 15:48:52,fred,fred:SOFR,3.62,-0.005495,-1
2026-09-13 15:48:52,fred,fred:T10YIE,2.36,-0.016667,-1
2026-09-13 15:48:52,fred,fred:WTI,97.26,0.0,0
2026-09-13 15:48:52,fred,fred:IG_OAS,0.8,-0.012346,-1
2026-09-13 15:48:52,yahoo,fx:USDCNH,6.707,-0.001013,-1
2026-09-13 15:48:52,yahoo,idx:HSI,24805.63,-0.005964,-1
2026-09-13 15:48:52,yahoo,idx:MOVE,82.2068,0.001367,2
2026-09-13 15:48:52,yahoo,cm:GOLD_FUT,4408.9,0.010682,1
2026-09-13 15:48:52,yahoo,cm:COPPER_FUT,6.548,0.002987,1
2026-09-13 15:48:52,cnbond,bond:CN10Y,1.6899,0.006073,1
2026-09-13 15:48:52,cnbond,bond:CN30Y,2.146,0.003273,1
2026-09-13 15:48:52,cftc,cot:JPY_LEV_NET,-49098.0,0.519533,1
2026-09-13 15:48:52,cftc,cot:JPY_LEV_LONG,81760.0,0.396914,1
2026-09-13 15:48:52,cftc,cot:JPY_LEV_SHORT,130858.0,-0.185786,-1
2026-09-13 15:48:52,cftc,cot:JPY_DEALER_NET,-39477.0,-1.497687,-1
2026-09-13 15:48:52,cftc,cot:JPY_OI,499635.0,0.213054,1
2026-09-13 15:49:48,social,social:NVDA:mentions,14.0,-0.820513,-1
2026-09-13 15:49:48,social,social:NVDA:rank,5.0,-0.166667,-1
2026-09-13 15:49:48,social,social:MSFT:mentions,3.0,-0.863636,-2
2026-09-13 15:49:48,social,social:MSFT:rank,34.0,0.36,2
2026-09-13 15:49:48,social,social:TSLA:mentions,3.0,-0.903226,-2
2026-09-13 15:49:48,social,social:TSLA:rank,37.0,1.3125,2
2026-09-13 15:49:48,social,social:AMD:mentions,3.0,-0.85,-2
2026-09-13 15:49:48,social,social:AMD:rank,38.0,0.310345,2
2026-09-13 15:49:48,social,social:SMH:mentions,3.0,0.0,0
2026-09-13 15:49:48,social,social:SMH:rank,43.0,-0.635593,-1
2026-09-13 15:49:48,social,social:GOOGL:mentions,3.0,-0.863636,-2
2026-09-13 15:49:48,social,social:GOOGL:rank,44.0,0.62963,2
2026-09-13 15:49:48,social,social:AAPL:mentions,2.0,-0.980583,-2
2026-09-13 15:49:48,social,social:AAPL:rank,45.0,10.25,2
2026-09-13 15:49:48,social,social:META:mentions,2.0,-0.96,-2
2026-09-13 15:49:48,social,social:META:rank,65.0,6.222222,2
2026-09-13 15:49:48,social,social:AMZN:mentions,1.0,-0.888889,-2
2026-09-13 15:49:48,social,social:AMZN:rank,71.0,0.44898,2
2026-09-13 15:49:48,social,social:TSM:mentions,1.0,0.0,0
2026-09-13 15:49:48,social,social:TSM:rank,78.0,-0.549133,-2
2026-09-13 15:49:48,social,social:AVGO:mentions,1.0,-0.75,-2
2026-09-13 15:49:48,social,social:AVGO:rank,95.0,0.0,0
2026-09-13 15:49:48,social,social:FPS:mentions,2.0,,
2026-09-13 15:49:48,social,social:FPS:rank,70.0,,
2026-09-13 15:49:48,social,social:XYZ:mentions,2.0,,
2026-09-13 15:49:48,social,social:XYZ:rank,69.0,,
2026-09-13 15:49:48,social,social:PR:mentions,7.0,,
2026-09-13 15:49:48,social,social:PR:rank,14.0,,
2026-09-13 15:49:48,social,social:WAY:mentions,2.0,-0.333333,-1
2026-09-13 15:49:48,social,social:WAY:rank,68.0,-0.472868,-1
2026-09-13 15:49:48,social,social:BROS:mentions,7.0,,
2026-09-13 15:49:48,social,social:BROS:rank,13.0,,
2026-09-13 15:49:48,social,social:GME:mentions,12.0,,
2026-09-13 15:49:48,social,social:GME:rank,6.0,,
2026-09-13 15:49:48,social,social:AMC:mentions,4.0,,
2026-09-13 15:49:48,social,social:AMC:rank,31.0,,
2026-09-13 15:49:48,social,social:GOAT:mentions,4.0,,
2026-09-13 15:49:48,social,social:GOAT:rank,30.0,,
2026-09-13 15:49:48,social,social:BYD:mentions,7.0,,
2026-09-13 15:49:48,social,social:BYD:rank,11.0,,
2026-09-13 15:49:48,social,social:DT:mentions,2.0,,
2026-09-13 15:49:48,social,social:DT:rank,57.0,,
2026-09-14 08:30:15,hl_xyz,xyz:AAOI,100.78,-0.02217,-4
2026-09-14 08:30:15,hl_xyz,xyz:AAPL,330.0,-0.00822,-1
2026-09-14 08:30:15,hl_xyz,xyz:ALUMINIUM,3080.0,0.0,0
2026-09-14 08:30:15,hl_xyz,xyz:AMAT,446.43,-0.0196,-1
2026-09-14 08:30:15,hl_xyz,xyz:AMD,501.285,-0.013053,-1
2026-09-14 08:30:15,hl_xyz,xyz:AMZN,254.51,-0.006209,-1
2026-09-14 08:30:15,hl_xyz,xyz:ARM,254.825,-0.031507,-1
2026-09-14 08:30:15,hl_xyz,xyz:ASML,1661.8,-0.017645,-1
2026-09-14 08:30:15,hl_xyz,xyz:AVGO,355.97,-0.009061,-2
2026-09-14 08:30:15,hl_xyz,xyz:BABA,108.605,-0.008626,-1
2026-09-14 08:30:15,hl_xyz,xyz:BB,7.6052,-0.014436,-1
2026-09-14 08:30:15,hl_xyz,xyz:BE,262.38,-0.025805,-1
2026-09-14 08:30:15,hl_xyz,xyz:BIRD,2.45395,-0.005673,-1
2026-09-14 08:30:15,hl_xyz,xyz:BMNR,24.233,-0.028815,-1
2026-09-14 08:30:15,hl_xyz,xyz:BOT,26.523,-0.014473,-2
2026-09-14 08:30:15,hl_xyz,xyz:BRENTOIL,103.115,0.026786,1
2026-09-14 08:30:15,hl_xyz,xyz:BX,128.045,0.001486,3
2026-09-14 08:30:15,hl_xyz,xyz:CBRS,185.36,-0.01684,-2
2026-09-14 08:30:15,hl_xyz,xyz:CL,99.015,0.02954,1
2026-09-14 08:30:15,hl_xyz,xyz:COIN,172.255,-0.014672,-1
2026-09-14 08:30:15,hl_xyz,xyz:COPPER,6.518,0.000752,1
2026-09-14 08:30:15,hl_xyz,xyz:CORN,4.61,0.0,0
2026-09-14 08:30:15,hl_xyz,xyz:COST,905.81,0.003412,1
2026-09-14 08:30:15,hl_xyz,xyz:CRCL,88.68,-0.021937,-1
2026-09-14 08:30:15,hl_xyz,xyz:CRWD,208.73,0.013228,1
2026-09-14 08:30:15,hl_xyz,xyz:CRWV,85.476,-0.02146,-4
2026-09-14 08:30:15,hl_xyz,xyz:CXMT,8.1745,-0.009049,-2
2026-09-14 08:30:15,hl_xyz,xyz:DELL,557.63,-0.00528,-1
2026-09-14 08:30:15,hl_xyz,xyz:DKNG,24.445,0.009332,4
2026-09-14 08:30:15,hl_xyz,xyz:DRAM,56.1545,-0.024985,-4
2026-09-14 08:30:15,hl_xyz,xyz:DXY,97.15,0.0,0
2026-09-14 08:30:15,hl_xyz,xyz:EBAY,106.68,-0.000749,-1
2026-09-14 08:30:15,hl_xyz,xyz:EUR,1.15925,-0.000345,-2
2026-09-14 08:30:15,hl_xyz,xyz:EWJ,97.238,-0.008918,-1
2026-09-14 08:30:15,hl_xyz,xyz:EWT,109.665,-0.006253,-1
2026-09-14 08:30:15,hl_xyz,xyz:EWY,182.045,-0.029326,-1
2026-09-14 08:30:15,hl_xyz,xyz:EWZ,38.338,0.013495,1
2026-09-14 08:30:15,hl_xyz,xyz:GBP,1.3517,-0.000111,-1
2026-09-14 08:30:15,hl_xyz,xyz:GEV,939.12,-0.014042,-1
2026-09-14 08:30:15,hl_xyz,xyz:GIGADEV,53.373,-0.016592,-4
2026-09-14 08:30:15,hl_xyz,xyz:GME,21.0475,-0.001068,-3
2026-09-14 08:30:15,hl_xyz,xyz:GOLD,4339.95,-0.002964,-1
2026-09-14 08:30:15,hl_xyz,xyz:GOOGL,335.745,-0.010827,-1
2026-09-14 08:30:15,hl_xyz,xyz:H100,2.6,0.0,0
2026-09-14 08:30:15,hl_xyz,xyz:HIMS,27.0115,-0.014628,-2
2026-09-14 08:30:15,hl_xyz,xyz:HOOD,110.565,0.000317,1
2026-09-14 08:30:15,hl_xyz,xyz:HYUNDAI,273.425,-0.035555,-1
2026-09-14 08:30:15,hl_xyz,xyz:IBIDEN,115.27,-0.109678,-1
2026-09-14 08:30:15,hl_xyz,xyz:IBM,242.775,0.001857,3
2026-09-14 08:30:15,hl_xyz,xyz:IBOV,175000.0,0.0,0
2026-09-14 08:30:15,hl_xyz,xyz:INTC,98.941,-0.01854,-1
2026-09-14 08:30:15,hl_xyz,xyz:IREN,41.752,-0.028639,-4
2026-09-14 08:30:15,hl_xyz,xyz:JP225,62909.5,-0.022507,-1
2026-09-14 08:30:15,hl_xyz,xyz:JPY,153.615,0.000782,1
2026-09-14 08:30:15,hl_xyz,xyz:KIOXIA,321.825,-0.040231,-4
2026-09-14 08:30:15,hl_xyz,xyz:KORU,20.7445,-0.089015,-1
2026-09-14 08:30:15,hl_xyz,xyz:KR200,1053.25,-0.03782,-1
2026-09-14 08:30:15,hl_xyz,xyz:KRW,1346.0,0.003354,1
2026-09-14 08:30:15,hl_xyz,xyz:KSTR,22.49,-0.003545,-2
2026-09-14 08:30:15,hl_xyz,xyz:LITE,893.715,-0.021787,-4
2026-09-14 08:30:15,hl_xyz,xyz:LLY,1118.45,0.002375,1
2026-09-14 08:30:15,hl_xyz,xyz:LYTE,24.4645,-0.015573,-1
2026-09-14 08:30:15,hl_xyz,xyz:MAGS,69.3425,-0.003685,-1
2026-09-14 08:30:15,hl_xyz,xyz:META,641.21,-0.009814,-1
2026-09-14 08:30:15,hl_xyz,xyz:MINIMAX,32.5225,0.011067,1
2026-09-14 08:30:15,hl_xyz,xyz:MRNA,142.71,-0.001749,-1
2026-09-14 08:30:15,hl_xyz,xyz:MRVL,226.01,-0.018585,-1
2026-09-14 08:30:15,hl_xyz,xyz:MSFT,492.76,-0.002025,-1
2026-09-14 08:30:15,hl_xyz,xyz:MSTR,127.57,-0.017597,-1
2026-09-14 08:30:15,hl_xyz,xyz:MU,938.675,-0.018389,-4
2026-09-14 08:30:15,hl_xyz,xyz:NATGAS,3.00865,0.023089,4
2026-09-14 08:30:15,hl_xyz,xyz:NBIS,213.535,-0.021021,-4
2026-09-14 08:30:15,hl_xyz,xyz:NCLD,23.358,-0.029338,-1
2026-09-14 08:30:15,hl_xyz,xyz:NET,305.405,-0.006668,-4
2026-09-14 08:30:15,hl_xyz,xyz:NFLX,77.022,0.000104,3
2026-09-14 08:30:15,hl_xyz,xyz:NIFTY,24250.0,0.0,0
2026-09-14 08:30:15,hl_xyz,xyz:NOK,10.729,-0.024415,-1
2026-09-14 08:30:15,hl_xyz,xyz:NOW,133.46,0.013248,3
2026-09-14 08:30:15,hl_xyz,xyz:NVDA,214.435,-0.009378,-4
2026-09-14 08:30:15,hl_xyz,xyz:ORCL,147.685,-0.01032,-2
2026-09-14 08:30:15,hl_xyz,xyz:PALLADIUM,1297.45,-0.011165,-1
2026-09-14 08:30:15,hl_xyz,xyz:PLATINUM,1794.35,0.001311,3
2026-09-14 08:30:15,hl_xyz,xyz:PLTR,165.625,-0.009242,-1
2026-09-14 08:30:15,hl_xyz,xyz:PURRDAT,11.1865,-0.029497,-1
2026-09-14 08:30:15,hl_xyz,xyz:QCOM,177.56,-0.015033,-1
2026-09-14 08:30:15,hl_xyz,xyz:QNT,48.3595,-0.00593,-2
2026-09-14 08:30:15,hl_xyz,xyz:RDDT,155.69,-0.009795,-1
2026-09-14 08:30:15,hl_xyz,xyz:RIVN,16.0055,0.003637,1
2026-09-14 08:30:15,hl_xyz,xyz:RKLB,61.801,-0.014802,-1
2026-09-14 08:30:15,hl_xyz,xyz:SHAZ,57.305,-0.020687,-1
2026-09-14 08:30:15,hl_xyz,xyz:SHEIN,4.99955,-0.0105,-2
2026-09-14 08:30:15,hl_xyz,xyz:SILVER,64.017,-0.006865,-1
2026-09-14 08:30:15,hl_xyz,xyz:SKHX,1278.05,-0.03627,-1
2026-09-14 08:30:15,hl_xyz,xyz:SKHY,180.815,-0.024809,-4
2026-09-14 08:30:15,hl_xyz,xyz:SMH,557.175,-0.015992,-1
2026-09-14 08:30:15,hl_xyz,xyz:SMSN,186.555,-0.0223,-4
2026-09-14 08:30:15,hl_xyz,xyz:SNDK,1555.05,-0.026177,-4
2026-09-14 08:30:15,hl_xyz,xyz:SNXX,16.36,0.0,0
2026-09-14 08:30:15,hl_xyz,xyz:SOFTBANK,37.585,-0.041297,-4
2026-09-14 08:30:15,hl_xyz,xyz:SOXL,114.105,-0.045106,-1
2026-09-14 08:30:15,hl_xyz,xyz:SP500,7613.9,-0.00294,-1
2026-09-14 08:30:15,hl_xyz,xyz:SPCX,148.585,-0.008673,-1
2026-09-14 08:30:15,hl_xyz,xyz:STRC,98.2885,0.000127,4
2026-09-14 08:30:15,hl_xyz,xyz:TSLA,359.79,-0.017357,-1
2026-09-14 08:30:15,hl_xyz,xyz:TSM,425.09,-0.010809,-1
2026-09-14 08:30:15,hl_xyz,xyz:TTF,57.0,0.0,0
2026-09-14 08:30:15,hl_xyz,xyz:UNITREE,68.1745,-0.00663,-2
2026-09-14 08:30:15,hl_xyz,xyz:URANIUM,85.0,0.0,0
2026-09-14 08:30:15,hl_xyz,xyz:URNM,51.435,-0.000233,-4
2026-09-14 08:30:15,hl_xyz,xyz:USAR,15.3305,-0.017811,-4
2026-09-14 08:30:15,hl_xyz,xyz:VIX,20.0,0.0,0
2026-09-14 08:30:15,hl_xyz,xyz:VOL,15.0,0.0,0
2026-09-14 08:30:15,hl_xyz,xyz:WDC,434.595,-0.020499,-4
2026-09-14 08:30:15,hl_xyz,xyz:WHEAT,6.3,0.0,0
2026-09-14 08:30:15,hl_xyz,xyz:XBI,155.85,0.011783,1
2026-09-14 08:30:15,hl_xyz,xyz:XLE,65.926,0.017942,1
2026-09-14 08:30:15,hl_xyz,xyz:XYZ100,29003.0,-0.007681,-1
2026-09-14 08:30:15,hl_xyz,xyz:YMTC,10.0,0.0,0
2026-09-14 08:30:15,hl_xyz,xyz:ZHIPU,93.402,-0.00845,-4
2026-09-14 08:30:15,hl_xyz,xyz:ZM,95.562,0.005641,1
2026-09-14 08:30:15,hl_ctx,xyz:NVDA:funding,6e-06,1.117925,1
2026-09-14 08:30:15,hl_ctx,xyz:AMD:funding,5.3e-05,1.561309,1
2026-09-14 08:30:15,hl_ctx,xyz:AVGO:funding,2.7e-05,1.334605,1
2026-09-14 08:30:15,hl_ctx,xyz:TSM:funding,7.5e-05,5.679163,1
2026-09-14 08:30:15,hl_ctx,xyz:SMH:funding,2.6e-05,1.256317,1
2026-09-14 08:30:15,hl_ctx,xyz:AMZN:funding,6e-06,1.576391,1
2026-09-14 08:30:15,hl_ctx,xyz:META:funding,6e-06,1.284091,1
2026-09-14 08:30:15,hl_ctx,xyz:MSFT:funding,6e-06,1.416667,1
2026-09-14 08:30:15,hl_ctx,xyz:GOOGL:funding,6e-06,1.088028,1
2026-09-14 08:30:15,hl_ctx,xyz:BABA:funding,6e-06,0.041667,1
2026-09-14 08:30:15,hl_ctx,xyz:COIN:funding,2.4e-05,1.429111,1
2026-09-14 08:30:15,hl_ctx,xyz:XYZ100:funding,6e-06,0.0,0
2026-09-14 08:30:15,hl_ctx,xyz:DXY:funding,0.0,0.0,0
2026-09-14 08:30:15,hl_ctx,xyz:JPY:funding,0.0,0.0,0
2026-09-14 08:30:15,hl_ctx,xyz:VIX:funding,0.0,0.0,0
2026-09-14 08:30:15,hl_ctx,xyz:JP225:funding,3e-05,1.177968,1
2026-09-14 08:30:15,hl_ctx,xyz:BRENTOIL:funding,-0.00017,-14.068892,-1
2026-09-14 08:30:15,hl_ctx,xyz:NATGAS:funding,0.000146,23.313017,1
2026-09-14 08:30:15,hl_ctx,xyz:COPPER:funding,-4.5e-05,-8.451883,-3
2026-09-14 08:30:15,hl_ctx,xyz:GOLD:funding,6e-06,0.041667,1
2026-09-14 08:30:15,hl_main,BTC,76465.5,-0.00839,-1
2026-09-14 08:30:15,hl_main,ETH,2468.95,-0.019616,-1
2026-09-14 08:30:15,hl_main,SOL,99.0995,-0.016431,-1
2026-09-14 08:30:15,hl_event,#12090,0.0901,-0.385821,-4
2026-09-14 08:30:15,hl_event,#12091,0.9099,0.066331,4
2026-09-14 08:30:15,hl_event,#12100,0.0208,-0.122363,-2
2026-09-14 08:30:15,hl_event,#12101,0.9792,0.00297,2
2026-09-14 08:30:15,hl_event,#12110,0.01336,-0.075112,-2
2026-09-14 08:30:15,hl_event,#12111,0.98664,0.001101,2
2026-09-14 08:30:15,hl_event,#12120,0.028505,-0.173768,-2
2026-09-14 08:30:15,hl_event,#12121,0.971495,0.006209,2
2026-09-14 08:30:15,treasury,fred:UST2Y,4.63,0.0,0
2026-09-14 08:30:15,treasury,fred:UST10Y,4.96,0.0,0
2026-09-14 08:30:15,treasury,fred:UST20Y,5.38,0.0,0
2026-09-14 08:30:15,fred,fred:UST30Y,5.37,0.0,0
2026-09-14 08:30:15,fred,fred:UST10Y2Y,0.33,0.0,0
2026-09-14 08:30:15,fred,fred:FEDFUNDS,3.75,0.0,0
2026-09-14 08:30:15,fred,fred:HY_OAS,2.7,0.0,0
2026-09-14 08:30:15,fred,fred:VIX,17.84,0.0,0
2026-09-14 08:30:15,fred,fred:WALCL,6740619.0,0.0,0
2026-09-14 08:30:15,fred,fred:RRP,5.255,0.0,0
2026-09-14 08:30:15,fred,fred:TGA,883335.0,0.0,0
2026-09-14 08:30:15,fred,fred:SOFR,3.62,0.0,0
2026-09-14 08:30:15,fred,fred:T10YIE,2.36,0.0,0
2026-09-14 08:30:15,fred,fred:WTI,97.26,0.0,0
2026-09-14 08:30:15,fred,fred:IG_OAS,0.8,0.0,0
2026-09-14 08:30:15,yahoo,fx:USDCNH,6.709,0.000298,1
2026-09-14 08:30:15,yahoo,idx:HSI,24805.63,0.0,0
2026-09-14 08:30:15,yahoo,idx:MOVE,82.2068,0.0,0
2026-09-14 08:30:15,yahoo,cm:GOLD_FUT,4380.9,-0.006351,-1
2026-09-14 08:30:15,yahoo,cm:COPPER_FUT,6.525,-0.003513,-1
2026-09-14 08:30:15,cnbond,bond:CN10Y,1.6899,0.0,0
2026-09-14 08:30:15,cnbond,bond:CN30Y,2.146,0.0,0
2026-09-14 08:30:15,cftc,cot:JPY_LEV_NET,-49098.0,0.0,0
2026-09-14 08:30:15,cftc,cot:JPY_LEV_LONG,81760.0,0.0,0
2026-09-14 08:30:15,cftc,cot:JPY_LEV_SHORT,130858.0,0.0,0
2026-09-14 08:30:15,cftc,cot:JPY_DEALER_NET,-39477.0,0.0,0
2026-09-14 08:30:15,cftc,cot:JPY_OI,499635.0,0.0,0
2026-09-14 08:30:47,social,social:NVDA:mentions,33.0,1.357143,1
2026-09-14 08:30:47,social,social:NVDA:rank,3.0,-0.4,-2
2026-09-14 08:30:47,social,social:AMD:mentions,20.0,5.666667,1
2026-09-14 08:30:47,social,social:AMD:rank,7.0,-0.815789,-1
2026-09-14 08:30:47,social,social:META:mentions,17.0,7.5,1
2026-09-14 08:30:47,social,social:META:rank,10.0,-0.846154,-1
2026-09-14 08:30:47,social,social:TSLA:mentions,13.0,3.333333,1
2026-09-14 08:30:47,social,social:TSLA:rank,16.0,-0.567568,-1
2026-09-14 08:30:47,social,social:GOOGL:mentions,10.0,2.333333,1
2026-09-14 08:30:47,social,social:GOOGL:rank,22.0,-0.5,-1
2026-09-14 08:30:47,social,social:AAPL:mentions,7.0,2.5,1
2026-09-14 08:30:47,social,social:AAPL:rank,30.0,-0.333333,-1
2026-09-14 08:30:47,social,social:MSFT:mentions,6.0,1.0,1
2026-09-14 08:30:47,social,social:MSFT:rank,35.0,0.029412,3
2026-09-14 08:30:47,social,social:AVGO:mentions,3.0,2.0,1
2026-09-14 08:30:47,social,social:AVGO:rank,62.0,-0.347368,-1
2026-09-14 08:30:47,social,social:TSM:mentions,2.0,1.0,1
2026-09-14 08:30:47,social,social:TSM:rank,78.0,0.0,0
2026-09-14 08:30:47,social,social:SMH:mentions,2.0,-0.333333,-1
2026-09-14 08:30:47,social,social:SMH:rank,98.0,1.27907,1
2026-09-14 08:30:47,social,social:AMZN:mentions,1.0,0.0,0
2026-09-14 08:30:47,social,social:AMZN:rank,113.0,0.591549,3
2026-09-14 08:30:47,social,social:BABA:mentions,1.0,0.0,0
2026-09-14 08:30:47,social,social:BABA:rank,217.0,-0.256849,-2
2026-09-14 08:30:47,social,social:CRWV:mentions,4.0,,
2026-09-14 08:30:47,social,social:CRWV:rank,61.0,,
2026-09-14 08:30:47,social,social:HELP:mentions,3.0,-0.25,-1
2026-09-14 08:30:47,social,social:HELP:rank,77.0,-0.23,-1
2026-09-14 08:30:47,social,social:AENT:mentions,8.0,,
2026-09-14 08:30:47,social,social:AENT:rank,29.0,,
2026-09-14 08:30:47,social,social:ARM:mentions,3.0,0.5,1
2026-09-14 08:30:47,social,social:ARM:rank,76.0,-0.550296,-1
2026-09-14 08:30:47,social,social:DC:mentions,2.0,,
2026-09-14 08:30:47,social,social:DC:rank,111.0,,
2026-09-14 08:30:47,social,social:CAN:mentions,5.0,,
2026-09-14 08:30:47,social,social:CAN:rank,48.0,,
2026-09-14 08:30:47,social,social:OPEN:mentions,7.0,,
2026-09-14 08:30:47,social,social:OPEN:rank,34.0,,
2026-09-14 08:30:47,social,social:IONQ:mentions,2.0,,
2026-09-14 08:30:47,social,social:IONQ:rank,110.0,,
2026-09-14 08:30:47,social,social:CSV:mentions,3.0,,
2026-09-14 08:30:47,social,social:CSV:rank,70.0,,
2026-09-14 08:30:47,social,social:ANY:mentions,2.0,,
2026-09-14 08:30:47,social,social:ANY:rank,109.0,,
2026-09-15 08:33:43,hl_xyz,xyz:AAOI,97.3285,-0.034248,-5
2026-09-15 08:33:43,hl_xyz,xyz:AAPL,331.685,0.005106,1
2026-09-15 08:33:43,hl_xyz,xyz:ALUMINIUM,3080.0,0.0,0
2026-09-15 08:33:43,hl_xyz,xyz:AMAT,427.235,-0.042997,-2
2026-09-15 08:33:43,hl_xyz,xyz:AMD,495.065,-0.012408,-2
2026-09-15 08:33:43,hl_xyz,xyz:AMZN,253.595,-0.003595,-2
2026-09-15 08:33:43,hl_xyz,xyz:ARM,241.655,-0.051683,-2
2026-09-15 08:33:43,hl_xyz,xyz:ASML,1588.95,-0.043838,-2
2026-09-15 08:33:43,hl_xyz,xyz:AVGO,346.645,-0.026196,-3
2026-09-15 08:33:43,hl_xyz,xyz:BABA,109.33,0.006676,1
2026-09-15 08:33:43,hl_xyz,xyz:BB,7.73695,0.017324,1
2026-09-15 08:33:43,hl_xyz,xyz:BE,259.395,-0.011377,-2
2026-09-15 08:33:43,hl_xyz,xyz:BIRD,2.5196,0.026753,1
2026-09-15 08:33:43,hl_xyz,xyz:BMNR,25.2485,0.041906,1
2026-09-15 08:33:43,hl_xyz,xyz:BOT,26.3905,-0.004996,-3
2026-09-15 08:33:43,hl_xyz,xyz:BRENTOIL,101.845,-0.012316,-1
2026-09-15 08:33:43,hl_xyz,xyz:BX,128.165,0.000937,4
2026-09-15 08:33:43,hl_xyz,xyz:CBRS,182.375,-0.016104,-3
2026-09-15 08:33:43,hl_xyz,xyz:CL,98.14,-0.008837,-1
2026-09-15 08:33:43,hl_xyz,xyz:COIN,187.57,0.088909,1
2026-09-15 08:33:43,hl_xyz,xyz:COPPER,6.385,-0.020405,-1
2026-09-15 08:33:43,hl_xyz,xyz:CORN,4.61,0.0,0
2026-09-15 08:33:43,hl_xyz,xyz:COST,917.55,0.012961,2
2026-09-15 08:33:43,hl_xyz,xyz:CRCL,94.734,0.068268,1
2026-09-15 08:33:43,hl_xyz,xyz:CRWD,234.825,0.125018,2
2026-09-15 08:33:43,hl_xyz,xyz:CRWV,83.6815,-0.020994,-5
2026-09-15 08:33:43,hl_xyz,xyz:CXMT,8.00605,-0.020607,-3
2026-09-15 08:33:43,hl_xyz,xyz:DELL,535.895,-0.038977,-2
2026-09-15 08:33:43,hl_xyz,xyz:DKNG,24.9525,0.020761,5
2026-09-15 08:33:43,hl_xyz,xyz:DRAM,56.0725,-0.00146,-5
2026-09-15 08:33:43,hl_xyz,xyz:DXY,97.15,0.0,0
2026-09-15 08:33:43,hl_xyz,xyz:EBAY,108.71,0.019029,1
2026-09-15 08:33:43,hl_xyz,xyz:EUR,1.1549,-0.003752,-3
2026-09-15 08:33:43,hl_xyz,xyz:EWJ,97.317,0.000812,1
2026-09-15 08:33:43,hl_xyz,xyz:EWT,107.52,-0.01956,-2
2026-09-15 08:33:43,hl_xyz,xyz:EWY,180.02,-0.011124,-2
2026-09-15 08:33:43,hl_xyz,xyz:EWZ,37.859,-0.012494,-1
2026-09-15 08:33:43,hl_xyz,xyz:GBP,1.3499,-0.001332,-2
2026-09-15 08:33:43,hl_xyz,xyz:GEV,882.355,-0.060445,-2
2026-09-15 08:33:43,hl_xyz,xyz:GIGADEV,52.4,-0.01823,-5
2026-09-15 08:33:43,hl_xyz,xyz:GME,21.5615,0.024421,1
2026-09-15 08:33:43,hl_xyz,xyz:GOLD,4287.55,-0.012074,-2
2026-09-15 08:33:43,hl_xyz,xyz:GOOGL,347.105,0.033835,1
2026-09-15 08:33:43,hl_xyz,xyz:H100,2.6,0.0,0
2026-09-15 08:33:43,hl_xyz,xyz:HIMS,28.842,0.067767,1
2026-09-15 08:33:43,hl_xyz,xyz:HOOD,113.84,0.029621,2
2026-09-15 08:33:43,hl_xyz,xyz:HYUNDAI,275.455,0.007424,1
2026-09-15 08:33:43,hl_xyz,xyz:IBIDEN,123.72,0.073306,1
2026-09-15 08:33:43,hl_xyz,xyz:IBM,248.465,0.023437,4
2026-09-15 08:33:43,hl_xyz,xyz:IBOV,175000.0,0.0,0
2026-09-15 08:33:43,hl_xyz,xyz:INTC,97.9135,-0.010385,-2
2026-09-15 08:33:43,hl_xyz,xyz:IREN,43.487,0.041555,1
2026-09-15 08:33:43,hl_xyz,xyz:JP225,63571.5,0.010523,1
2026-09-15 08:33:43,hl_xyz,xyz:JPY,154.53,0.005956,2
2026-09-15 08:33:43,hl_xyz,xyz:KIOXIA,336.81,0.046563,1
2026-09-15 08:33:43,hl_xyz,xyz:KORU,19.7315,-0.048832,-2
2026-09-15 08:33:43,hl_xyz,xyz:KR200,1047.25,-0.005697,-2
2026-09-15 08:33:43,hl_xyz,xyz:KRW,1349.0,0.002229,2
2026-09-15 08:33:43,hl_xyz,xyz:KSTR,22.25,-0.010671,-3
2026-09-15 08:33:43,hl_xyz,xyz:LITE,847.56,-0.051644,-5
2026-09-15 08:33:43,hl_xyz,xyz:LLY,1138.8,0.018195,2
2026-09-15 08:33:43,hl_xyz,xyz:LYTE,23.584,-0.035991,-2
2026-09-15 08:33:43,hl_xyz,xyz:MAGS,70.169,0.011919,1
2026-09-15 08:33:43,hl_xyz,xyz:META,664.245,0.035924,1
2026-09-15 08:33:43,hl_xyz,xyz:MINIMAX,32.9125,0.011992,2
2026-09-15 08:33:43,hl_xyz,xyz:MRNA,146.3,0.025156,1
2026-09-15 08:33:43,hl_xyz,xyz:MRVL,221.605,-0.01949,-2
2026-09-15 08:33:43,hl_xyz,xyz:MSFT,504.13,0.023074,1
2026-09-15 08:33:43,hl_xyz,xyz:MSTR,134.215,0.052089,1
2026-09-15 08:33:43,hl_xyz,xyz:MU,935.735,-0.003132,-5
2026-09-15 08:33:43,hl_xyz,xyz:NATGAS,3.03645,0.00924,5
2026-09-15 08:33:43,hl_xyz,xyz:NBIS,214.26,0.003395,1
2026-09-15 08:33:43,hl_xyz,xyz:NCLD,22.7865,-0.024467,-2
2026-09-15 08:33:43,hl_xyz,xyz:NET,330.115,0.080909,1
2026-09-15 08:33:43,hl_xyz,xyz:NFLX,80.019,0.038911,4
2026-09-15 08:33:43,hl_xyz,xyz:NIFTY,24250.0,0.0,0
2026-09-15 08:33:43,hl_xyz,xyz:NOK,9.8115,-0.085516,-2
2026-09-15 08:33:43,hl_xyz,xyz:NOW,141.535,0.060505,4
2026-09-15 08:33:43,hl_xyz,xyz:NVDA,212.415,-0.00942,-5
2026-09-15 08:33:43,hl_xyz,xyz:ORCL,144.675,-0.020381,-3
2026-09-15 08:33:43,hl_xyz,xyz:PALLADIUM,1279.7,-0.013681,-2
2026-09-15 08:33:43,hl_xyz,xyz:PLATINUM,1751.05,-0.024131,-1
2026-09-15 08:33:43,hl_xyz,xyz:PLTR,172.65,0.042415,1
2026-09-15 08:33:43,hl_xyz,xyz:PURRDAT,11.7335,0.048898,1
2026-09-15 08:33:43,hl_xyz,xyz:QCOM,180.63,0.01729,1
2026-09-15 08:33:43,hl_xyz,xyz:QNT,49.1145,0.015612,1
2026-09-15 08:33:43,hl_xyz,xyz:RDDT,161.73,0.038795,1
2026-09-15 08:33:43,hl_xyz,xyz:RIVN,15.8695,-0.008497,-1
2026-09-15 08:33:43,hl_xyz,xyz:RKLB,62.6185,0.013228,1
2026-09-15 08:33:43,hl_xyz,xyz:SHAZ,52.7795,-0.078972,-2
2026-09-15 08:33:43,hl_xyz,xyz:SHEIN,4.7371,-0.052495,-3
2026-09-15 08:33:43,hl_xyz,xyz:SILVER,62.9405,-0.016816,-2
2026-09-15 08:33:43,hl_xyz,xyz:SKHX,1267.45,-0.008294,-2
2026-09-15 08:33:43,hl_xyz,xyz:SKHY,178.245,-0.014213,-5
2026-09-15 08:33:43,hl_xyz,xyz:SMH,544.945,-0.02195,-2
2026-09-15 08:33:43,hl_xyz,xyz:SMSN,185.515,-0.005575,-5
2026-09-15 08:33:43,hl_xyz,xyz:SNDK,1570.15,0.00971,1
2026-09-15 08:33:43,hl_xyz,xyz:SNXX,16.36,0.0,0
2026-09-15 08:33:43,hl_xyz,xyz:SOFTBANK,40.155,0.068378,1
2026-09-15 08:33:43,hl_xyz,xyz:SOXL,102.805,-0.099032,-2
2026-09-15 08:33:43,hl_xyz,xyz:SP500,7621.65,0.001018,1
2026-09-15 08:33:43,hl_xyz,xyz:SPCX,148.725,0.000942,1
2026-09-15 08:33:43,hl_xyz,xyz:STRC,98.2695,-0.000193,-1
2026-09-15 08:33:43,hl_xyz,xyz:TSLA,360.175,0.00107,1
2026-09-15 08:33:43,hl_xyz,xyz:TSM,420.145,-0.011633,-2
2026-09-15 08:33:43,hl_xyz,xyz:TTF,57.0,0.0,0
2026-09-15 08:33:43,hl_xyz,xyz:UNITREE,69.451,0.018724,1
2026-09-15 08:33:43,hl_xyz,xyz:URANIUM,85.0,0.0,0
2026-09-15 08:33:43,hl_xyz,xyz:URNM,50.64,-0.015456,-5
2026-09-15 08:33:43,hl_xyz,xyz:USAR,15.731,0.026124,1
2026-09-15 08:33:43,hl_xyz,xyz:VIX,20.0,0.0,0
2026-09-15 08:33:43,hl_xyz,xyz:VOL,15.0,0.0,0
2026-09-15 08:33:43,hl_xyz,xyz:WDC,432.155,-0.005614,-5
2026-09-15 08:33:43,hl_xyz,xyz:WHEAT,6.3,0.0,0
2026-09-15 08:33:43,hl_xyz,xyz:XBI,157.91,0.013218,2
2026-09-15 08:33:43,hl_xyz,xyz:XLE,64.692,-0.018718,-1
2026-09-15 08:33:43,hl_xyz,xyz:XYZ100,29143.5,0.004844,1
2026-09-15 08:33:43,hl_xyz,xyz:YMTC,10.0,0.0,0
2026-09-15 08:33:43,hl_xyz,xyz:ZHIPU,93.133,-0.00288,-5
2026-09-15 08:33:43,hl_xyz,xyz:ZM,95.4,-0.001695,-1
2026-09-15 08:33:43,hl_ctx,xyz:NVDA:funding,8e-06,0.360233,2
2026-09-15 08:33:43,hl_ctx,xyz:AMD:funding,1e-05,-0.818955,-1
2026-09-15 08:33:43,hl_ctx,xyz:AVGO:funding,8e-06,-0.690348,-1
2026-09-15 08:33:43,hl_ctx,xyz:TSM:funding,6e-06,-0.916667,-1
2026-09-15 08:33:43,hl_ctx,xyz:SMH:funding,5.6e-05,1.149485,2
2026-09-15 08:33:43,hl_ctx,xyz:AMZN:funding,6e-06,0.041667,2
2026-09-15 08:33:43,hl_ctx,xyz:META:funding,6e-06,0.041667,2
2026-09-15 08:33:43,hl_ctx,xyz:MSFT:funding,-4e-06,-1.6474,-1
2026-09-15 08:33:43,hl_ctx,xyz:GOOGL:funding,6e-06,0.041667,2
2026-09-15 08:33:43,hl_ctx,xyz:BABA:funding,4.3e-05,6.163583,2
2026-09-15 08:33:43,hl_ctx,xyz:COIN:funding,6e-06,-0.739583,-1
2026-09-15 08:33:43,hl_ctx,xyz:XYZ100:funding,6e-06,0.041667,1
2026-09-15 08:33:43,hl_ctx,xyz:DXY:funding,0.0,0.0,0
2026-09-15 08:33:43,hl_ctx,xyz:JPY:funding,-4e-06,0.0,0
2026-09-15 08:33:43,hl_ctx,xyz:VIX:funding,0.0,0.0,0
2026-09-15 08:33:43,hl_ctx,xyz:JP225:funding,6e-06,-0.791667,-1
2026-09-15 08:33:43,hl_ctx,xyz:BRENTOIL:funding,6e-06,1.036765,1
2026-09-15 08:33:43,hl_ctx,xyz:NATGAS:funding,6e-06,-0.957192,-1
2026-09-15 08:33:43,hl_ctx,xyz:COPPER:funding,1.3e-05,1.297609,1
2026-09-15 08:33:43,hl_ctx,xyz:GOLD:funding,1.3e-05,1.166217,2
2026-09-15 08:33:43,hl_main,BTC,77966.5,0.01963,1
2026-09-15 08:33:43,hl_main,ETH,2511.15,0.017092,1
2026-09-15 08:33:43,hl_main,SOL,102.685,0.036181,1
2026-09-15 08:33:43,hl_event,#12090,0.193,1.142064,1
2026-09-15 08:33:43,hl_event,#12091,0.807,-0.113089,-1
2026-09-15 08:33:43,hl_event,#12100,0.0205,-0.014423,-3
2026-09-15 08:33:43,hl_event,#12101,0.9795,0.000306,3
2026-09-15 08:33:43,hl_event,#12110,0.01882,0.408683,1
2026-09-15 08:33:43,hl_event,#12111,0.98118,-0.005534,-1
2026-09-15 08:33:43,hl_event,#12120,0.048385,0.697422,1
2026-09-15 08:33:43,hl_event,#12121,0.951615,-0.020463,-1
2026-09-15 08:33:43,treasury,fred:UST2Y,4.65,0.00432,1
2026-09-15 08:33:43,treasury,fred:UST10Y,4.97,0.002016,1
2026-09-15 08:33:43,treasury,fred:UST20Y,5.37,-0.001859,-1
2026-09-15 08:33:43,fred,fred:UST30Y,5.35,-0.003724,-1
2026-09-15 08:33:43,fred,fred:UST10Y2Y,0.32,-0.030303,-1
2026-09-15 08:33:43,fred,fred:FEDFUNDS,3.75,0.0,0
2026-09-15 08:33:43,fred,fred:HY_OAS,2.65,-0.018519,-1
2026-09-15 08:33:43,fred,fred:VIX,15.84,-0.112108,-1
2026-09-15 08:33:43,fred,fred:WALCL,6740619.0,0.0,0
2026-09-15 08:33:43,fred,fred:RRP,1.42,-0.729781,-1
2026-09-15 08:33:43,fred,fred:TGA,883335.0,0.0,0
2026-09-15 08:33:43,fred,fred:SOFR,3.62,0.0,0
2026-09-15 08:33:43,fred,fred:T10YIE,2.37,0.004237,1
2026-09-15 08:33:43,fred,fred:WTI,97.26,0.0,0
2026-09-15 08:33:43,fred,fred:IG_OAS,0.8,0.0,0
2026-09-15 08:33:43,yahoo,fx:USDCNH,6.7102,0.000179,2
2026-09-15 08:33:43,yahoo,idx:HSI,24917.6,0.004514,1
2026-09-15 08:33:43,yahoo,idx:MOVE,83.9023,0.020625,1
2026-09-15 08:33:43,yahoo,cm:GOLD_FUT,4326.2,-0.012486,-2
2026-09-15 08:33:43,yahoo,cm:COPPER_FUT,6.3845,-0.021533,-2
2026-09-15 08:33:43,cnbond,bond:CN10Y,1.6888,-0.000651,-1
2026-09-15 08:33:43,cnbond,bond:CN30Y,2.1505,0.002097,1
2026-09-15 08:33:43,cftc,cot:JPY_LEV_NET,-49098.0,0.0,0
2026-09-15 08:33:43,cftc,cot:JPY_LEV_LONG,81760.0,0.0,0
2026-09-15 08:33:43,cftc,cot:JPY_LEV_SHORT,130858.0,0.0,0
2026-09-15 08:33:43,cftc,cot:JPY_DEALER_NET,-39477.0,0.0,0
2026-09-15 08:33:43,cftc,cot:JPY_OI,499635.0,0.0,0
2026-09-15 08:34:23,social,social:NVDA:mentions,93.0,1.818182,2
2026-09-15 08:34:23,social,social:NVDA:rank,4.0,0.333333,1
2026-09-15 08:34:23,social,social:META:mentions,52.0,2.058824,2
2026-09-15 08:34:23,social,social:META:rank,8.0,-0.2,-2
2026-09-15 08:34:23,social,social:AVGO:mentions,51.0,16.0,2
2026-09-15 08:34:23,social,social:AVGO:rank,9.0,-0.854839,-2
2026-09-15 08:34:23,social,social:GOOGL:mentions,48.0,3.8,2
2026-09-15 08:34:23,social,social:GOOGL:rank,11.0,-0.5,-2
2026-09-15 08:34:23,social,social:MSFT:mentions,43.0,6.166667,2
2026-09-15 08:34:23,social,social:MSFT:rank,13.0,-0.628571,-1
2026-09-15 08:34:23,social,social:AAPL:mentions,31.0,3.428571,2
2026-09-15 08:34:23,social,social:AAPL:rank,18.0,-0.4,-2
2026-09-15 08:34:23,social,social:AMZN:mentions,27.0,26.0,1
2026-09-15 08:34:23,social,social:AMZN:rank,20.0,-0.823009,-1
2026-09-15 08:34:23,social,social:TSLA:mentions,27.0,1.076923,2
2026-09-15 08:34:23,social,social:TSLA:rank,21.0,0.3125,1
2026-09-15 08:34:23,social,social:AMD:mentions,20.0,0.0,0
2026-09-15 08:34:23,social,social:AMD:rank,26.0,2.714286,1
2026-09-15 08:34:23,social,social:SMH:mentions,10.0,4.0,1
2026-09-15 08:34:23,social,social:SMH:rank,49.0,-0.5,-1
2026-09-15 08:34:23,social,social:TSM:mentions,5.0,1.5,2
2026-09-15 08:34:23,social,social:TSM:rank,88.0,0.128205,1
2026-09-15 08:34:23,social,social:BABA:mentions,1.0,0.0,0
2026-09-15 08:34:23,social,social:BABA:rank,276.0,0.271889,1
2026-09-15 08:34:23,social,social:FIG:mentions,7.0,,
2026-09-15 08:34:23,social,social:FIG:rank,77.0,,
2026-09-15 08:34:23,social,social:DJT:mentions,8.0,,
2026-09-15 08:34:23,social,social:DJT:rank,69.0,,
2026-09-15 08:34:23,social,social:OKLO:mentions,6.0,,
2026-09-15 08:34:23,social,social:OKLO:rank,86.0,,
2026-09-15 08:34:23,social,social:GEV:mentions,5.0,,
2026-09-15 08:34:23,social,social:GEV:rank,99.0,,
2026-09-15 08:34:23,social,social:BULL:mentions,4.0,0.0,0
2026-09-15 08:34:23,social,social:BULL:rank,113.0,0.0,0
2026-09-15 08:34:23,social,social:CRDO:mentions,14.0,,
2026-09-15 08:34:23,social,social:CRDO:rank,42.0,,
2026-09-15 08:34:23,social,social:CRCL:mentions,3.0,,
2026-09-15 08:34:23,social,social:CRCL:rank,140.0,,
2026-09-15 08:34:23,social,social:DAY:mentions,4.0,0.333333,1
2026-09-15 08:34:23,social,social:DAY:rank,112.0,-0.11811,-1
2026-09-15 08:34:23,social,social:DC:mentions,6.0,2.0,1
2026-09-15 08:34:23,social,social:DC:rank,85.0,-0.234234,-1
2026-09-15 08:34:23,social,social:RUM:mentions,5.0,,
2026-09-15 08:34:23,social,social:RUM:rank,98.0,,
2026-09-15 08:54:27,hl_xyz,xyz:AAOI,97.225,-0.001063,-6
2026-09-15 08:54:27,hl_xyz,xyz:AAPL,331.775,0.000271,2
2026-09-15 08:54:27,hl_xyz,xyz:AMAT,427.905,0.001568,1
2026-09-15 08:54:27,hl_xyz,xyz:AMD,496.18,0.002252,1
2026-09-15 08:54:27,hl_xyz,xyz:AMZN,253.76,0.000651,1
2026-09-15 08:54:27,hl_xyz,xyz:ARM,242.725,0.004428,1
2026-09-15 08:54:27,hl_xyz,xyz:ASML,1592.35,0.00214,1
2026-09-15 08:54:27,hl_xyz,xyz:AVGO,346.915,0.000779,1
2026-09-15 08:54:27,hl_xyz,xyz:BABA,109.4,0.00064,2
2026-09-15 08:54:27,hl_xyz,xyz:BB,7.7424,0.000704,2
2026-09-15 08:54:27,hl_xyz,xyz:BE,260.815,0.005474,1
2026-09-15 08:54:27,hl_xyz,xyz:BIRD,2.5196,0.0,0
2026-09-15 08:54:27,hl_xyz,xyz:BMNR,25.2555,0.000277,2
2026-09-15 08:54:27,hl_xyz,xyz:BOT,26.559,0.006385,1
2026-09-15 08:54:27,hl_xyz,xyz:BRENTOIL,101.805,-0.000393,-2
2026-09-15 08:54:27,hl_xyz,xyz:BX,128.2,0.000273,5
2026-09-15 08:54:27,hl_xyz,xyz:CBRS,182.635,0.001426,1
2026-09-15 08:54:27,hl_xyz,xyz:CL,98.091,-0.000499,-2
2026-09-15 08:54:27,hl_xyz,xyz:COIN,187.53,-0.000213,-1
2026-09-15 08:54:27,hl_xyz,xyz:COPPER,6.394,0.00141,1
2026-09-15 08:54:27,hl_xyz,xyz:COST,917.64,9.8e-05,3
2026-09-15 08:54:27,hl_xyz,xyz:CRCL,94.572,-0.00171,-1
2026-09-15 08:54:27,hl_xyz,xyz:CRWD,235.09,0.001128,3
2026-09-15 08:54:27,hl_xyz,xyz:CRWV,83.7565,0.000896,1
2026-09-15 08:54:27,hl_xyz,xyz:CXMT,8.089,0.010361,1
2026-09-15 08:54:27,hl_xyz,xyz:DELL,537.295,0.002612,1
2026-09-15 08:54:27,hl_xyz,xyz:DKNG,24.9405,-0.000481,-1
2026-09-15 08:54:27,hl_xyz,xyz:DRAM,56.1895,0.002087,1
2026-09-15 08:54:27,hl_xyz,xyz:EBAY,108.68,-0.000276,-1
2026-09-15 08:54:27,hl_xyz,xyz:EUR,1.15495,4.3e-05,1
2026-09-15 08:54:27,hl_xyz,xyz:EWJ,97.425,0.00111,2
2026-09-15 08:54:27,hl_xyz,xyz:EWT,108.015,0.004604,1
2026-09-15 08:54:27,hl_xyz,xyz:EWY,180.23,0.001167,1
2026-09-15 08:54:27,hl_xyz,xyz:EWZ,37.8595,1.3e-05,1
2026-09-15 08:54:27,hl_xyz,xyz:GBP,1.3499,0.0,0
2026-09-15 08:54:27,hl_xyz,xyz:GEV,883.42,0.001207,1
2026-09-15 08:54:27,hl_xyz,xyz:GIGADEV,52.591,0.003645,1
2026-09-15 08:54:27,hl_xyz,xyz:GME,21.59,0.001322,2
2026-09-15 08:54:27,hl_xyz,xyz:GOLD,4297.25,0.002262,1
2026-09-15 08:54:27,hl_xyz,xyz:GOOGL,347.275,0.00049,2
2026-09-15 08:54:27,hl_xyz,xyz:HIMS,28.8535,0.000399,2
2026-09-15 08:54:27,hl_xyz,xyz:HOOD,114.0,0.001405,3
2026-09-15 08:54:27,hl_xyz,xyz:HYUNDAI,276.665,0.004393,2
2026-09-15 08:54:27,hl_xyz,xyz:IBM,248.655,0.000765,5
2026-09-15 08:54:27,hl_xyz,xyz:INTC,98.1985,0.002911,1
2026-09-15 08:54:27,hl_xyz,xyz:IREN,43.5475,0.001391,2
2026-09-15 08:54:27,hl_xyz,xyz:JP225,63645.5,0.001164,2
2026-09-15 08:54:27,hl_xyz,xyz:JPY,154.535,3.2e-05,3
2026-09-15 08:54:27,hl_xyz,xyz:KIOXIA,336.13,-0.002019,-1
2026-09-15 08:54:27,hl_xyz,xyz:KORU,19.8145,0.004206,1
2026-09-15 08:54:27,hl_xyz,xyz:KR200,1048.0,0.000716,1
2026-09-15 08:54:27,hl_xyz,xyz:LITE,848.805,0.001469,1
2026-09-15 08:54:27,hl_xyz,xyz:LLY,1138.95,0.000132,3
2026-09-15 08:54:27,hl_xyz,xyz:LYTE,23.635,0.002162,1
2026-09-15 08:54:27,hl_xyz,xyz:MAGS,70.169,0.0,0
2026-09-15 08:54:27,hl_xyz,xyz:META,664.36,0.000173,2
2026-09-15 08:54:27,hl_xyz,xyz:MINIMAX,33.0475,0.004102,3
2026-09-15 08:54:27,hl_xyz,xyz:MRNA,146.41,0.000752,2
2026-09-15 08:54:27,hl_xyz,xyz:MRVL,221.775,0.000767,1
2026-09-15 08:54:27,hl_xyz,xyz:MSFT,504.095,-6.9e-05,-1
2026-09-15 08:54:27,hl_xyz,xyz:MSTR,133.935,-0.002086,-1
2026-09-15 08:54:27,hl_xyz,xyz:MU,936.86,0.001202,1
2026-09-15 08:54:27,hl_xyz,xyz:NATGAS,3.03335,-0.001021,-1
2026-09-15 08:54:27,hl_xyz,xyz:NBIS,214.995,0.00343,2
2026-09-15 08:54:27,hl_xyz,xyz:NCLD,22.7755,-0.000483,-3
2026-09-15 08:54:27,hl_xyz,xyz:NET,330.31,0.000591,2
2026-09-15 08:54:27,hl_xyz,xyz:NFLX,80.082,0.000787,5
2026-09-15 08:54:27,hl_xyz,xyz:NOK,9.8134,0.000194,1
2026-09-15 08:54:27,hl_xyz,xyz:NOW,141.5,-0.000247,-1
2026-09-15 08:54:27,hl_xyz,xyz:NVDA,212.55,0.000636,1
2026-09-15 08:54:27,hl_xyz,xyz:ORCL,144.765,0.000622,1
2026-09-15 08:54:27,hl_xyz,xyz:PALLADIUM,1283.75,0.003165,1
2026-09-15 08:54:27,hl_xyz,xyz:PLATINUM,1754.75,0.002113,1
2026-09-15 08:54:27,hl_xyz,xyz:PLTR,172.89,0.00139,2
2026-09-15 08:54:27,hl_xyz,xyz:PURRDAT,11.7685,0.002983,2
2026-09-15 08:54:27,hl_xyz,xyz:QCOM,180.845,0.00119,2
2026-09-15 08:54:27,hl_xyz,xyz:QNT,49.185,0.001435,2
2026-09-15 08:54:27,hl_xyz,xyz:RDDT,161.865,0.000835,2
2026-09-15 08:54:27,hl_xyz,xyz:RIVN,15.8755,0.000378,1
2026-09-15 08:54:27,hl_xyz,xyz:RKLB,62.7555,0.002188,2
2026-09-15 08:54:27,hl_xyz,xyz:SHAZ,52.7565,-0.000436,-3
2026-09-15 08:54:27,hl_xyz,xyz:SHEIN,4.7398,0.00057,1
2026-09-15 08:54:27,hl_xyz,xyz:SILVER,63.1805,0.003813,1
2026-09-15 08:54:27,hl_xyz,xyz:SKHX,1267.55,7.9e-05,1
2026-09-15 08:54:27,hl_xyz,xyz:SKHY,178.255,5.6e-05,1
2026-09-15 08:54:27,hl_xyz,xyz:SMH,545.245,0.000551,1
2026-09-15 08:54:27,hl_xyz,xyz:SMSN,185.6,0.000458,1
2026-09-15 08:54:27,hl_xyz,xyz:SNDK,1573.45,0.002102,2
2026-09-15 08:54:27,hl_xyz,xyz:SOFTBANK,40.355,0.004981,2
2026-09-15 08:54:27,hl_xyz,xyz:SOXL,103.175,0.003599,1
2026-09-15 08:54:27,hl_xyz,xyz:SP500,7625.75,0.000538,2
2026-09-15 08:54:27,hl_xyz,xyz:SPCX,148.865,0.000941,2
2026-09-15 08:54:27,hl_xyz,xyz:STRC,98.0575,-0.002157,-2
2026-09-15 08:54:27,hl_xyz,xyz:TSLA,360.705,0.001472,2
2026-09-15 08:54:27,hl_xyz,xyz:TSM,420.615,0.001119,1
2026-09-15 08:54:27,hl_xyz,xyz:UNITREE,69.6375,0.002685,2
2026-09-15 08:54:27,hl_xyz,xyz:URNM,50.87,0.004542,1
2026-09-15 08:54:27,hl_xyz,xyz:USAR,15.7385,0.000477,2
2026-09-15 08:54:27,hl_xyz,xyz:WDC,433.035,0.002036,1
2026-09-15 08:54:27,hl_xyz,xyz:XBI,157.975,0.000412,3
2026-09-15 08:54:27,hl_xyz,xyz:XLE,64.6855,-0.0001,-2
2026-09-15 08:54:27,hl_xyz,xyz:XYZ100,29169.5,0.000892,2
2026-09-15 08:54:27,hl_xyz,xyz:ZHIPU,93.464,0.003554,1
2026-09-15 08:54:27,hl_xyz,xyz:ZM,95.404,4.2e-05,1
2026-09-15 08:54:27,hl_ctx,xyz:NVDA:funding,9e-06,0.115838,3
2026-09-15 08:54:27,hl_ctx,xyz:AMD:funding,1e-05,0.01085,1
2026-09-15 08:54:27,hl_ctx,xyz:AVGO:funding,1e-05,0.269663,1
2026-09-15 08:54:27,hl_ctx,xyz:TSM:funding,6e-06,0.041667,1
2026-09-15 08:54:27,hl_ctx,xyz:SMH:funding,4.7e-05,-0.158936,-1
2026-09-15 08:54:27,hl_ctx,xyz:AMZN:funding,6e-06,0.041667,3
2026-09-15 08:54:27,hl_ctx,xyz:META:funding,6e-06,0.041667,3
2026-09-15 08:54:27,hl_ctx,xyz:MSFT:funding,-8e-06,-0.921275,-2
2026-09-15 08:54:27,hl_ctx,xyz:GOOGL:funding,6e-06,0.041667,3
2026-09-15 08:54:27,hl_ctx,xyz:BABA:funding,4.3e-05,-0.004051,-1
2026-09-15 08:54:27,hl_ctx,xyz:COIN:funding,6e-06,0.041667,1
2026-09-15 08:54:27,hl_ctx,xyz:XYZ100:funding,6e-06,0.041667,2
2026-09-15 08:54:27,hl_ctx,xyz:JPY:funding,-5e-06,-0.2901,-1
2026-09-15 08:54:27,hl_ctx,xyz:JP225:funding,6e-06,0.041667,1
2026-09-15 08:54:27,hl_ctx,xyz:BRENTOIL:funding,6e-06,0.041667,2
2026-09-15 08:54:27,hl_ctx,xyz:NATGAS:funding,6e-06,0.041667,1
2026-09-15 08:54:27,hl_ctx,xyz:COPPER:funding,1.2e-05,-0.047723,-1
2026-09-15 08:54:27,hl_ctx,xyz:GOLD:funding,1.2e-05,-0.056223,-1
2026-09-15 08:54:27,hl_main,BTC,77929.5,-0.000475,-1
2026-09-15 08:54:27,hl_main,ETH,2514.25,0.001234,2
2026-09-15 08:54:27,hl_main,SOL,102.595,-0.000876,-1
2026-09-15 08:54:27,hl_event,#12090,0.19175,-0.006477,-1
2026-09-15 08:54:27,hl_event,#12091,0.80825,0.001549,1
2026-09-15 08:54:27,hl_event,#12100,0.0205,0.0,0
2026-09-15 08:54:27,hl_event,#12101,0.9795,0.0,0
2026-09-15 08:54:27,hl_event,#12110,0.01885,0.001594,2
2026-09-15 08:54:27,hl_event,#12111,0.98115,-3.1e-05,-2
2026-09-15 08:54:27,hl_event,#12120,0.048235,-0.0031,-1
2026-09-15 08:54:27,hl_event,#12121,0.951765,0.000158,1
2026-09-15 08:54:27,treasury,fred:UST2Y,4.65,0.0,0
2026-09-15 08:54:27,treasury,fred:UST10Y,4.97,0.0,0
2026-09-15 08:54:27,treasury,fred:UST20Y,5.37,0.0,0
2026-09-15 08:54:27,treasury,fred:UST30Y,5.34,-0.001869,-2
2026-09-15 08:54:27,yahoo,fred:VIX,17.1,0.079545,1
2026-09-15 08:54:27,yahoo,fred:WTI,102.75,0.056447,1
2026-09-15 08:54:27,yahoo,idx:DXY,99.538,,
2026-09-15 08:54:27,yahoo,vix:9D,16.91,,
2026-09-15 08:54:27,yahoo,vix:3M,19.28,,
2026-09-15 08:54:27,yahoo,vix:6M,20.71,,
2026-09-15 08:54:27,yahoo,vix:VVIX,94.89,,
2026-09-15 08:54:27,fred,fred:UST10Y2Y,0.32,0.0,0
2026-09-15 08:54:27,fred,fred:FEDFUNDS,3.75,0.0,0
2026-09-15 08:54:27,fred,fred:HY_OAS,2.65,0.0,0
2026-09-15 08:54:27,fred,fred:WALCL,6740619.0,0.0,0
2026-09-15 08:54:27,fred,fred:RRP,1.42,0.0,0
2026-09-15 08:54:27,fred,fred:TGA,883335.0,0.0,0
2026-09-15 08:54:27,fred,fred:SOFR,3.62,0.0,0
2026-09-15 08:54:27,fred,fred:T10YIE,2.37,0.0,0
2026-09-15 08:54:27,fred,fred:IG_OAS,0.8,0.0,0
2026-09-15 08:54:27,yahoo,fx:USDCNH,6.7091,-0.000164,-1
2026-09-15 08:54:27,yahoo,idx:HSI,24917.6,0.0,0
2026-09-15 08:54:27,yahoo,idx:MOVE,83.9023,0.0,0
2026-09-15 08:54:27,yahoo,cm:GOLD_FUT,4333.8,0.001757,1
2026-09-15 08:54:27,yahoo,cm:COPPER_FUT,6.3925,0.001253,1
2026-09-15 08:54:27,cnbond,bond:CN10Y,1.6888,0.0,0
2026-09-15 08:54:27,cnbond,bond:CN30Y,2.1505,0.0,0
2026-09-15 08:54:27,cftc,cot:JPY_LEV_NET,-49098.0,0.0,0
2026-09-15 08:54:27,cftc,cot:JPY_LEV_LONG,81760.0,0.0,0
2026-09-15 08:54:27,cftc,cot:JPY_LEV_SHORT,130858.0,0.0,0
2026-09-15 08:54:27,cftc,cot:JPY_DEALER_NET,-39477.0,0.0,0
2026-09-15 08:54:27,cftc,cot:JPY_OI,499635.0,0.0,0
2026-09-15 10:35:47,hl_xyz,xyz:AAOI,97.5025,,
2026-09-15 10:35:47,hl_xyz,xyz:AAPL,331.625,,
2026-09-15 10:35:47,hl_xyz,xyz:AMAT,427.48,,
2026-09-15 10:35:47,hl_xyz,xyz:AMD,495.68,,
2026-09-15 10:35:47,hl_xyz,xyz:AMZN,253.545,,
2026-09-15 10:35:47,hl_xyz,xyz:ARM,243.275,,
2026-09-15 10:35:47,hl_xyz,xyz:ASML,1590.5,,
2026-09-15 10:35:47,hl_xyz,xyz:AVGO,346.595,,
2026-09-15 10:35:47,hl_xyz,xyz:BABA,110.81,,
2026-09-15 10:35:47,hl_xyz,xyz:BB,7.73305,,
2026-09-15 10:35:47,hl_xyz,xyz:BE,260.785,,
2026-09-15 10:35:47,hl_xyz,xyz:BIRD,2.5196,,
2026-09-15 10:35:47,hl_xyz,xyz:BMNR,25.2835,,
2026-09-15 10:35:47,hl_xyz,xyz:BOT,26.3915,,
2026-09-15 10:35:47,hl_xyz,xyz:BRENTOIL,102.035,,
2026-09-15 10:35:47,hl_xyz,xyz:BX,128.595,,
2026-09-15 10:35:47,hl_xyz,xyz:CBRS,182.905,,
2026-09-15 10:35:47,hl_xyz,xyz:CL,98.418,,
2026-09-15 10:35:47,hl_xyz,xyz:COIN,187.345,,
2026-09-15 10:35:47,hl_xyz,xyz:COPPER,6.3982,,
2026-09-15 10:35:47,hl_xyz,xyz:COST,916.59,,
2026-09-15 10:35:47,hl_xyz,xyz:CRCL,94.25,,
2026-09-15 10:35:47,hl_xyz,xyz:CRWD,233.97,,
2026-09-15 10:35:47,hl_xyz,xyz:CRWV,83.8205,,
2026-09-15 10:35:47,hl_xyz,xyz:CXMT,8.2387,,
2026-09-15 10:35:47,hl_xyz,xyz:DELL,538.245,,
2026-09-15 10:35:47,hl_xyz,xyz:DKNG,24.8875,,
2026-09-15 10:35:47,hl_xyz,xyz:DRAM,56.3055,,
2026-09-15 10:35:47,hl_xyz,xyz:EBAY,108.625,,
2026-09-15 10:35:47,hl_xyz,xyz:EUR,1.15405,,
2026-09-15 10:35:47,hl_xyz,xyz:EWJ,97.543,,
2026-09-15 10:35:47,hl_xyz,xyz:EWT,107.75,,
2026-09-15 10:35:47,hl_xyz,xyz:EWY,180.425,,
2026-09-15 10:35:47,hl_xyz,xyz:EWZ,37.8845,,
2026-09-15 10:35:47,hl_xyz,xyz:GBP,1.3484,,
2026-09-15 10:35:47,hl_xyz,xyz:GEV,881.365,,
2026-09-15 10:35:47,hl_xyz,xyz:GIGADEV,55.203,,
2026-09-15 10:35:47,hl_xyz,xyz:GME,21.5735,,
2026-09-15 10:35:47,hl_xyz,xyz:GOLD,4313.85,,
2026-09-15 10:35:47,hl_xyz,xyz:GOOGL,347.965,,
2026-09-15 10:35:47,hl_xyz,xyz:HIMS,28.7895,,
2026-09-15 10:35:47,hl_xyz,xyz:HOOD,113.86,,
2026-09-15 10:35:47,hl_xyz,xyz:HYUNDAI,275.995,,
2026-09-15 10:35:47,hl_xyz,xyz:IBM,248.305,,
2026-09-15 10:35:47,hl_xyz,xyz:INTC,98.215,,
2026-09-15 10:35:47,hl_xyz,xyz:IREN,43.528,,
2026-09-15 10:35:47,hl_xyz,xyz:JP225,64055.0,,
2026-09-15 10:35:47,hl_xyz,xyz:JPY,154.785,,
2026-09-15 10:35:47,hl_xyz,xyz:KIOXIA,334.885,,
2026-09-15 10:35:47,hl_xyz,xyz:KORU,19.886,,
2026-09-15 10:35:47,hl_xyz,xyz:KR200,1052.75,,
2026-09-15 10:35:47,hl_xyz,xyz:LITE,853.73,,
2026-09-15 10:35:47,hl_xyz,xyz:LLY,1139.1,,
2026-09-15 10:35:47,hl_xyz,xyz:LYTE,23.7615,,
2026-09-15 10:35:47,hl_xyz,xyz:MAGS,69.9645,,
2026-09-15 10:35:47,hl_xyz,xyz:META,663.45,,
2026-09-15 10:35:47,hl_xyz,xyz:MINIMAX,31.7135,,
2026-09-15 10:35:47,hl_xyz,xyz:MRNA,145.895,,
2026-09-15 10:35:47,hl_xyz,xyz:MRVL,221.925,,
2026-09-15 10:35:47,hl_xyz,xyz:MSFT,503.28,,
2026-09-15 10:35:47,hl_xyz,xyz:MSTR,133.785,,
2026-09-15 10:35:47,hl_xyz,xyz:MU,939.16,,
2026-09-15 10:35:47,hl_xyz,xyz:NATGAS,3.02785,,
2026-09-15 10:35:47,hl_xyz,xyz:NBIS,214.635,,
2026-09-15 10:35:47,hl_xyz,xyz:NCLD,22.813,,
2026-09-15 10:35:47,hl_xyz,xyz:NET,329.41,,
2026-09-15 10:35:47,hl_xyz,xyz:NFLX,80.031,,
2026-09-15 10:35:47,hl_xyz,xyz:NOK,9.801,,
2026-09-15 10:35:47,hl_xyz,xyz:NOW,141.26,,
2026-09-15 10:35:47,hl_xyz,xyz:NVDA,212.63,,
2026-09-15 10:35:47,hl_xyz,xyz:ORCL,144.55,,
2026-09-15 10:35:47,hl_xyz,xyz:PALLADIUM,1293.05,,
2026-09-15 10:35:47,hl_xyz,xyz:PLATINUM,1772.3,,
2026-09-15 10:35:47,hl_xyz,xyz:PLTR,172.79,,
2026-09-15 10:35:47,hl_xyz,xyz:PURRDAT,11.7295,,
2026-09-15 10:35:47,hl_xyz,xyz:QCOM,180.365,,
2026-09-15 10:35:47,hl_xyz,xyz:QNT,49.3085,,
2026-09-15 10:35:47,hl_xyz,xyz:RDDT,161.65,,
2026-09-15 10:35:47,hl_xyz,xyz:RIVN,15.8725,,
2026-09-15 10:35:47,hl_xyz,xyz:RKLB,62.6825,,
2026-09-15 10:35:47,hl_xyz,xyz:SHAZ,52.8445,,
2026-09-15 10:35:47,hl_xyz,xyz:SHEIN,4.77155,,
2026-09-15 10:35:47,hl_xyz,xyz:SILVER,63.5205,,
2026-09-15 10:35:47,hl_xyz,xyz:SKHX,1275.05,,
2026-09-15 10:35:47,hl_xyz,xyz:SKHY,179.075,,
2026-09-15 10:35:47,hl_xyz,xyz:SMH,545.305,,
2026-09-15 10:35:47,hl_xyz,xyz:SMSN,185.935,,
2026-09-15 10:35:47,hl_xyz,xyz:SNDK,1575.05,,
2026-09-15 10:35:47,hl_xyz,xyz:SOFTBANK,41.062,,
2026-09-15 10:35:47,hl_xyz,xyz:SOXL,103.395,,
2026-09-15 10:35:47,hl_xyz,xyz:SP500,7618.85,,
2026-09-15 10:35:47,hl_xyz,xyz:SPCX,148.825,,
2026-09-15 10:35:47,hl_xyz,xyz:STRC,98.138,,
2026-09-15 10:35:47,hl_xyz,xyz:TSLA,359.935,,
2026-09-15 10:35:47,hl_xyz,xyz:TSM,421.37,,
2026-09-15 10:35:47,hl_xyz,xyz:UNITREE,70.5695,,
2026-09-15 10:35:47,hl_xyz,xyz:URNM,50.935,,
2026-09-15 10:35:47,hl_xyz,xyz:USAR,15.7265,,
2026-09-15 10:35:47,hl_xyz,xyz:WDC,434.155,,
2026-09-15 10:35:47,hl_xyz,xyz:XBI,158.23,,
2026-09-15 10:35:47,hl_xyz,xyz:XLE,64.66,,
2026-09-15 10:35:47,hl_xyz,xyz:XYZ100,29154.5,,
2026-09-15 10:35:47,hl_xyz,xyz:ZHIPU,90.329,,
2026-09-15 10:35:47,hl_xyz,xyz:ZM,95.153,,
2026-09-15 10:35:47,hl_ctx,xyz:NVDA:funding,1.4e-05,,
2026-09-15 10:35:47,hl_ctx,xyz:AMD:funding,6e-06,,
2026-09-15 10:35:47,hl_ctx,xyz:AVGO:funding,1.5e-05,,
2026-09-15 10:35:47,hl_ctx,xyz:TSM:funding,-4e-06,,
2026-09-15 10:35:47,hl_ctx,xyz:SMH:funding,3.5e-05,,
2026-09-15 10:35:47,hl_ctx,xyz:AMZN:funding,6e-06,,
2026-09-15 10:35:47,hl_ctx,xyz:META:funding,6e-06,,
2026-09-15 10:35:47,hl_ctx,xyz:MSFT:funding,-9e-06,,
2026-09-15 10:35:47,hl_ctx,xyz:GOOGL:funding,6e-06,,
2026-09-15 10:35:47,hl_ctx,xyz:BABA:funding,4.3e-05,,
2026-09-15 10:35:47,hl_ctx,xyz:COIN:funding,6e-06,,
2026-09-15 10:35:47,hl_ctx,xyz:XYZ100:funding,6e-06,,
2026-09-15 10:35:47,hl_ctx,xyz:JPY:funding,-1.3e-05,,
2026-09-15 10:35:47,hl_ctx,xyz:JP225:funding,-2e-06,,
2026-09-15 10:35:47,hl_ctx,xyz:BRENTOIL:funding,6e-06,,
2026-09-15 10:35:47,hl_ctx,xyz:NATGAS:funding,6e-06,,
2026-09-15 10:35:47,hl_ctx,xyz:COPPER:funding,2.3e-05,,
2026-09-15 10:35:47,hl_ctx,xyz:GOLD:funding,1.5e-05,,
2026-09-15 10:35:47,hl_main,BTC,77869.5,,
2026-09-15 10:35:47,hl_main,ETH,2514.85,,
2026-09-15 10:35:47,hl_main,SOL,102.195,,
2026-09-15 10:35:47,hl_event,#12090,0.19251,,
2026-09-15 10:35:47,hl_event,#12091,0.80749,,
2026-09-15 10:35:47,hl_event,#12100,0.0205,,
2026-09-15 10:35:47,hl_event,#12101,0.9795,,
2026-09-15 10:35:47,hl_event,#12110,0.018105,,
2026-09-15 10:35:47,hl_event,#12111,0.981895,,
2026-09-15 10:35:47,hl_event,#12120,0.047,,
2026-09-15 10:35:47,hl_event,#12121,0.953,,
2026-09-15 10:35:47,treasury,fred:UST2Y,4.65,0.0,0
2026-09-15 10:35:47,treasury,fred:UST10Y,4.97,0.0,0
2026-09-15 10:35:47,treasury,fred:UST20Y,5.37,0.0,0
2026-09-15 10:35:47,treasury,fred:UST30Y,5.34,0.0,0
2026-09-15 10:35:47,yahoo,fred:VIX,17.1,0.0,0
2026-09-15 10:35:47,yahoo,fred:WTI,102.77,0.000195,2
2026-09-15 10:35:47,yahoo,idx:DXY,99.602,0.000643,1
2026-09-15 10:35:47,yahoo,vix:9D,16.91,0.0,0
2026-09-15 10:35:47,yahoo,vix:3M,19.28,0.0,0
2026-09-15 10:35:47,yahoo,vix:6M,20.71,0.0,0
2026-09-15 10:35:47,yahoo,vix:VVIX,94.89,0.0,0
2026-09-15 10:35:47,fred,fred:UST10Y2Y,0.32,0.0,0
2026-09-15 10:35:47,fred,fred:FEDFUNDS,3.75,0.0,0
2026-09-15 10:35:47,fred,fred:HY_OAS,2.65,0.0,0
2026-09-15 10:35:47,fred,fred:WALCL,6740619.0,,
2026-09-15 10:35:47,fred,fred:RRP,1.42,0.0,0
2026-09-15 10:35:47,fred,fred:TGA,883335.0,,
2026-09-15 10:35:47,fred,fred:SOFR,3.62,0.0,0
2026-09-15 10:35:47,fred,fred:T10YIE,2.37,0.0,0
2026-09-15 10:35:47,fred,fred:IG_OAS,0.8,0.0,0
2026-09-15 10:35:47,yahoo,fx:USDCNH,6.7114,0.000343,1
2026-09-15 10:35:47,yahoo,idx:HSI,24839.81,-0.003122,-1
2026-09-15 10:35:47,yahoo,idx:MOVE,83.9023,0.0,0
2026-09-15 10:35:47,yahoo,cm:GOLD_FUT,4349.2,0.003553,2
2026-09-15 10:35:47,yahoo,cm:COPPER_FUT,6.394,0.000235,2
2026-09-15 10:35:47,cnbond,bond:CN10Y,1.6888,0.0,0
2026-09-15 10:35:47,cnbond,bond:CN30Y,2.1505,0.0,0
2026-09-15 10:35:47,chinamoney,fx:USDCNY,6.71045,,
2026-09-15 10:35:47,cftc,cot:JPY_LEV_NET,-49098.0,,
2026-09-15 10:35:47,cftc,cot:JPY_LEV_LONG,81760.0,,
2026-09-15 10:35:47,cftc,cot:JPY_LEV_SHORT,130858.0,,
2026-09-15 10:35:47,cftc,cot:JPY_DEALER_NET,-39477.0,,
2026-09-15 10:35:47,cftc,cot:JPY_OI,499635.0,,
2026-09-16 08:22:15,hl_xyz,xyz:AAOI,95.7695,,
2026-09-16 08:22:15,hl_xyz,xyz:AAPL,331.655,,
2026-09-16 08:22:15,hl_xyz,xyz:AMAT,422.66,,
2026-09-16 08:22:15,hl_xyz,xyz:AMD,504.94,,
2026-09-16 08:22:15,hl_xyz,xyz:AMZN,248.655,,
2026-09-16 08:22:15,hl_xyz,xyz:ARM,242.145,,
2026-09-16 08:22:15,hl_xyz,xyz:ASML,1594.65,,
2026-09-16 08:22:15,hl_xyz,xyz:AVGO,340.005,,
2026-09-16 08:22:15,hl_xyz,xyz:BABA,109.56,,
2026-09-16 08:22:15,hl_xyz,xyz:BB,7.78345,,
2026-09-16 08:22:15,hl_xyz,xyz:BE,259.81,,
2026-09-16 08:22:15,hl_xyz,xyz:BIRD,2.36,,
2026-09-16 08:22:15,hl_xyz,xyz:BMNR,23.312,,
2026-09-16 08:22:15,hl_xyz,xyz:BOT,26.8365,,
2026-09-16 08:22:15,hl_xyz,xyz:BRENTOIL,102.565,,
2026-09-16 08:22:15,hl_xyz,xyz:BX,127.0,,
2026-09-16 08:22:15,hl_xyz,xyz:CBRS,184.195,,
2026-09-16 08:22:15,hl_xyz,xyz:CL,99.925,,
2026-09-16 08:22:15,hl_xyz,xyz:COIN,171.28,,
2026-09-16 08:22:15,hl_xyz,xyz:COPPER,6.4503,,
2026-09-16 08:22:15,hl_xyz,xyz:COST,903.22,,
2026-09-16 08:22:15,hl_xyz,xyz:CRCL,84.883,,
2026-09-16 08:22:15,hl_xyz,xyz:CRWD,240.795,,
2026-09-16 08:22:15,hl_xyz,xyz:CRWV,81.2135,,
2026-09-16 08:22:15,hl_xyz,xyz:CXMT,8.08715,,
2026-09-16 08:22:15,hl_xyz,xyz:DELL,546.05,,
2026-09-16 08:22:15,hl_xyz,xyz:DKNG,24.6375,,
2026-09-16 08:22:15,hl_xyz,xyz:DRAM,55.2565,,
2026-09-16 08:22:15,hl_xyz,xyz:EBAY,107.815,,
2026-09-16 08:22:15,hl_xyz,xyz:EUR,1.15425,,
2026-09-16 08:22:15,hl_xyz,xyz:EWJ,96.895,,
2026-09-16 08:22:15,hl_xyz,xyz:EWT,106.975,,
2026-09-16 08:22:15,hl_xyz,xyz:EWY,177.5,,
2026-09-16 08:22:15,hl_xyz,xyz:EWZ,37.822,,
2026-09-16 08:22:15,hl_xyz,xyz:GBP,1.34715,,
2026-09-16 08:22:15,hl_xyz,xyz:GEV,883.47,,
2026-09-16 08:22:15,hl_xyz,xyz:GIGADEV,53.55,,
2026-09-16 08:22:15,hl_xyz,xyz:GME,21.4255,,
2026-09-16 08:22:15,hl_xyz,xyz:GOLD,4288.55,,
2026-09-16 08:22:15,hl_xyz,xyz:GOOGL,344.34,,
2026-09-16 08:22:15,hl_xyz,xyz:HIMS,27.936,,
2026-09-16 08:22:15,hl_xyz,xyz:HOOD,109.255,,
2026-09-16 08:22:15,hl_xyz,xyz:HYUNDAI,264.845,,
2026-09-16 08:22:15,hl_xyz,xyz:IBM,248.675,,
2026-09-16 08:22:15,hl_xyz,xyz:INTC,97.4195,,
2026-09-16 08:22:15,hl_xyz,xyz:IREN,41.5725,,
2026-09-16 08:22:15,hl_xyz,xyz:JP225,63383.5,,
2026-09-16 08:22:15,hl_xyz,xyz:JPY,155.125,,
2026-09-16 08:22:15,hl_xyz,xyz:KIOXIA,323.78,,
2026-09-16 08:22:15,hl_xyz,xyz:KORU,18.903,,
2026-09-16 08:22:15,hl_xyz,xyz:KR200,1040.25,,
2026-09-16 08:22:15,hl_xyz,xyz:KSTR,22.5065,,
2026-09-16 08:22:15,hl_xyz,xyz:LITE,842.155,,
2026-09-16 08:22:15,hl_xyz,xyz:LLY,1139.05,,
2026-09-16 08:22:15,hl_xyz,xyz:LYTE,23.7415,,
2026-09-16 08:22:15,hl_xyz,xyz:MAGS,69.7555,,
2026-09-16 08:22:15,hl_xyz,xyz:META,668.915,,
2026-09-16 08:22:15,hl_xyz,xyz:MINIMAX,29.63,,
2026-09-16 08:22:15,hl_xyz,xyz:MRNA,143.62,,
2026-09-16 08:22:15,hl_xyz,xyz:MRVL,222.185,,
2026-09-16 08:22:15,hl_xyz,xyz:MSFT,498.13,,
2026-09-16 08:22:15,hl_xyz,xyz:MSTR,128.59,,
2026-09-16 08:22:15,hl_xyz,xyz:MU,928.965,,
2026-09-16 08:22:15,hl_xyz,xyz:NATGAS,3.063,,
2026-09-16 08:22:15,hl_xyz,xyz:NBIS,208.205,,
2026-09-16 08:22:15,hl_xyz,xyz:NCLD,22.035,,
2026-09-16 08:22:15,hl_xyz,xyz:NET,327.645,,
2026-09-16 08:22:15,hl_xyz,xyz:NFLX,77.97,,
2026-09-16 08:22:15,hl_xyz,xyz:NOK,9.849,,
2026-09-16 08:22:15,hl_xyz,xyz:NOW,141.87,,
2026-09-16 08:22:15,hl_xyz,xyz:NVDA,212.49,,
2026-09-16 08:22:15,hl_xyz,xyz:ORCL,140.435,,
2026-09-16 08:22:15,hl_xyz,xyz:PALLADIUM,1306.9,,
2026-09-16 08:22:15,hl_xyz,xyz:PLATINUM,1777.75,,
2026-09-16 08:22:15,hl_xyz,xyz:PLTR,172.41,,
2026-09-16 08:22:15,hl_xyz,xyz:PURRDAT,11.095,,
2026-09-16 08:22:15,hl_xyz,xyz:QCOM,187.82,,
2026-09-16 08:22:15,hl_xyz,xyz:QNT,48.699,,
2026-09-16 08:22:15,hl_xyz,xyz:RDDT,159.455,,
2026-09-16 08:22:15,hl_xyz,xyz:RIVN,15.564,,
2026-09-16 08:22:15,hl_xyz,xyz:RKLB,63.4935,,
2026-09-16 08:22:15,hl_xyz,xyz:SHAZ,50.184,,
2026-09-16 08:22:15,hl_xyz,xyz:SHEIN,4.82475,,
2026-09-16 08:22:15,hl_xyz,xyz:SILVER,63.751,,
2026-09-16 08:22:15,hl_xyz,xyz:SKHX,1258.9,,
2026-09-16 08:22:15,hl_xyz,xyz:SKHY,176.68,,
2026-09-16 08:22:15,hl_xyz,xyz:SMH,543.28,,
2026-09-16 08:22:15,hl_xyz,xyz:SMSN,182.825,,
2026-09-16 08:22:15,hl_xyz,xyz:SNDK,1534.45,,
2026-09-16 08:22:15,hl_xyz,xyz:SNXX,13.3505,,
2026-09-16 08:22:15,hl_xyz,xyz:SOFTBANK,38.677,,
2026-09-16 08:22:15,hl_xyz,xyz:SOXL,102.725,,
2026-09-16 08:22:15,hl_xyz,xyz:SP500,7592.75,,
2026-09-16 08:22:15,hl_xyz,xyz:SPCX,143.485,,
2026-09-16 08:22:15,hl_xyz,xyz:STRC,97.496,,
2026-09-16 08:22:15,hl_xyz,xyz:TSLA,356.715,,
2026-09-16 08:22:15,hl_xyz,xyz:TSM,413.685,,
2026-09-16 08:22:15,hl_xyz,xyz:UNITREE,69.9975,,
2026-09-16 08:22:15,hl_xyz,xyz:URNM,50.4755,,
2026-09-16 08:22:15,hl_xyz,xyz:USAR,15.4085,,
2026-09-16 08:22:15,hl_xyz,xyz:WDC,413.555,,
2026-09-16 08:22:15,hl_xyz,xyz:XBI,153.655,,
2026-09-16 08:22:15,hl_xyz,xyz:XLE,65.9085,,
2026-09-16 08:22:15,hl_xyz,xyz:XYZ100,28972.5,,
2026-09-16 08:22:15,hl_xyz,xyz:ZHIPU,85.262,,
2026-09-16 08:22:15,hl_xyz,xyz:ZM,93.342,,
2026-09-16 08:22:15,hl_ctx,xyz:NVDA:funding,6e-06,,
2026-09-16 08:22:15,hl_ctx,xyz:AMD:funding,6e-06,,
2026-09-16 08:22:15,hl_ctx,xyz:AVGO:funding,1.8e-05,,
2026-09-16 08:22:15,hl_ctx,xyz:TSM:funding,-8e-06,,
2026-09-16 08:22:15,hl_ctx,xyz:SMH:funding,7.8e-05,,
2026-09-16 08:22:15,hl_ctx,xyz:AMZN:funding,6e-06,,
2026-09-16 08:22:15,hl_ctx,xyz:META:funding,7e-06,,
2026-09-16 08:22:15,hl_ctx,xyz:MSFT:funding,-1.3e-05,,
2026-09-16 08:22:15,hl_ctx,xyz:GOOGL:funding,6e-06,,
2026-09-16 08:22:15,hl_ctx,xyz:BABA:funding,4.9e-05,,
2026-09-16 08:22:15,hl_ctx,xyz:COIN:funding,9e-06,,
2026-09-16 08:22:15,hl_ctx,xyz:XYZ100:funding,6e-06,,
2026-09-16 08:22:15,hl_ctx,xyz:JPY:funding,-9e-06,,
2026-09-16 08:22:15,hl_ctx,xyz:JP225:funding,-2e-06,,
2026-09-16 08:22:15,hl_ctx,xyz:BRENTOIL:funding,6e-06,,
2026-09-16 08:22:15,hl_ctx,xyz:NATGAS:funding,6e-06,,
2026-09-16 08:22:15,hl_ctx,xyz:COPPER:funding,-7e-06,,
2026-09-16 08:22:15,hl_ctx,xyz:GOLD:funding,3.1e-05,,
2026-09-16 08:22:15,hl_main,BTC,75713.5,,
2026-09-16 08:22:15,hl_main,ETH,2401.75,,
2026-09-16 08:22:15,hl_main,SOL,96.9345,,
2026-09-16 08:22:15,hl_event,#12090,0.123475,,
2026-09-16 08:22:15,hl_event,#12091,0.876525,,
2026-09-16 08:22:15,hl_event,#12100,0.01155,,
2026-09-16 08:22:15,hl_event,#12101,0.98845,,
2026-09-16 08:22:15,hl_event,#12110,0.009685,,
2026-09-16 08:22:15,hl_event,#12111,0.990315,,
2026-09-16 08:22:15,hl_event,#12120,0.0265,,
2026-09-16 08:22:15,hl_event,#12121,0.9735,,
2026-09-16 08:22:15,treasury,fred:UST2Y,4.67,0.004301,1
2026-09-16 08:22:15,treasury,fred:UST10Y,5.0,0.006036,1
2026-09-16 08:22:15,treasury,fred:UST20Y,5.4,0.005587,1
2026-09-16 08:22:15,treasury,fred:UST30Y,5.36,0.003745,1
2026-09-16 08:22:15,yahoo,fred:VIX,17.2,0.005848,1
2026-09-16 08:22:15,yahoo,fred:WTI,105.01,0.021796,3
2026-09-16 08:22:15,yahoo,idx:DXY,99.673,0.000713,2
2026-09-16 08:22:15,yahoo,vix:9D,17.21,0.017741,1
2026-09-16 08:22:15,yahoo,vix:3M,19.36,0.004149,1
2026-09-16 08:22:15,yahoo,vix:6M,20.76,0.002414,1
2026-09-16 08:22:15,yahoo,vix:VVIX,94.91,0.000211,1
2026-09-16 08:22:15,fred,fred:UST10Y2Y,0.33,0.03125,1
2026-09-16 08:22:15,fred,fred:FEDFUNDS,3.75,0.0,0
2026-09-16 08:22:15,fred,fred:HY_OAS,2.71,0.022642,1
2026-09-16 08:22:15,fred,fred:WALCL,6740619.0,,
2026-09-16 08:22:15,fred,fred:RRP,0.7,-0.507042,-1
2026-09-16 08:22:15,fred,fred:TGA,883335.0,,
2026-09-16 08:22:15,fred,fred:SOFR,3.62,0.0,0
2026-09-16 08:22:15,fred,fred:T10YIE,2.38,0.004219,1
2026-09-16 08:22:15,fred,fred:IG_OAS,0.8,0.0,0
2026-09-16 08:22:15,yahoo,fx:USDCNH,6.7131,0.000253,2
2026-09-16 08:22:15,yahoo,idx:HSI,24667.24,-0.006947,-2
2026-09-16 08:22:15,yahoo,idx:MOVE,83.7087,-0.002307,-1
2026-09-16 08:22:15,yahoo,cm:GOLD_FUT,4322.8,-0.00607,-1
2026-09-16 08:22:15,yahoo,cm:COPPER_FUT,6.4515,0.008993,3
2026-09-16 08:22:15,cnbond,bond:CN10Y,1.6865,-0.001362,-1
2026-09-16 08:22:15,cnbond,bond:CN30Y,2.14,-0.004883,-1
2026-09-16 08:22:15,cftc,cot:JPY_LEV_NET,-49098.0,,
2026-09-16 08:22:15,cftc,cot:JPY_LEV_LONG,81760.0,,
2026-09-16 08:22:15,cftc,cot:JPY_LEV_SHORT,130858.0,,
2026-09-16 08:22:15,cftc,cot:JPY_DEALER_NET,-39477.0,,
2026-09-16 08:22:15,cftc,cot:JPY_OI,499635.0,,
2026-09-16 08:23:21,social,social:NVDA:mentions,82.0,-0.11828,-1
2026-09-16 08:23:21,social,social:NVDA:rank,2.0,-0.5,-1
2026-09-16 08:23:21,social,social:AVGO:mentions,50.0,-0.019608,-1
2026-09-16 08:23:21,social,social:AVGO:rank,7.0,-0.222222,-3
2026-09-16 08:23:21,social,social:AMZN:mentions,37.0,0.37037,2
2026-09-16 08:23:21,social,social:AMZN:rank,9.0,-0.55,-2
2026-09-16 08:23:21,social,social:META:mentions,36.0,-0.307692,-1
2026-09-16 08:23:21,social,social:META:rank,11.0,0.375,1
2026-09-16 08:23:21,social,social:TSLA:mentions,30.0,0.111111,3
2026-09-16 08:23:21,social,social:TSLA:rank,14.0,-0.333333,-1
2026-09-16 08:23:21,social,social:MSFT:mentions,28.0,-0.348837,-1
2026-09-16 08:23:21,social,social:MSFT:rank,17.0,0.307692,1
2026-09-16 08:23:21,social,social:GOOGL:mentions,28.0,-0.416667,-1
2026-09-16 08:23:21,social,social:GOOGL:rank,18.0,0.636364,1
2026-09-16 08:23:21,social,social:AMD:mentions,26.0,0.3,1
2026-09-16 08:23:21,social,social:AMD:rank,20.0,-0.230769,-1
2026-09-16 08:23:21,social,social:AAPL:mentions,15.0,-0.516129,-1
2026-09-16 08:23:21,social,social:AAPL:rank,28.0,0.555556,1
2026-09-16 08:23:21,social,social:COIN:mentions,5.0,,
2026-09-16 08:23:21,social,social:COIN:rank,77.0,,
2026-09-16 08:23:21,social,social:TSM:mentions,1.0,-0.8,-1
2026-09-16 08:23:21,social,social:TSM:rank,172.0,0.954545,2
2026-09-16 08:23:21,social,social:BABA:mentions,1.0,0.0,0
2026-09-16 08:23:21,social,social:BABA:rank,266.0,-0.036232,-1
2026-09-16 08:23:21,social,social:FPS:mentions,8.0,3.0,1
2026-09-16 08:23:21,social,social:FPS:rank,51.0,-0.271429,-1
2026-09-16 08:23:21,social,social:HERE:mentions,6.0,1.0,1
2026-09-16 08:23:21,social,social:HERE:rank,67.0,-0.484615,-1
2026-09-16 08:23:21,social,social:LUNR:mentions,4.0,,
2026-09-16 08:23:21,social,social:LUNR:rank,101.0,,
2026-09-16 08:23:21,social,social:ARM:mentions,3.0,0.0,0
2026-09-16 08:23:21,social,social:ARM:rank,120.0,0.578947,1
2026-09-16 08:23:21,social,social:INIO:mentions,2.0,,
2026-09-16 08:23:21,social,social:INIO:rank,169.0,,
2026-09-16 08:23:21,social,social:SMA:mentions,2.0,0.0,0
2026-09-16 08:23:21,social,social:SMA:rank,167.0,-0.067039,-1
2026-09-16 08:23:21,social,social:PL:mentions,4.0,,
2026-09-16 08:23:21,social,social:PL:rank,100.0,,
2026-09-16 08:23:21,social,social:AAOI:mentions,2.0,,
2026-09-16 08:23:21,social,social:AAOI:rank,165.0,,
2026-09-16 08:23:21,social,social:AS:mentions,2.0,,
2026-09-16 08:23:21,social,social:AS:rank,164.0,,
2026-09-16 08:23:21,social,social:AXON:mentions,6.0,,
2026-09-16 08:23:21,social,social:AXON:rank,64.0,,
2026-09-17 08:31:31,hl_xyz,xyz:AAOI,99.0955,,
2026-09-17 08:31:31,hl_xyz,xyz:AAPL,333.17,,
2026-09-17 08:31:31,hl_xyz,xyz:AMAT,420.525,,
2026-09-17 08:31:31,hl_xyz,xyz:AMD,519.065,,
2026-09-17 08:31:31,hl_xyz,xyz:AMZN,248.285,,
2026-09-17 08:31:31,hl_xyz,xyz:ARM,248.025,,
2026-09-17 08:31:31,hl_xyz,xyz:ASML,1619.45,,
2026-09-17 08:31:31,hl_xyz,xyz:AVGO,342.395,,
2026-09-17 08:31:31,hl_xyz,xyz:BABA,107.57,,
2026-09-17 08:31:31,hl_xyz,xyz:BB,7.6994,,
2026-09-17 08:31:31,hl_xyz,xyz:BE,277.075,,
2026-09-17 08:31:31,hl_xyz,xyz:BIRD,2.38115,,
2026-09-17 08:31:31,hl_xyz,xyz:BMNR,23.1225,,
2026-09-17 08:31:31,hl_xyz,xyz:BOT,26.5085,,
2026-09-17 08:31:31,hl_xyz,xyz:BRENTOIL,100.015,,
2026-09-17 08:31:31,hl_xyz,xyz:BX,124.715,,
2026-09-17 08:31:31,hl_xyz,xyz:CBRS,192.305,,
2026-09-17 08:31:31,hl_xyz,xyz:CL,96.684,,
2026-09-17 08:31:31,hl_xyz,xyz:COIN,167.03,,
2026-09-17 08:31:31,hl_xyz,xyz:COPPER,6.453,,
2026-09-17 08:31:31,hl_xyz,xyz:COST,895.31,,
2026-09-17 08:31:31,hl_xyz,xyz:CRCL,81.848,,
2026-09-17 08:31:31,hl_xyz,xyz:CRWD,242.55,,
2026-09-17 08:31:31,hl_xyz,xyz:CRWV,86.2235,,
2026-09-17 08:31:31,hl_xyz,xyz:CXMT,8.2824,,
2026-09-17 08:31:31,hl_xyz,xyz:DELL,569.215,,
2026-09-17 08:31:31,hl_xyz,xyz:DKNG,24.3935,,
2026-09-17 08:31:31,hl_xyz,xyz:DRAM,55.913,,
2026-09-17 08:31:31,hl_xyz,xyz:EBAY,109.38,,
2026-09-17 08:31:31,hl_xyz,xyz:EUR,1.1473,,
2026-09-17 08:31:31,hl_xyz,xyz:EWJ,97.407,,
2026-09-17 08:31:31,hl_xyz,xyz:EWT,108.755,,
2026-09-17 08:31:31,hl_xyz,xyz:EWY,177.84,,
2026-09-17 08:31:31,hl_xyz,xyz:EWZ,37.565,,
2026-09-17 08:31:31,hl_xyz,xyz:GBP,1.33805,,
2026-09-17 08:31:31,hl_xyz,xyz:GEV,937.195,,
2026-09-17 08:31:31,hl_xyz,xyz:GIGADEV,55.7645,,
2026-09-17 08:31:31,hl_xyz,xyz:GME,21.987,,
2026-09-17 08:31:31,hl_xyz,xyz:GOLD,4286.25,,
2026-09-17 08:31:31,hl_xyz,xyz:GOOGL,345.295,,
2026-09-17 08:31:31,hl_xyz,xyz:HIMS,28.032,,
2026-09-17 08:31:31,hl_xyz,xyz:HOOD,106.01,,
2026-09-17 08:31:31,hl_xyz,xyz:HYUNDAI,261.025,,
2026-09-17 08:31:31,hl_xyz,xyz:IBM,238.68,,
2026-09-17 08:31:31,hl_xyz,xyz:INTC,102.425,,
2026-09-17 08:31:31,hl_xyz,xyz:IREN,43.881,,
2026-09-17 08:31:31,hl_xyz,xyz:JP225,64158.0,,
2026-09-17 08:31:31,hl_xyz,xyz:JPY,156.0,,
2026-09-17 08:31:31,hl_xyz,xyz:KIOXIA,323.395,,
2026-09-17 08:31:31,hl_xyz,xyz:KORU,19.005,,
2026-09-17 08:31:31,hl_xyz,xyz:KR200,1058.35,,
2026-09-17 08:31:31,hl_xyz,xyz:KSTR,23.583,,
2026-09-17 08:31:31,hl_xyz,xyz:LITE,922.115,,
2026-09-17 08:31:31,hl_xyz,xyz:LLY,1139.7,,
2026-09-17 08:31:31,hl_xyz,xyz:LYTE,25.5055,,
2026-09-17 08:31:31,hl_xyz,xyz:MAGS,70.087,,
2026-09-17 08:31:31,hl_xyz,xyz:META,679.205,,
2026-09-17 08:31:31,hl_xyz,xyz:MINIMAX,30.979,,
2026-09-17 08:31:31,hl_xyz,xyz:MRNA,146.17,,
2026-09-17 08:31:31,hl_xyz,xyz:MRVL,233.605,,
2026-09-17 08:31:31,hl_xyz,xyz:MSFT,492.475,,
2026-09-17 08:31:31,hl_xyz,xyz:MSTR,128.355,,
2026-09-17 08:31:31,hl_xyz,xyz:MU,933.705,,
2026-09-17 08:31:31,hl_xyz,xyz:NATGAS,3.01885,,
2026-09-17 08:31:31,hl_xyz,xyz:NBIS,222.615,,
2026-09-17 08:31:31,hl_xyz,xyz:NCLD,23.446,,
2026-09-17 08:31:31,hl_xyz,xyz:NET,326.805,,
2026-09-17 08:31:31,hl_xyz,xyz:NFLX,76.766,,
2026-09-17 08:31:31,hl_xyz,xyz:NOK,10.3135,,
2026-09-17 08:31:31,hl_xyz,xyz:NOW,140.57,,
2026-09-17 08:31:31,hl_xyz,xyz:NVDA,215.64,,
2026-09-17 08:31:31,hl_xyz,xyz:ORCL,144.955,,
2026-09-17 08:31:31,hl_xyz,xyz:PALLADIUM,1289.8,,
2026-09-17 08:31:31,hl_xyz,xyz:PLATINUM,1768.55,,
2026-09-17 08:31:31,hl_xyz,xyz:PLTR,175.095,,
2026-09-17 08:31:31,hl_xyz,xyz:PURRDAT,11.478,,
2026-09-17 08:31:31,hl_xyz,xyz:QCOM,185.955,,
2026-09-17 08:31:31,hl_xyz,xyz:QNT,52.3245,,
2026-09-17 08:31:31,hl_xyz,xyz:RDDT,158.02,,
2026-09-17 08:31:31,hl_xyz,xyz:RIVN,15.2955,,
2026-09-17 08:31:31,hl_xyz,xyz:RKLB,64.321,,
2026-09-17 08:31:31,hl_xyz,xyz:SHAZ,53.2775,,
2026-09-17 08:31:31,hl_xyz,xyz:SHEIN,5.0077,,
2026-09-17 08:31:31,hl_xyz,xyz:SILVER,63.404,,
2026-09-17 08:31:31,hl_xyz,xyz:SKHX,1264.0,,
2026-09-17 08:31:31,hl_xyz,xyz:SKHY,177.175,,
2026-09-17 08:31:31,hl_xyz,xyz:SMH,551.24,,
2026-09-17 08:31:31,hl_xyz,xyz:SMSN,183.665,,
2026-09-17 08:31:31,hl_xyz,xyz:SNDK,1537.55,,
2026-09-17 08:31:31,hl_xyz,xyz:SNXX,13.428,,
2026-09-17 08:31:31,hl_xyz,xyz:SOFTBANK,39.684,,
2026-09-17 08:31:31,hl_xyz,xyz:SOXL,107.295,,
2026-09-17 08:31:31,hl_xyz,xyz:SP500,7586.25,,
2026-09-17 08:31:31,hl_xyz,xyz:SPCX,151.825,,
2026-09-17 08:31:31,hl_xyz,xyz:STRC,97.21,,
2026-09-17 08:31:31,hl_xyz,xyz:TSLA,360.18,,
2026-09-17 08:31:31,hl_xyz,xyz:TSM,421.19,,
2026-09-17 08:31:31,hl_xyz,xyz:UNITREE,70.314,,
2026-09-17 08:31:31,hl_xyz,xyz:URNM,50.75,,
2026-09-17 08:31:31,hl_xyz,xyz:USAR,15.361,,
2026-09-17 08:31:31,hl_xyz,xyz:WDC,422.275,,
2026-09-17 08:31:31,hl_xyz,xyz:XBI,154.805,,
2026-09-17 08:31:31,hl_xyz,xyz:XLE,64.141,,
2026-09-17 08:31:31,hl_xyz,xyz:XYZ100,29139.5,,
2026-09-17 08:31:31,hl_xyz,xyz:ZHIPU,92.98,,
2026-09-17 08:31:31,hl_xyz,xyz:ZM,92.385,,
2026-09-17 08:31:31,hl_ctx,xyz:NVDA:funding,1.5e-05,,
2026-09-17 08:31:31,hl_ctx,xyz:AMD:funding,6e-06,,
2026-09-17 08:31:31,hl_ctx,xyz:AVGO:funding,1.3e-05,,
2026-09-17 08:31:31,hl_ctx,xyz:TSM:funding,6e-06,,
2026-09-17 08:31:31,hl_ctx,xyz:SMH:funding,5.2e-05,,
2026-09-17 08:31:31,hl_ctx,xyz:AMZN:funding,6e-06,,
2026-09-17 08:31:31,hl_ctx,xyz:META:funding,1.1e-05,,
2026-09-17 08:31:31,hl_ctx,xyz:MSFT:funding,3e-06,,
2026-09-17 08:31:31,hl_ctx,xyz:GOOGL:funding,6e-06,,
2026-09-17 08:31:31,hl_ctx,xyz:BABA:funding,6e-06,,
2026-09-17 08:31:31,hl_ctx,xyz:COIN:funding,2.9e-05,,
2026-09-17 08:31:31,hl_ctx,xyz:XYZ100:funding,6e-06,,
2026-09-17 08:31:31,hl_ctx,xyz:JPY:funding,-7e-06,,
2026-09-17 08:31:31,hl_ctx,xyz:JP225:funding,1e-06,,
2026-09-17 08:31:31,hl_ctx,xyz:BRENTOIL:funding,6e-06,,
2026-09-17 08:31:31,hl_ctx,xyz:NATGAS:funding,6e-06,,
2026-09-17 08:31:31,hl_ctx,xyz:COPPER:funding,-1.7e-05,,
2026-09-17 08:31:31,hl_ctx,xyz:GOLD:funding,6e-06,,
2026-09-17 08:31:31,hl_main,BTC,76382.5,,
2026-09-17 08:31:31,hl_main,ETH,2423.05,,
2026-09-17 08:31:31,hl_main,SOL,98.9325,,
2026-09-17 08:31:31,hl_event,#12090,0.13641,,
2026-09-17 08:31:31,hl_event,#12091,0.86359,,
2026-09-17 08:31:31,hl_event,#12100,0.0125,,
2026-09-17 08:31:31,hl_event,#12101,0.9875,,
2026-09-17 08:31:31,hl_event,#12110,0.00495,,
2026-09-17 08:31:31,hl_event,#12111,0.99505,,
2026-09-17 08:31:31,hl_event,#12120,0.010405,,
2026-09-17 08:31:31,hl_event,#12121,0.989595,,
2026-09-17 08:31:31,treasury,fred:UST2Y,4.74,0.014989,2
2026-09-17 08:31:31,treasury,fred:UST10Y,5.01,0.002,2
2026-09-17 08:31:31,treasury,fred:UST20Y,5.39,-0.001852,-1
2026-09-17 08:31:31,treasury,fred:UST30Y,5.35,-0.001866,-1
2026-09-17 08:31:31,yahoo,fred:VIX,17.71,0.029651,2
2026-09-17 08:31:31,yahoo,fred:WTI,101.52,-0.033235,-1
2026-09-17 08:31:31,yahoo,idx:DXY,100.261,0.005899,3
2026-09-17 08:31:31,yahoo,vix:9D,17.4,0.01104,2
2026-09-17 08:31:31,yahoo,vix:3M,19.73,0.019112,2
2026-09-17 08:31:31,yahoo,vix:6M,21.03,0.013006,2
2026-09-17 08:31:31,yahoo,vix:VVIX,95.41,0.005268,2
2026-09-17 08:31:31,fred,fred:UST10Y2Y,0.27,-0.181818,-1
2026-09-17 08:31:31,fred,fred:FEDFUNDS,3.75,0.0,0
2026-09-17 08:31:31,fred,fred:HY_OAS,2.76,0.01845,2
2026-09-17 08:31:31,fred,fred:WALCL,6740619.0,,
2026-09-17 08:31:31,fred,fred:RRP,5.375,6.678571,1
2026-09-17 08:31:31,fred,fred:TGA,883335.0,,
2026-09-17 08:31:31,fred,fred:SOFR,3.64,0.005525,1
2026-09-17 08:31:31,fred,fred:T10YIE,2.33,-0.021008,-1
2026-09-17 08:31:31,fred,fred:IG_OAS,0.8,0.0,0
2026-09-17 08:31:31,yahoo,fx:USDCNH,6.7103,-0.000417,-1
2026-09-17 08:31:31,yahoo,idx:HSI,24713.78,0.001887,1
2026-09-17 08:31:31,yahoo,idx:MOVE,80.7276,-0.035613,-2
2026-09-17 08:31:31,yahoo,cm:GOLD_FUT,4324.6,0.000416,1
2026-09-17 08:31:31,yahoo,cm:COPPER_FUT,6.456,0.000698,4
2026-09-17 08:31:31,cnbond,bond:CN10Y,1.6858,-0.000415,-2
2026-09-17 08:31:31,cnbond,bond:CN30Y,2.1375,-0.001168,-2
2026-09-17 08:31:31,cftc,cot:JPY_LEV_NET,-49098.0,,
2026-09-17 08:31:31,cftc,cot:JPY_LEV_LONG,81760.0,,
2026-09-17 08:31:31,cftc,cot:JPY_LEV_SHORT,130858.0,,
2026-09-17 08:31:31,cftc,cot:JPY_DEALER_NET,-39477.0,,
2026-09-17 08:31:31,cftc,cot:JPY_OI,499635.0,,
2026-09-17 08:33:04,social,social:NVDA:mentions,54.0,-0.341463,-2
2026-09-17 08:33:04,social,social:NVDA:rank,6.0,2.0,1
2026-09-17 08:33:04,social,social:AMD:mentions,35.0,0.346154,2
2026-09-17 08:33:04,social,social:AMD:rank,12.0,-0.4,-2
2026-09-17 08:33:04,social,social:META:mentions,35.0,-0.027778,-2
2026-09-17 08:33:04,social,social:META:rank,13.0,0.181818,2
2026-09-17 08:33:04,social,social:AVGO:mentions,34.0,-0.32,-2
2026-09-17 08:33:04,social,social:AVGO:rank,14.0,1.0,1
2026-09-17 08:33:04,social,social:TSLA:mentions,30.0,0.0,0
2026-09-17 08:33:04,social,social:TSLA:rank,15.0,0.071429,1
2026-09-17 08:33:04,social,social:AMZN:mentions,28.0,-0.243243,-1
2026-09-17 08:33:04,social,social:AMZN:rank,16.0,0.777778,1
2026-09-17 08:33:04,social,social:MSFT:mentions,18.0,-0.357143,-2
2026-09-17 08:33:04,social,social:MSFT:rank,24.0,0.411765,2
2026-09-17 08:33:04,social,social:AAPL:mentions,17.0,0.133333,1
2026-09-17 08:33:04,social,social:AAPL:rank,28.0,0.0,0
2026-09-17 08:33:04,social,social:GOOGL:mentions,16.0,-0.428571,-2
2026-09-17 08:33:04,social,social:GOOGL:rank,34.0,0.888889,2
2026-09-17 08:33:04,social,social:TSM:mentions,3.0,2.0,1
2026-09-17 08:33:04,social,social:TSM:rank,107.0,-0.377907,-1
2026-09-17 08:33:04,social,social:SMH:mentions,3.0,-0.7,-1
2026-09-17 08:33:04,social,social:SMH:rank,122.0,1.489796,1
2026-09-17 08:33:04,social,social:BABA:mentions,1.0,0.0,0
2026-09-17 08:33:04,social,social:BABA:rank,283.0,0.06391,1
2026-09-17 08:33:04,social,social:MEDS:mentions,23.0,,
2026-09-17 08:33:04,social,social:MEDS:rank,19.0,,
2026-09-17 08:33:04,social,social:CRWV:mentions,8.0,1.0,1
2026-09-17 08:33:04,social,social:CRWV:rank,60.0,-0.016393,-1
2026-09-17 08:33:04,social,social:SMC:mentions,7.0,,
2026-09-17 08:33:04,social,social:SMC:rank,66.0,,
2026-09-17 08:33:04,social,social:SMA:mentions,6.0,2.0,1
2026-09-17 08:33:04,social,social:SMA:rank,76.0,-0.54491,-2
2026-09-17 08:33:04,social,social:BY:mentions,7.0,,
2026-09-17 08:33:04,social,social:BY:rank,65.0,,
2026-09-17 08:33:04,social,social:BMNR:mentions,3.0,,
2026-09-17 08:33:04,social,social:BMNR:rank,130.0,,
2026-09-17 08:33:04,social,social:AUR:mentions,11.0,,
2026-09-17 08:33:04,social,social:AUR:rank,44.0,,
2026-09-17 08:33:04,social,social:DVLT:mentions,2.0,,
2026-09-17 08:33:04,social,social:DVLT:rank,176.0,,
2026-09-17 08:33:04,social,social:SOUN:mentions,4.0,0.0,0
2026-09-17 08:33:04,social,social:SOUN:rank,103.0,0.0,0
2026-09-17 08:33:04,social,social:LOT:mentions,2.0,,
2026-09-17 08:33:04,social,social:LOT:rank,172.0,,
2026-09-18 08:09:54,hl_xyz,xyz:AAOI,98.494,,
2026-09-18 08:09:54,hl_xyz,xyz:AAPL,336.17,,
2026-09-18 08:09:54,hl_xyz,xyz:AMAT,416.385,,
2026-09-18 08:09:54,hl_xyz,xyz:AMD,543.575,,
2026-09-18 08:09:54,hl_xyz,xyz:AMZN,250.565,,
2026-09-18 08:09:54,hl_xyz,xyz:ARM,263.845,,
2026-09-18 08:09:54,hl_xyz,xyz:ASML,1628.9,,
2026-09-18 08:09:54,hl_xyz,xyz:AVGO,347.575,,
2026-09-18 08:09:54,hl_xyz,xyz:BABA,108.765,,
2026-09-18 08:09:54,hl_xyz,xyz:BB,8.0928,,
2026-09-18 08:09:54,hl_xyz,xyz:BE,279.03,,
2026-09-18 08:09:54,hl_xyz,xyz:BIRD,2.44025,,
2026-09-18 08:09:54,hl_xyz,xyz:BMNR,23.889,,
2026-09-18 08:09:54,hl_xyz,xyz:BOT,28.0285,,
2026-09-18 08:09:54,hl_xyz,xyz:BRENTOIL,99.3175,,
2026-09-18 08:09:54,hl_xyz,xyz:BX,125.255,,
2026-09-18 08:09:54,hl_xyz,xyz:CBRS,194.015,,
2026-09-18 08:09:54,hl_xyz,xyz:CL,96.387,,
2026-09-18 08:09:54,hl_xyz,xyz:COIN,172.895,,
2026-09-18 08:09:54,hl_xyz,xyz:COPPER,6.6283,,
2026-09-18 08:09:54,hl_xyz,xyz:COST,894.98,,
2026-09-18 08:09:54,hl_xyz,xyz:CRCL,84.613,,
2026-09-18 08:09:54,hl_xyz,xyz:CRWD,245.76,,
2026-09-18 08:09:54,hl_xyz,xyz:CRWV,80.174,,
2026-09-18 08:09:54,hl_xyz,xyz:CVX,213.1,,
2026-09-18 08:09:54,hl_xyz,xyz:CXMT,8.2374,,
2026-09-18 08:09:54,hl_xyz,xyz:DELL,589.78,,
2026-09-18 08:09:54,hl_xyz,xyz:DKNG,22.5705,,
2026-09-18 08:09:54,hl_xyz,xyz:DRAM,57.725,,
2026-09-18 08:09:54,hl_xyz,xyz:EBAY,112.52,,
2026-09-18 08:09:54,hl_xyz,xyz:EUR,1.14845,,
2026-09-18 08:09:54,hl_xyz,xyz:EWJ,97.173,,
2026-09-18 08:09:54,hl_xyz,xyz:EWT,110.765,,
2026-09-18 08:09:54,hl_xyz,xyz:EWY,181.625,,
2026-09-18 08:09:54,hl_xyz,xyz:EWZ,37.869,,
2026-09-18 08:09:54,hl_xyz,xyz:GBP,1.33545,,
2026-09-18 08:09:54,hl_xyz,xyz:GEV,927.36,,
2026-09-18 08:09:54,hl_xyz,xyz:GIGADEV,57.401,,
2026-09-18 08:09:54,hl_xyz,xyz:GME,22.738,,
2026-09-18 08:09:54,hl_xyz,xyz:GOLD,4348.15,,
2026-09-18 08:09:54,hl_xyz,xyz:GOOGL,346.765,,
2026-09-18 08:09:54,hl_xyz,xyz:HIMS,27.875,,
2026-09-18 08:09:54,hl_xyz,xyz:HOOD,109.41,,
2026-09-18 08:09:54,hl_xyz,xyz:HYUNDAI,268.245,,
2026-09-18 08:09:54,hl_xyz,xyz:IBM,237.97,,
2026-09-18 08:09:54,hl_xyz,xyz:INTC,109.34,,
2026-09-18 08:09:54,hl_xyz,xyz:IREN,43.3815,,
2026-09-18 08:09:54,hl_xyz,xyz:JP225,64628.0,,
2026-09-18 08:09:54,hl_xyz,xyz:JPY,156.125,,
2026-09-18 08:09:54,hl_xyz,xyz:KIOXIA,328.84,,
2026-09-18 08:09:54,hl_xyz,xyz:KORU,20.109,,
2026-09-18 08:09:54,hl_xyz,xyz:KR200,1086.35,,
2026-09-18 08:09:54,hl_xyz,xyz:KSTR,23.658,,
2026-09-18 08:09:54,hl_xyz,xyz:LITE,898.03,,
2026-09-18 08:09:54,hl_xyz,xyz:LLY,1152.45,,
2026-09-18 08:09:54,hl_xyz,xyz:LYTE,25.3955,,
2026-09-18 08:09:54,hl_xyz,xyz:MAGS,70.5875,,
2026-09-18 08:09:54,hl_xyz,xyz:META,681.48,,
2026-09-18 08:09:54,hl_xyz,xyz:MINIMAX,33.3085,,
2026-09-18 08:09:54,hl_xyz,xyz:MRNA,158.065,,
2026-09-18 08:09:54,hl_xyz,xyz:MRVL,239.4,,
2026-09-18 08:09:54,hl_xyz,xyz:MSFT,496.605,,
2026-09-18 08:09:54,hl_xyz,xyz:MSTR,131.62,,
2026-09-18 08:09:54,hl_xyz,xyz:MU,982.395,,
2026-09-18 08:09:54,hl_xyz,xyz:NATGAS,2.99125,,
2026-09-18 08:09:54,hl_xyz,xyz:NBIS,215.785,,
2026-09-18 08:09:54,hl_xyz,xyz:NCLD,22.8665,,
2026-09-18 08:09:54,hl_xyz,xyz:NET,335.35,,
2026-09-18 08:09:54,hl_xyz,xyz:NFLX,75.458,,
2026-09-18 08:09:54,hl_xyz,xyz:NOK,10.6135,,
2026-09-18 08:09:54,hl_xyz,xyz:NOW,138.815,,
2026-09-18 08:09:54,hl_xyz,xyz:NVDA,219.105,,
2026-09-18 08:09:54,hl_xyz,xyz:ORCL,149.995,,
2026-09-18 08:09:54,hl_xyz,xyz:PALLADIUM,1290.65,,
2026-09-18 08:09:54,hl_xyz,xyz:PLATINUM,1777.65,,
2026-09-18 08:09:54,hl_xyz,xyz:PLTR,175.325,,
2026-09-18 08:09:54,hl_xyz,xyz:PURRDAT,13.0725,,
2026-09-18 08:09:54,hl_xyz,xyz:QCOM,187.985,,
2026-09-18 08:09:54,hl_xyz,xyz:QNT,54.2185,,
2026-09-18 08:09:54,hl_xyz,xyz:RDDT,153.125,,
2026-09-18 08:09:54,hl_xyz,xyz:RIVN,15.491,,
2026-09-18 08:09:54,hl_xyz,xyz:RKLB,67.8415,,
2026-09-18 08:09:54,hl_xyz,xyz:SHAZ,56.718,,
2026-09-18 08:09:54,hl_xyz,xyz:SHEIN,5.05025,,
2026-09-18 08:09:54,hl_xyz,xyz:SILVER,65.4605,,
2026-09-18 08:09:54,hl_xyz,xyz:SKHX,1316.95,,
2026-09-18 08:09:54,hl_xyz,xyz:SKHY,183.945,,
2026-09-18 08:09:54,hl_xyz,xyz:SMH,559.99,,
2026-09-18 08:09:54,hl_xyz,xyz:SMSN,187.805,,
2026-09-18 08:09:54,hl_xyz,xyz:SNDK,1615.15,,
2026-09-18 08:09:54,hl_xyz,xyz:SNXX,14.7625,,
2026-09-18 08:09:54,hl_xyz,xyz:SOFTBANK,41.449,,
2026-09-18 08:09:54,hl_xyz,xyz:SOXL,113.62,,
2026-09-18 08:09:54,hl_xyz,xyz:SP500,7626.45,,
2026-09-18 08:09:54,hl_xyz,xyz:SPCX,154.915,,
2026-09-18 08:09:54,hl_xyz,xyz:STRC,98.064,,
2026-09-18 08:09:54,hl_xyz,xyz:TLT,81.6755,,
2026-09-18 08:09:54,hl_xyz,xyz:TSLA,365.635,,
2026-09-18 08:09:54,hl_xyz,xyz:TSM,429.61,,
2026-09-18 08:09:54,hl_xyz,xyz:UNITREE,76.6965,,
2026-09-18 08:09:54,hl_xyz,xyz:URNM,51.274,,
2026-09-18 08:09:54,hl_xyz,xyz:USAR,15.7335,,
2026-09-18 08:09:54,hl_xyz,xyz:WDC,423.255,,
2026-09-18 08:09:54,hl_xyz,xyz:XBI,157.84,,
2026-09-18 08:09:54,hl_xyz,xyz:XLE,64.6025,,
2026-09-18 08:09:54,hl_xyz,xyz:XYZ100,29398.5,,
2026-09-18 08:09:54,hl_xyz,xyz:ZHIPU,97.49,,
2026-09-18 08:09:54,hl_xyz,xyz:ZM,92.226,,
2026-09-18 08:09:54,hl_ctx,xyz:NVDA:funding,6e-06,,
2026-09-18 08:09:54,hl_ctx,xyz:AMD:funding,-1e-06,,
2026-09-18 08:09:54,hl_ctx,xyz:AVGO:funding,-9e-06,,
2026-09-18 08:09:54,hl_ctx,xyz:TSM:funding,6e-06,,
2026-09-18 08:09:54,hl_ctx,xyz:SMH:funding,6e-06,,
2026-09-18 08:09:54,hl_ctx,xyz:AMZN:funding,3.9e-05,,
2026-09-18 08:09:54,hl_ctx,xyz:META:funding,6e-06,,
2026-09-18 08:09:54,hl_ctx,xyz:MSFT:funding,-1.2e-05,,
2026-09-18 08:09:54,hl_ctx,xyz:GOOGL:funding,6e-06,,
2026-09-18 08:09:54,hl_ctx,xyz:BABA:funding,1.6e-05,,
2026-09-18 08:09:54,hl_ctx,xyz:COIN:funding,6e-06,,
2026-09-18 08:09:54,hl_ctx,xyz:XYZ100:funding,6e-06,,
2026-09-18 08:09:54,hl_ctx,xyz:JPY:funding,-2e-06,,
2026-09-18 08:09:54,hl_ctx,xyz:JP225:funding,0.0,,
2026-09-18 08:09:54,hl_ctx,xyz:BRENTOIL:funding,6e-06,,
2026-09-18 08:09:54,hl_ctx,xyz:NATGAS:funding,6e-06,,
2026-09-18 08:09:54,hl_ctx,xyz:COPPER:funding,6e-06,,
2026-09-18 08:09:54,hl_ctx,xyz:GOLD:funding,8e-06,,
2026-09-18 08:09:54,hl_main,BTC,76411.5,,
2026-09-18 08:09:54,hl_main,ETH,2445.75,,
2026-09-18 08:09:54,hl_main,SOL,101.605,,
2026-09-18 08:09:54,hl_event,#12090,0.234725,,
2026-09-18 08:09:54,hl_event,#12091,0.765275,,
2026-09-18 08:09:54,hl_event,#12100,0.01133,,
2026-09-18 08:09:54,hl_event,#12101,0.98867,,
2026-09-18 08:09:54,hl_event,#12110,0.004605,,
2026-09-18 08:09:54,hl_event,#12111,0.995395,,
2026-09-18 08:09:54,hl_event,#12120,0.015825,,
2026-09-18 08:09:54,hl_event,#12121,0.984175,,
2026-09-18 08:09:54,treasury,fred:UST2Y,4.67,-0.014768,-1
2026-09-18 08:09:54,treasury,fred:UST10Y,4.94,-0.013972,-1
2026-09-18 08:09:54,treasury,fred:UST20Y,5.32,-0.012987,-2
2026-09-18 08:09:54,treasury,fred:UST30Y,5.29,-0.011215,-2
2026-09-18 08:09:54,yahoo,fred:VIX,15.44,-0.128176,-1
2026-09-18 08:09:54,yahoo,fred:WTI,101.09,-0.004236,-2
2026-09-18 08:09:54,yahoo,idx:DXY,100.258,-3e-05,-1
2026-09-18 08:09:54,yahoo,vix:9D,13.39,-0.23046,-1
2026-09-18 08:09:54,yahoo,vix:3M,18.55,-0.059807,-1
2026-09-18 08:09:54,yahoo,vix:6M,20.3,-0.034712,-1
2026-09-18 08:09:54,yahoo,vix:VVIX,87.72,-0.0806,-1
2026-09-18 08:09:54,fred,fred:UST10Y2Y,0.27,0.0,0
2026-09-18 08:09:54,fred,fred:FEDFUNDS,4.0,0.066667,1
2026-09-18 08:09:54,fred,fred:HY_OAS,2.7,-0.021739,-1
2026-09-18 08:09:54,fred,fred:WALCL,6746548.0,,
2026-09-18 08:09:54,fred,fred:RRP,0.276,-0.948651,-1
2026-09-18 08:09:54,fred,fred:TGA,877028.0,,
2026-09-18 08:09:54,fred,fred:SOFR,3.62,-0.005495,-1
2026-09-18 08:09:54,fred,fred:T10YIE,2.33,0.0,0
2026-09-18 08:09:54,fred,fred:IG_OAS,0.78,-0.025,-1
2026-09-18 08:09:54,yahoo,fx:USDCNH,6.7025,-0.001162,-2
2026-09-18 08:09:54,yahoo,idx:HSI,24604.29,-0.00443,-1
2026-09-18 08:09:54,yahoo,idx:MOVE,76.2178,-0.055864,-3
2026-09-18 08:09:54,yahoo,cm:GOLD_FUT,4382.0,0.013273,2
2026-09-18 08:09:54,yahoo,cm:COPPER_FUT,6.62,0.025403,5
2026-09-18 08:09:54,cnbond,bond:CN10Y,1.6862,0.000237,1
2026-09-18 08:09:54,cnbond,bond:CN30Y,2.1395,0.000936,1
2026-09-18 08:09:54,cftc,cot:JPY_LEV_NET,-49098.0,,
2026-09-18 08:09:54,cftc,cot:JPY_LEV_LONG,81760.0,,
2026-09-18 08:09:54,cftc,cot:JPY_LEV_SHORT,130858.0,,
2026-09-18 08:09:54,cftc,cot:JPY_DEALER_NET,-39477.0,,
2026-09-18 08:09:54,cftc,cot:JPY_OI,499635.0,,
2026-09-18 08:10:46,social,social:AMD:mentions,56.0,0.6,3
2026-09-18 08:10:46,social,social:AMD:rank,6.0,-0.5,-3
2026-09-18 08:10:46,social,social:NVDA:mentions,54.0,0.0,0
2026-09-18 08:10:46,social,social:NVDA:rank,7.0,0.166667,2
2026-09-18 08:10:46,social,social:TSLA:mentions,35.0,0.166667,1
2026-09-18 08:10:46,social,social:TSLA:rank,15.0,0.0,0
2026-09-18 08:10:46,social,social:AVGO:mentions,24.0,-0.294118,-3
2026-09-18 08:10:46,social,social:AVGO:rank,22.0,0.571429,2
2026-09-18 08:10:46,social,social:META:mentions,23.0,-0.342857,-3
2026-09-18 08:10:46,social,social:META:rank,24.0,0.846154,3
2026-09-18 08:10:46,social,social:GOOGL:mentions,23.0,0.4375,1
2026-09-18 08:10:46,social,social:GOOGL:rank,25.0,-0.264706,-1
2026-09-18 08:10:46,social,social:AAPL:mentions,19.0,0.117647,2
2026-09-18 08:10:46,social,social:AAPL:rank,30.0,0.071429,1
2026-09-18 08:10:46,social,social:MSFT:mentions,15.0,-0.166667,-3
2026-09-18 08:10:46,social,social:MSFT:rank,34.0,0.416667,3
2026-09-18 08:10:46,social,social:AMZN:mentions,13.0,-0.535714,-2
2026-09-18 08:10:46,social,social:AMZN:rank,41.0,1.5625,2
2026-09-18 08:10:46,social,social:SMH:mentions,7.0,1.333333,1
2026-09-18 08:10:46,social,social:SMH:rank,67.0,-0.45082,-1
2026-09-18 08:10:46,social,social:TSM:mentions,2.0,-0.333333,-1
2026-09-18 08:10:46,social,social:TSM:rank,155.0,0.448598,1
2026-09-18 08:10:46,social,social:FIG:mentions,6.0,-0.142857,-1
2026-09-18 08:10:46,social,social:FIG:rank,79.0,0.025974,1
2026-09-18 08:10:46,social,social:HELP:mentions,5.0,0.666667,1
2026-09-18 08:10:46,social,social:HELP:rank,97.0,0.25974,1
2026-09-18 08:10:46,social,social:TEM:mentions,7.0,,
2026-09-18 08:10:46,social,social:TEM:rank,70.0,,
2026-09-18 08:10:46,social,social:ONDS:mentions,6.0,,
2026-09-18 08:10:46,social,social:ONDS:rank,77.0,,
2026-09-18 08:10:46,social,social:SECZ:mentions,3.0,,
2026-09-18 08:10:46,social,social:SECZ:rank,154.0,,
2026-09-18 08:10:46,social,social:FTW:mentions,3.0,0.5,1
2026-09-18 08:10:46,social,social:FTW:rank,153.0,-0.154696,-1
2026-09-18 08:10:46,social,social:TE:mentions,3.0,,
2026-09-18 08:10:46,social,social:TE:rank,152.0,,
2026-09-18 08:10:46,social,social:ADBT:mentions,2.0,,
2026-09-18 08:10:46,social,social:ADBT:rank,191.0,,
2026-09-18 08:10:46,social,social:OKLO:mentions,3.0,-0.5,-1
2026-09-18 08:10:46,social,social:OKLO:rank,150.0,0.744186,1
2026-09-18 08:10:46,social,social:QUBT:mentions,3.0,,
2026-09-18 08:10:46,social,social:QUBT:rank,147.0,,
2026-09-21 08:12:34,hl_xyz,xyz:AAOI,106.545,,
2026-09-21 08:12:34,hl_xyz,xyz:AAPL,334.945,,
2026-09-21 08:12:34,hl_xyz,xyz:AMAT,448.41,,
2026-09-21 08:12:34,hl_xyz,xyz:AMD,567.85,,
2026-09-21 08:12:34,hl_xyz,xyz:AMZN,254.815,,
2026-09-21 08:12:34,hl_xyz,xyz:ARM,284.125,,
2026-09-21 08:12:34,hl_xyz,xyz:ASML,1680.1,,
2026-09-21 08:12:34,hl_xyz,xyz:AVGO,358.375,,
2026-09-21 08:12:34,hl_xyz,xyz:BABA,114.695,,
2026-09-21 08:12:34,hl_xyz,xyz:BB,8.0817,,
2026-09-21 08:12:34,hl_xyz,xyz:BE,268.64,,
2026-09-21 08:12:34,hl_xyz,xyz:BIRD,2.3065,,
2026-09-21 08:12:34,hl_xyz,xyz:BMNR,26.398,,
2026-09-21 08:12:34,hl_xyz,xyz:BOT,29.155,,
2026-09-21 08:12:34,hl_xyz,xyz:BRENTOIL,99.178,,
2026-09-21 08:12:34,hl_xyz,xyz:BX,125.425,,
2026-09-21 08:12:34,hl_xyz,xyz:CBRS,199.175,,
2026-09-21 08:12:34,hl_xyz,xyz:CL,95.679,,
2026-09-21 08:12:34,hl_xyz,xyz:COIN,196.035,,
2026-09-21 08:12:34,hl_xyz,xyz:COPPER,6.7104,,
2026-09-21 08:12:34,hl_xyz,xyz:COST,896.19,,
2026-09-21 08:12:34,hl_xyz,xyz:CRCL,92.296,,
2026-09-21 08:12:34,hl_xyz,xyz:CRWD,236.72,,
2026-09-21 08:12:34,hl_xyz,xyz:CRWV,81.997,,
2026-09-21 08:12:34,hl_xyz,xyz:CVX,211.56,,
2026-09-21 08:12:34,hl_xyz,xyz:CXMT,8.5385,,
2026-09-21 08:12:34,hl_xyz,xyz:DELL,577.02,,
2026-09-21 08:12:34,hl_xyz,xyz:DKNG,21.95,,
2026-09-21 08:12:34,hl_xyz,xyz:DRAM,60.0995,,
2026-09-21 08:12:34,hl_xyz,xyz:EBAY,112.255,,
2026-09-21 08:12:34,hl_xyz,xyz:EUR,1.14825,,
2026-09-21 08:12:34,hl_xyz,xyz:EWJ,96.712,,
2026-09-21 08:12:34,hl_xyz,xyz:EWT,111.295,,
2026-09-21 08:12:34,hl_xyz,xyz:EWY,182.695,,
2026-09-21 08:12:34,hl_xyz,xyz:EWZ,37.727,,
2026-09-21 08:12:34,hl_xyz,xyz:GBP,1.3384,,
2026-09-21 08:12:34,hl_xyz,xyz:GEV,943.66,,
2026-09-21 08:12:34,hl_xyz,xyz:GIGADEV,60.077,,
2026-09-21 08:12:34,hl_xyz,xyz:GME,22.6085,,
2026-09-21 08:12:34,hl_xyz,xyz:GOLD,4366.65,,
2026-09-21 08:12:34,hl_xyz,xyz:GOOGL,350.66,,
2026-09-21 08:12:34,hl_xyz,xyz:HIMS,28.0865,,
2026-09-21 08:12:34,hl_xyz,xyz:HOOD,120.315,,
2026-09-21 08:12:34,hl_xyz,xyz:HYUNDAI,261.675,,
2026-09-21 08:12:34,hl_xyz,xyz:IBM,231.095,,
2026-09-21 08:12:34,hl_xyz,xyz:INTC,112.715,,
2026-09-21 08:12:34,hl_xyz,xyz:IREN,47.326,,
2026-09-21 08:12:34,hl_xyz,xyz:JP225,65113.5,,
2026-09-21 08:12:34,hl_xyz,xyz:JPY,156.775,,
2026-09-21 08:12:34,hl_xyz,xyz:KIOXIA,356.31,,
2026-09-21 08:12:34,hl_xyz,xyz:KORU,20.4345,,
2026-09-21 08:12:34,hl_xyz,xyz:KR200,1101.5,,
2026-09-21 08:12:34,hl_xyz,xyz:KSTR,24.1555,,
2026-09-21 08:12:34,hl_xyz,xyz:LITE,935.445,,
2026-09-21 08:12:34,hl_xyz,xyz:LLY,1153.5,,
2026-09-21 08:12:34,hl_xyz,xyz:LYTE,26.09,,
2026-09-21 08:12:34,hl_xyz,xyz:MAGS,70.848,,
2026-09-21 08:12:34,hl_xyz,xyz:META,673.575,,
2026-09-21 08:12:34,hl_xyz,xyz:MINIMAX,39.1405,,
2026-09-21 08:12:34,hl_xyz,xyz:MRNA,154.615,,
2026-09-21 08:12:34,hl_xyz,xyz:MRVL,245.615,,
2026-09-21 08:12:34,hl_xyz,xyz:MSFT,494.47,,
2026-09-21 08:12:34,hl_xyz,xyz:MSTR,156.785,,
2026-09-21 08:12:34,hl_xyz,xyz:MU,1019.45,,
2026-09-21 08:12:34,hl_xyz,xyz:NATGAS,3.02495,,
2026-09-21 08:12:34,hl_xyz,xyz:NBIS,225.615,,
2026-09-21 08:12:34,hl_xyz,xyz:NCLD,24.3995,,
2026-09-21 08:12:34,hl_xyz,xyz:NET,325.395,,
2026-09-21 08:12:34,hl_xyz,xyz:NFLX,72.08,,
2026-09-21 08:12:34,hl_xyz,xyz:NOK,10.736,,
2026-09-21 08:12:34,hl_xyz,xyz:NOW,136.145,,
2026-09-21 08:12:34,hl_xyz,xyz:NVDA,222.775,,
2026-09-21 08:12:34,hl_xyz,xyz:ORCL,147.255,,
2026-09-21 08:12:34,hl_xyz,xyz:PALLADIUM,1306.15,,
2026-09-21 08:12:34,hl_xyz,xyz:PLATINUM,1802.75,,
2026-09-21 08:12:34,hl_xyz,xyz:PLTR,177.585,,
2026-09-21 08:12:34,hl_xyz,xyz:PURRDAT,14.143,,
2026-09-21 08:12:34,hl_xyz,xyz:QCOM,178.505,,
2026-09-21 08:12:34,hl_xyz,xyz:QNT,52.0035,,
2026-09-21 08:12:34,hl_xyz,xyz:RDDT,152.225,,
2026-09-21 08:12:34,hl_xyz,xyz:RIVN,15.091,,
2026-09-21 08:12:34,hl_xyz,xyz:RKLB,64.891,,
2026-09-21 08:12:34,hl_xyz,xyz:SHAZ,57.549,,
2026-09-21 08:12:34,hl_xyz,xyz:SHEIN,4.85995,,
2026-09-21 08:12:34,hl_xyz,xyz:SILVER,66.4265,,
2026-09-21 08:12:34,hl_xyz,xyz:SKHX,1344.25,,
2026-09-21 08:12:34,hl_xyz,xyz:SKHY,187.885,,
2026-09-21 08:12:34,hl_xyz,xyz:SMH,576.26,,
2026-09-21 08:12:34,hl_xyz,xyz:SMSN,194.355,,
2026-09-21 08:12:34,hl_xyz,xyz:SNDK,1799.65,,
2026-09-21 08:12:34,hl_xyz,xyz:SNXX,18.13,,
2026-09-21 08:12:34,hl_xyz,xyz:SOFTBANK,40.757,,
2026-09-21 08:12:34,hl_xyz,xyz:SOXL,126.365,,
2026-09-21 08:12:34,hl_xyz,xyz:SP500,7666.9,,
2026-09-21 08:12:34,hl_xyz,xyz:SPCX,153.355,,
2026-09-21 08:12:34,hl_xyz,xyz:STRC,98.358,,
2026-09-21 08:12:34,hl_xyz,xyz:TLT,81.399,,
2026-09-21 08:12:34,hl_xyz,xyz:TSLA,366.3,,
2026-09-21 08:12:34,hl_xyz,xyz:TSM,433.96,,
2026-09-21 08:12:34,hl_xyz,xyz:UNITREE,76.155,,
2026-09-21 08:12:34,hl_xyz,xyz:URNM,50.214,,
2026-09-21 08:12:34,hl_xyz,xyz:USAR,15.7425,,
2026-09-21 08:12:34,hl_xyz,xyz:WDC,443.665,,
2026-09-21 08:12:34,hl_xyz,xyz:XBI,157.035,,
2026-09-21 08:12:34,hl_xyz,xyz:XLE,63.8995,,
2026-09-21 08:12:34,hl_xyz,xyz:XYZ100,29746.5,,
2026-09-21 08:12:34,hl_xyz,xyz:ZHIPU,94.64,,
2026-09-21 08:12:34,hl_xyz,xyz:ZM,89.235,,
2026-09-21 08:12:34,hl_ctx,xyz:NVDA:funding,1.4e-05,,
2026-09-21 08:12:34,hl_ctx,xyz:AMD:funding,7.2e-05,,
2026-09-21 08:12:34,hl_ctx,xyz:AVGO:funding,-1e-06,,
2026-09-21 08:12:34,hl_ctx,xyz:TSM:funding,6e-06,,
2026-09-21 08:12:34,hl_ctx,xyz:SMH:funding,9.5e-05,,
2026-09-21 08:12:34,hl_ctx,xyz:AMZN:funding,-9e-06,,
2026-09-21 08:12:34,hl_ctx,xyz:META:funding,7.5e-05,,
2026-09-21 08:12:34,hl_ctx,xyz:MSFT:funding,-5.5e-05,,
2026-09-21 08:12:34,hl_ctx,xyz:GOOGL:funding,2e-06,,
2026-09-21 08:12:34,hl_ctx,xyz:BABA:funding,-1e-06,,
2026-09-21 08:12:34,hl_ctx,xyz:COIN:funding,1.1e-05,,
2026-09-21 08:12:34,hl_ctx,xyz:XYZ100:funding,6e-06,,
2026-09-21 08:12:34,hl_ctx,xyz:JPY:funding,-3.8e-05,,
2026-09-21 08:12:34,hl_ctx,xyz:JP225:funding,3e-06,,
2026-09-21 08:12:34,hl_ctx,xyz:BRENTOIL:funding,6e-06,,
2026-09-21 08:12:34,hl_ctx,xyz:NATGAS:funding,6e-06,,
2026-09-21 08:12:34,hl_ctx,xyz:COPPER:funding,-1.7e-05,,
2026-09-21 08:12:34,hl_ctx,xyz:GOLD:funding,6e-06,,
2026-09-21 08:12:34,hl_main,BTC,81609.5,,
2026-09-21 08:12:34,hl_main,ETH,2658.25,,
2026-09-21 08:12:34,hl_main,SOL,111.945,,
2026-09-21 08:12:34,hl_event,#12090,0.54926,,
2026-09-21 08:12:34,hl_event,#12091,0.45074,,
2026-09-21 08:12:34,hl_event,#12100,0.01079,,
2026-09-21 08:12:34,hl_event,#12101,0.98921,,
2026-09-21 08:12:34,hl_event,#12110,0.021675,,
2026-09-21 08:12:34,hl_event,#12111,0.978325,,
2026-09-21 08:12:34,hl_event,#12120,0.046535,,
2026-09-21 08:12:34,hl_event,#12121,0.953465,,
2026-09-21 08:12:34,treasury,fred:UST2Y,4.76,0.019272,1
2026-09-21 08:12:34,treasury,fred:UST10Y,5.01,0.01417,1
2026-09-21 08:12:34,treasury,fred:UST20Y,5.38,0.011278,1
2026-09-21 08:12:34,treasury,fred:UST30Y,5.34,0.009452,1
2026-09-21 08:12:34,yahoo,fred:VIX,14.81,-0.040803,-2
2026-09-21 08:12:34,yahoo,fred:WTI,95.81,-0.052231,-3
2026-09-21 08:12:34,yahoo,idx:DXY,100.29,0.000319,1
2026-09-21 08:12:34,yahoo,vix:9D,12.27,-0.083645,-2
2026-09-21 08:12:34,yahoo,vix:3M,18.24,-0.016712,-2
2026-09-21 08:12:34,yahoo,vix:6M,20.21,-0.004433,-2
2026-09-21 08:12:34,yahoo,vix:VVIX,87.38,-0.003876,-2
2026-09-21 08:12:34,fred,fred:UST10Y2Y,0.25,-0.074074,-1
2026-09-21 08:12:34,fred,fred:FEDFUNDS,4.0,0.0,0
2026-09-21 08:12:34,fred,fred:HY_OAS,2.7,0.0,0
2026-09-21 08:12:34,fred,fred:WALCL,6746548.0,,
2026-09-21 08:12:34,fred,fred:RRP,0.576,1.086957,1
2026-09-21 08:12:34,fred,fred:TGA,877028.0,,
2026-09-21 08:12:34,fred,fred:SOFR,3.85,0.063536,1
2026-09-21 08:12:34,fred,fred:T10YIE,2.33,0.0,0
2026-09-21 08:12:34,fred,fred:IG_OAS,0.78,0.0,0
2026-09-21 08:12:34,yahoo,fx:USDCNH,6.6943,-0.001223,-3
2026-09-21 08:12:34,yahoo,idx:HSI,24750.78,0.005954,1
2026-09-21 08:12:34,yahoo,idx:MOVE,80.635,0.057955,1
2026-09-21 08:12:34,yahoo,cm:GOLD_FUT,4407.6,0.005842,3
2026-09-21 08:12:34,yahoo,cm:COPPER_FUT,6.71,0.013595,6
2026-09-21 08:12:34,cnbond,bond:CN10Y,1.6818,-0.002609,-1
2026-09-21 08:12:34,cnbond,bond:CN30Y,2.121,-0.008647,-1
2026-09-21 08:12:34,cftc,cot:JPY_LEV_NET,23170.0,,
2026-09-21 08:12:34,cftc,cot:JPY_LEV_LONG,110302.0,,
2026-09-21 08:12:34,cftc,cot:JPY_LEV_SHORT,87132.0,,
2026-09-21 08:12:34,cftc,cot:JPY_DEALER_NET,-168570.0,,
2026-09-21 08:12:34,cftc,cot:JPY_OI,542802.0,,
2026-09-21 08:13:18,social,social:NVDA:mentions,21.0,-0.611111,-1
2026-09-21 08:13:18,social,social:NVDA:rank,3.0,-0.571429,-1
2026-09-21 08:13:18,social,social:AMD:mentions,12.0,-0.785714,-1
2026-09-21 08:13:18,social,social:AMD:rank,8.0,0.333333,1
2026-09-21 08:13:18,social,social:TSLA:mentions,7.0,-0.8,-1
2026-09-21 08:13:18,social,social:TSLA:rank,13.0,-0.133333,-1
2026-09-21 08:13:18,social,social:SMH:mentions,6.0,-0.142857,-1
2026-09-21 08:13:18,social,social:SMH:rank,21.0,-0.686567,-2
2026-09-21 08:13:18,social,social:META:mentions,6.0,-0.73913,-4
2026-09-21 08:13:18,social,social:META:rank,23.0,-0.041667,-1
2026-09-21 08:13:18,social,social:AAPL:mentions,3.0,-0.842105,-1
2026-09-21 08:13:18,social,social:AAPL:rank,40.0,0.333333,2
2026-09-21 08:13:18,social,social:TSM:mentions,2.0,0.0,0
2026-09-21 08:13:18,social,social:TSM:rank,58.0,-0.625806,-1
2026-09-21 08:13:18,social,social:AVGO:mentions,2.0,-0.916667,-4
2026-09-21 08:13:18,social,social:AVGO:rank,59.0,1.681818,3
2026-09-21 08:13:18,social,social:MSFT:mentions,1.0,-0.933333,-4
2026-09-21 08:13:18,social,social:MSFT:rank,79.0,1.323529,4
2026-09-21 08:13:18,social,social:AMZN:mentions,1.0,-0.923077,-3
2026-09-21 08:13:18,social,social:AMZN:rank,80.0,0.95122,3
2026-09-21 08:13:18,social,social:BABA:mentions,1.0,0.0,0
2026-09-21 08:13:18,social,social:BABA:rank,191.0,-0.325088,-1
2026-09-21 08:13:18,social,social:SOL:mentions,1.0,,
2026-09-21 08:13:18,social,social:SOL:rank,300.0,,
2026-09-21 08:13:18,social,social:RR:mentions,15.0,,
2026-09-21 08:13:18,social,social:RR:rank,7.0,,
2026-09-21 08:13:18,social,social:INFQ:mentions,2.0,,
2026-09-21 08:13:18,social,social:INFQ:rank,78.0,,
2026-09-21 08:13:18,social,social:CTNT:mentions,2.0,,
2026-09-21 08:13:18,social,social:CTNT:rank,76.0,,
2026-09-21 08:13:18,social,social:DC:mentions,3.0,-0.5,-1
2026-09-21 08:13:18,social,social:DC:rank,56.0,-0.341176,-2
2026-09-21 08:13:18,social,social:PR:mentions,2.0,-0.714286,-1
2026-09-21 08:13:18,social,social:PR:rank,75.0,4.357143,1
2026-09-21 08:13:18,social,social:HTZ:mentions,6.0,,
2026-09-21 08:13:18,social,social:HTZ:rank,22.0,,
2026-09-21 08:13:18,social,social:OG:mentions,5.0,,
2026-09-21 08:13:18,social,social:OG:rank,34.0,,
2026-09-21 08:13:18,social,social:NEXT:mentions,2.0,0.0,0
2026-09-21 08:13:18,social,social:NEXT:rank,74.0,-0.554217,-1
2026-09-21 08:13:18,social,social:TIL:mentions,3.0,,
2026-09-21 08:13:18,social,social:TIL:rank,54.0,,
2026-09-21 08:13:18,social,social:UP:mentions,5.0,,
2026-09-21 08:13:18,social,social:UP:rank,33.0,,
2026-09-22 08:22:31,hl_xyz,xyz:AAOI,111.785,,
2026-09-22 08:22:31,hl_xyz,xyz:AAPL,338.8,,
2026-09-22 08:22:31,hl_xyz,xyz:AMAT,469.145,,
2026-09-22 08:22:31,hl_xyz,xyz:AMD,622.57,,
2026-09-22 08:22:31,hl_xyz,xyz:AMZN,259.32,,
2026-09-22 08:22:31,hl_xyz,xyz:ARM,328.885,,
2026-09-22 08:22:31,hl_xyz,xyz:ASML,1724.15,,
2026-09-22 08:22:31,hl_xyz,xyz:AVGO,365.38,,
2026-09-22 08:22:31,hl_xyz,xyz:BABA,116.29,,
2026-09-22 08:22:31,hl_xyz,xyz:BB,8.57875,,
2026-09-22 08:22:31,hl_xyz,xyz:BE,274.9,,
2026-09-22 08:22:31,hl_xyz,xyz:BIRD,2.3832,,
2026-09-22 08:22:31,hl_xyz,xyz:BMNR,28.4295,,
2026-09-22 08:22:31,hl_xyz,xyz:BOT,29.496,,
2026-09-22 08:22:31,hl_xyz,xyz:BRENTOIL,96.513,,
2026-09-22 08:22:31,hl_xyz,xyz:BX,126.55,,
2026-09-22 08:22:31,hl_xyz,xyz:CBRS,209.855,,
2026-09-22 08:22:31,hl_xyz,xyz:CL,92.482,,
2026-09-22 08:22:31,hl_xyz,xyz:COIN,201.51,,
2026-09-22 08:22:31,hl_xyz,xyz:COPPER,6.8005,,
2026-09-22 08:22:31,hl_xyz,xyz:COST,897.78,,
2026-09-22 08:22:31,hl_xyz,xyz:CRCL,94.253,,
2026-09-22 08:22:31,hl_xyz,xyz:CRWD,249.16,,
2026-09-22 08:22:31,hl_xyz,xyz:CRWV,86.478,,
2026-09-22 08:22:31,hl_xyz,xyz:CVX,207.18,,
2026-09-22 08:22:31,hl_xyz,xyz:CXMT,8.5756,,
2026-09-22 08:22:31,hl_xyz,xyz:DELL,578.285,,
2026-09-22 08:22:31,hl_xyz,xyz:DKNG,22.1085,,
2026-09-22 08:22:31,hl_xyz,xyz:DRAM,62.403,,
2026-09-22 08:22:31,hl_xyz,xyz:EBAY,108.66,,
2026-09-22 08:22:31,hl_xyz,xyz:EUR,1.1473,,
2026-09-22 08:22:31,hl_xyz,xyz:EWJ,98.453,,
2026-09-22 08:22:31,hl_xyz,xyz:EWT,115.925,,
2026-09-22 08:22:31,hl_xyz,xyz:EWY,190.195,,
2026-09-22 08:22:31,hl_xyz,xyz:EWZ,38.151,,
2026-09-22 08:22:31,hl_xyz,xyz:GBP,1.33735,,
2026-09-22 08:22:31,hl_xyz,xyz:GEV,952.025,,
2026-09-22 08:22:31,hl_xyz,xyz:GIGADEV,60.58,,
2026-09-22 08:22:31,hl_xyz,xyz:GME,23.455,,
2026-09-22 08:22:31,hl_xyz,xyz:GOLD,4360.05,,
2026-09-22 08:22:31,hl_xyz,xyz:GOOGL,356.225,,
2026-09-22 08:22:31,hl_xyz,xyz:HIMS,29.2945,,
2026-09-22 08:22:31,hl_xyz,xyz:HOOD,122.805,,
2026-09-22 08:22:31,hl_xyz,xyz:HYUNDAI,267.715,,
2026-09-22 08:22:31,hl_xyz,xyz:IBM,231.425,,
2026-09-22 08:22:31,hl_xyz,xyz:INTC,124.105,,
2026-09-22 08:22:31,hl_xyz,xyz:IREN,47.642,,
2026-09-22 08:22:31,hl_xyz,xyz:JP225,67065.5,,
2026-09-22 08:22:31,hl_xyz,xyz:JPY,157.265,,
2026-09-22 08:22:31,hl_xyz,xyz:KIOXIA,372.995,,
2026-09-22 08:22:31,hl_xyz,xyz:KORU,22.891,,
2026-09-22 08:22:31,hl_xyz,xyz:KR200,1141.05,,
2026-09-22 08:22:31,hl_xyz,xyz:KSTR,24.7465,,
2026-09-22 08:22:31,hl_xyz,xyz:LITE,965.445,,
2026-09-22 08:22:31,hl_xyz,xyz:LLY,1163.85,,
2026-09-22 08:22:31,hl_xyz,xyz:LYTE,26.912,,
2026-09-22 08:22:31,hl_xyz,xyz:MAGS,72.91,,
2026-09-22 08:22:31,hl_xyz,xyz:META,738.595,,
2026-09-22 08:22:31,hl_xyz,xyz:MINIMAX,39.6615,,
2026-09-22 08:22:31,hl_xyz,xyz:MRNA,173.865,,
2026-09-22 08:22:31,hl_xyz,xyz:MRVL,261.06,,
2026-09-22 08:22:31,hl_xyz,xyz:MSFT,501.455,,
2026-09-22 08:22:31,hl_xyz,xyz:MSTR,168.705,,
2026-09-22 08:22:31,hl_xyz,xyz:MU,1050.35,,
2026-09-22 08:22:31,hl_xyz,xyz:NATGAS,3.0003,,
2026-09-22 08:22:31,hl_xyz,xyz:NBIS,235.95,,
2026-09-22 08:22:31,hl_xyz,xyz:NCLD,25.126,,
2026-09-22 08:22:31,hl_xyz,xyz:NET,353.42,,
2026-09-22 08:22:31,hl_xyz,xyz:NFLX,73.425,,
2026-09-22 08:22:31,hl_xyz,xyz:NOK,11.0255,,
2026-09-22 08:22:31,hl_xyz,xyz:NOW,137.955,,
2026-09-22 08:22:31,hl_xyz,xyz:NVDA,227.555,,
2026-09-22 08:22:31,hl_xyz,xyz:ORCL,149.355,,
2026-09-22 08:22:31,hl_xyz,xyz:PALLADIUM,1314.9,,
2026-09-22 08:22:31,hl_xyz,xyz:PLATINUM,1815.45,,
2026-09-22 08:22:31,hl_xyz,xyz:PLTR,183.125,,
2026-09-22 08:22:31,hl_xyz,xyz:PURRDAT,13.674,,
2026-09-22 08:22:31,hl_xyz,xyz:QCOM,195.825,,
2026-09-22 08:22:31,hl_xyz,xyz:QNT,51.992,,
2026-09-22 08:22:31,hl_xyz,xyz:RDDT,159.075,,
2026-09-22 08:22:31,hl_xyz,xyz:RIVN,15.3945,,
2026-09-22 08:22:31,hl_xyz,xyz:RKLB,71.525,,
2026-09-22 08:22:31,hl_xyz,xyz:SHAZ,60.024,,
2026-09-22 08:22:31,hl_xyz,xyz:SHEIN,4.77,,
2026-09-22 08:22:31,hl_xyz,xyz:SILVER,66.5705,,
2026-09-22 08:22:31,hl_xyz,xyz:SKHX,1411.35,,
2026-09-22 08:22:31,hl_xyz,xyz:SKHY,192.8,,
2026-09-22 08:22:31,hl_xyz,xyz:SMH,600.915,,
2026-09-22 08:22:31,hl_xyz,xyz:SMSN,205.255,,
2026-09-22 08:22:31,hl_xyz,xyz:SNDK,1787.45,,
2026-09-22 08:22:31,hl_xyz,xyz:SNXX,17.8735,,
2026-09-22 08:22:31,hl_xyz,xyz:SOFTBANK,41.741,,
2026-09-22 08:22:31,hl_xyz,xyz:SOXL,145.96,,
2026-09-22 08:22:31,hl_xyz,xyz:SP500,7769.15,,
2026-09-22 08:22:31,hl_xyz,xyz:SPCX,152.945,,
2026-09-22 08:22:31,hl_xyz,xyz:STRC,98.8795,,
2026-09-22 08:22:31,hl_xyz,xyz:TLT,81.811,,
2026-09-22 08:22:31,hl_xyz,xyz:TSLA,376.015,,
2026-09-22 08:22:31,hl_xyz,xyz:TSM,447.075,,
2026-09-22 08:22:31,hl_xyz,xyz:UNITREE,74.2685,,
2026-09-22 08:22:31,hl_xyz,xyz:URNM,52.0655,,
2026-09-22 08:22:31,hl_xyz,xyz:USAR,17.0655,,
2026-09-22 08:22:31,hl_xyz,xyz:WDC,451.335,,
2026-09-22 08:22:31,hl_xyz,xyz:XBI,158.895,,
2026-09-22 08:22:31,hl_xyz,xyz:XLE,62.523,,
2026-09-22 08:22:31,hl_xyz,xyz:XYZ100,30579.5,,
2026-09-22 08:22:31,hl_xyz,xyz:ZHIPU,105.625,,
2026-09-22 08:22:31,hl_xyz,xyz:ZM,91.05,,
2026-09-22 08:22:31,hl_ctx,xyz:NVDA:funding,6e-06,,
2026-09-22 08:22:31,hl_ctx,xyz:AMD:funding,4.9e-05,,
2026-09-22 08:22:31,hl_ctx,xyz:AVGO:funding,4.9e-05,,
2026-09-22 08:22:31,hl_ctx,xyz:TSM:funding,6e-06,,
2026-09-22 08:22:31,hl_ctx,xyz:SMH:funding,3.4e-05,,
2026-09-22 08:22:31,hl_ctx,xyz:AMZN:funding,2e-05,,
2026-09-22 08:22:31,hl_ctx,xyz:META:funding,2.1e-05,,
2026-09-22 08:22:31,hl_ctx,xyz:MSFT:funding,6e-06,,
2026-09-22 08:22:31,hl_ctx,xyz:GOOGL:funding,6e-06,,
2026-09-22 08:22:31,hl_ctx,xyz:BABA:funding,6e-06,,
2026-09-22 08:22:31,hl_ctx,xyz:COIN:funding,6e-06,,
2026-09-22 08:22:31,hl_ctx,xyz:XYZ100:funding,6e-06,,
2026-09-22 08:22:31,hl_ctx,xyz:JPY:funding,-2.2e-05,,
2026-09-22 08:22:31,hl_ctx,xyz:JP225:funding,-4.9e-05,,
2026-09-22 08:22:31,hl_ctx,xyz:BRENTOIL:funding,6e-06,,
2026-09-22 08:22:31,hl_ctx,xyz:NATGAS:funding,6e-06,,
2026-09-22 08:22:31,hl_ctx,xyz:COPPER:funding,6e-06,,
2026-09-22 08:22:31,hl_ctx,xyz:GOLD:funding,6e-06,,
2026-09-22 08:22:31,hl_main,BTC,86498.5,,
2026-09-22 08:22:31,hl_main,ETH,2776.45,,
2026-09-22 08:22:31,hl_main,SOL,119.135,,
2026-09-22 08:22:31,hl_event,#12090,0.613635,,
2026-09-22 08:22:31,hl_event,#12091,0.386365,,
2026-09-22 08:22:31,hl_event,#12100,0.02323,,
2026-09-22 08:22:31,hl_event,#12101,0.97677,,
2026-09-22 08:22:31,hl_event,#12110,0.04005,,
2026-09-22 08:22:31,hl_event,#12111,0.95995,,
2026-09-22 08:22:31,hl_event,#12120,0.120805,,
2026-09-22 08:22:31,hl_event,#12121,0.879195,,
2026-09-22 08:22:31,treasury,fred:UST2Y,4.76,0.0,0
2026-09-22 08:22:31,treasury,fred:UST10Y,4.96,-0.00998,-1
2026-09-22 08:22:31,treasury,fred:UST20Y,5.33,-0.009294,-1
2026-09-22 08:22:31,treasury,fred:UST30Y,5.29,-0.009363,-1
2026-09-22 08:22:31,yahoo,fred:VIX,14.87,0.004051,1
2026-09-22 08:22:31,yahoo,fred:WTI,92.29,-0.036739,-4
2026-09-22 08:22:31,yahoo,idx:DXY,100.391,0.001007,2
2026-09-22 08:22:31,yahoo,vix:9D,13.14,0.070905,1
2026-09-22 08:22:31,yahoo,vix:3M,18.08,-0.008772,-3
2026-09-22 08:22:31,yahoo,vix:6M,20.16,-0.002474,-3
2026-09-22 08:22:31,yahoo,vix:VVIX,85.77,-0.018425,-3
2026-09-22 08:22:31,fred,fred:UST10Y2Y,0.2,-0.2,-2
2026-09-22 08:22:31,fred,fred:FEDFUNDS,4.0,0.0,0
2026-09-22 08:22:31,fred,fred:HY_OAS,2.68,-0.007407,-1
2026-09-22 08:22:31,fred,fred:WALCL,6746548.0,,
2026-09-22 08:22:31,fred,fred:RRP,0.582,0.010417,2
2026-09-22 08:22:31,fred,fred:TGA,877028.0,,
2026-09-22 08:22:31,fred,fred:SOFR,3.85,0.0,0
2026-09-22 08:22:31,fred,fred:T10YIE,2.34,0.004292,1
2026-09-22 08:22:31,fred,fred:IG_OAS,0.77,-0.012821,-1
2026-09-22 08:22:31,yahoo,fx:USDCNH,6.6922,-0.000314,-4
2026-09-22 08:22:31,yahoo,idx:HSI,25042.71,0.011795,2
2026-09-22 08:22:31,yahoo,idx:MOVE,81.197,0.00697,2
2026-09-22 08:22:31,yahoo,cm:GOLD_FUT,4408.7,0.00025,4
2026-09-22 08:22:31,yahoo,cm:COPPER_FUT,6.8055,0.014232,7
2026-09-22 08:22:31,cnbond,bond:CN10Y,1.6829,0.000654,1
2026-09-22 08:22:31,cnbond,bond:CN30Y,2.1185,-0.001179,-2
2026-09-22 08:22:31,cftc,cot:JPY_LEV_NET,23170.0,,
2026-09-22 08:22:31,cftc,cot:JPY_LEV_LONG,110302.0,,
2026-09-22 08:22:31,cftc,cot:JPY_LEV_SHORT,87132.0,,
2026-09-22 08:22:31,cftc,cot:JPY_DEALER_NET,-168570.0,,
2026-09-22 08:22:31,cftc,cot:JPY_OI,542802.0,,
2026-09-22 08:23:27,social,social:META:mentions,379.0,62.166667,1
2026-09-22 08:23:27,social,social:META:rank,1.0,-0.956522,-2
2026-09-22 08:23:27,social,social:AMD:mentions,295.0,23.583333,1
2026-09-22 08:23:27,social,social:AMD:rank,2.0,-0.75,-1
2026-09-22 08:23:27,social,social:NVDA:mentions,117.0,4.571429,1
2026-09-22 08:23:27,social,social:NVDA:rank,6.0,1.0,1
2026-09-22 08:23:27,social,social:AVGO:mentions,55.0,26.5,1
2026-09-22 08:23:27,social,social:AVGO:rank,10.0,-0.830508,-1
2026-09-22 08:23:27,social,social:MSFT:mentions,26.0,25.0,1
2026-09-22 08:23:27,social,social:MSFT:rank,17.0,-0.78481,-1
2026-09-22 08:23:27,social,social:TSLA:mentions,20.0,1.857143,1
2026-09-22 08:23:27,social,social:TSLA:rank,20.0,0.538462,1
2026-09-22 08:23:27,social,social:AAPL:mentions,17.0,4.666667,1
2026-09-22 08:23:27,social,social:AAPL:rank,26.0,-0.35,-1
2026-09-22 08:23:27,social,social:GOOGL:mentions,15.0,-0.347826,-1
2026-09-22 08:23:27,social,social:GOOGL:rank,33.0,0.32,1
2026-09-22 08:23:27,social,social:AMZN:mentions,12.0,11.0,1
2026-09-22 08:23:27,social,social:AMZN:rank,39.0,-0.5125,-1
2026-09-22 08:23:27,social,social:TSM:mentions,6.0,2.0,1
2026-09-22 08:23:27,social,social:TSM:rank,79.0,0.362069,1
2026-09-22 08:23:27,social,social:SMH:mentions,6.0,0.0,0
2026-09-22 08:23:27,social,social:SMH:rank,83.0,2.952381,1
2026-09-22 08:23:27,social,social:BABA:mentions,1.0,0.0,0
2026-09-22 08:23:27,social,social:BABA:rank,269.0,0.408377,1
2026-09-22 08:23:27,social,social:KEEL:mentions,9.0,,
2026-09-22 08:23:27,social,social:KEEL:rank,59.0,,
2026-09-22 08:23:27,social,social:ARM:mentions,21.0,6.0,1
2026-09-22 08:23:27,social,social:ARM:rank,19.0,-0.841667,-1
2026-09-22 08:23:27,social,social:INFQ:mentions,7.0,2.5,1
2026-09-22 08:23:27,social,social:INFQ:rank,76.0,-0.025641,-1
2026-09-22 08:23:27,social,social:LUNR:mentions,10.0,1.5,1
2026-09-22 08:23:27,social,social:LUNR:rank,53.0,-0.475248,-1
2026-09-22 08:23:27,social,social:BULL:mentions,6.0,0.5,1
2026-09-22 08:23:27,social,social:BULL:rank,90.0,-0.20354,-1
2026-09-22 08:23:27,social,social:CRWV:mentions,6.0,-0.25,-1
2026-09-22 08:23:27,social,social:CRWV:rank,89.0,0.483333,1
2026-09-22 08:23:27,social,social:POET:mentions,7.0,,
2026-09-22 08:23:27,social,social:POET:rank,75.0,,
2026-09-22 08:23:27,social,social:HELP:mentions,3.0,-0.4,-1
2026-09-22 08:23:27,social,social:HELP:rank,130.0,0.340206,2
2026-09-23 08:26:57,hl_xyz,xyz:AAOI,107.25,,
2026-09-23 08:26:57,hl_xyz,xyz:AAPL,339.84,,
2026-09-23 08:26:57,hl_xyz,xyz:AMAT,473.0,,
2026-09-23 08:26:57,hl_xyz,xyz:AMD,623.465,,
2026-09-23 08:26:57,hl_xyz,xyz:AMZN,255.73,,
2026-09-23 08:26:57,hl_xyz,xyz:ARM,332.0,,
2026-09-23 08:26:57,hl_xyz,xyz:ASML,1746.45,,
2026-09-23 08:26:57,hl_xyz,xyz:AVGO,365.915,,
2026-09-23 08:26:57,hl_xyz,xyz:BABA,117.08,,
2026-09-23 08:26:57,hl_xyz,xyz:BB,8.75805,,
2026-09-23 08:26:57,hl_xyz,xyz:BE,277.19,,
2026-09-23 08:26:57,hl_xyz,xyz:BIRD,2.3826,,
2026-09-23 08:26:57,hl_xyz,xyz:BMNR,29.0305,,
2026-09-23 08:26:57,hl_xyz,xyz:BOT,28.3515,,
2026-09-23 08:26:57,hl_xyz,xyz:BRENTOIL,94.9605,,
2026-09-23 08:26:57,hl_xyz,xyz:BX,123.865,,
2026-09-23 08:26:57,hl_xyz,xyz:CBRS,211.08,,
2026-09-23 08:26:57,hl_xyz,xyz:CL,89.87,,
2026-09-23 08:26:57,hl_xyz,xyz:COIN,201.65,,
2026-09-23 08:26:57,hl_xyz,xyz:COPPER,6.8951,,
2026-09-23 08:26:57,hl_xyz,xyz:COST,900.35,,
2026-09-23 08:26:57,hl_xyz,xyz:CRCL,94.781,,
2026-09-23 08:26:57,hl_xyz,xyz:CRWD,250.21,,
2026-09-23 08:26:57,hl_xyz,xyz:CRWV,87.4365,,
2026-09-23 08:26:57,hl_xyz,xyz:CVX,202.465,,
2026-09-23 08:26:57,hl_xyz,xyz:CXMT,8.80915,,
2026-09-23 08:26:57,hl_xyz,xyz:DELL,557.245,,
2026-09-23 08:26:57,hl_xyz,xyz:DKNG,21.8505,,
2026-09-23 08:26:57,hl_xyz,xyz:DRAM,63.576,,
2026-09-23 08:26:57,hl_xyz,xyz:EBAY,109.33,,
2026-09-23 08:26:57,hl_xyz,xyz:EUR,1.1452,,
2026-09-23 08:26:57,hl_xyz,xyz:EWJ,98.774,,
2026-09-23 08:26:57,hl_xyz,xyz:EWT,114.805,,
2026-09-23 08:26:57,hl_xyz,xyz:EWY,192.25,,
2026-09-23 08:26:57,hl_xyz,xyz:EWZ,38.3225,,
2026-09-23 08:26:57,hl_xyz,xyz:GBP,1.33465,,
2026-09-23 08:26:57,hl_xyz,xyz:GEV,953.95,,
2026-09-23 08:26:57,hl_xyz,xyz:GIGADEV,62.1225,,
2026-09-23 08:26:57,hl_xyz,xyz:GME,24.0565,,
2026-09-23 08:26:57,hl_xyz,xyz:GOLD,4364.45,,
2026-09-23 08:26:57,hl_xyz,xyz:GOOGL,352.315,,
2026-09-23 08:26:57,hl_xyz,xyz:HIMS,30.505,,
2026-09-23 08:26:57,hl_xyz,xyz:HOOD,124.28,,
2026-09-23 08:26:57,hl_xyz,xyz:HYUNDAI,269.85,,
2026-09-23 08:26:57,hl_xyz,xyz:IBM,231.615,,
2026-09-23 08:26:57,hl_xyz,xyz:INTC,124.195,,
2026-09-23 08:26:57,hl_xyz,xyz:IREN,48.45,,
2026-09-23 08:26:57,hl_xyz,xyz:JP225,67276.0,,
2026-09-23 08:26:57,hl_xyz,xyz:JPY,157.43,,
2026-09-23 08:26:57,hl_xyz,xyz:KIOXIA,393.68,,
2026-09-23 08:26:57,hl_xyz,xyz:KORU,23.616,,
2026-09-23 08:26:57,hl_xyz,xyz:KR200,1134.6,,
2026-09-23 08:26:57,hl_xyz,xyz:KSTR,24.887,,
2026-09-23 08:26:57,hl_xyz,xyz:LITE,953.365,,
2026-09-23 08:26:57,hl_xyz,xyz:LLY,1171.35,,
2026-09-23 08:26:57,hl_xyz,xyz:LYTE,26.395,,
2026-09-23 08:26:57,hl_xyz,xyz:MAGS,72.9205,,
2026-09-23 08:26:57,hl_xyz,xyz:META,740.805,,
2026-09-23 08:26:57,hl_xyz,xyz:MINIMAX,37.2715,,
2026-09-23 08:26:57,hl_xyz,xyz:MRNA,183.105,,
2026-09-23 08:26:57,hl_xyz,xyz:MRVL,263.195,,
2026-09-23 08:26:57,hl_xyz,xyz:MSFT,499.875,,
2026-09-23 08:26:57,hl_xyz,xyz:MSTR,169.275,,
2026-09-23 08:26:57,hl_xyz,xyz:MU,1095.85,,
2026-09-23 08:26:57,hl_xyz,xyz:NATGAS,3.1735,,
2026-09-23 08:26:57,hl_xyz,xyz:NBIS,236.52,,
2026-09-23 08:26:57,hl_xyz,xyz:NCLD,25.287,,
2026-09-23 08:26:57,hl_xyz,xyz:NET,354.75,,
2026-09-23 08:26:57,hl_xyz,xyz:NFLX,72.343,,
2026-09-23 08:26:57,hl_xyz,xyz:NOK,10.7515,,
2026-09-23 08:26:57,hl_xyz,xyz:NOW,136.965,,
2026-09-23 08:26:57,hl_xyz,xyz:NVDA,228.695,,
2026-09-23 08:26:57,hl_xyz,xyz:ORCL,149.49,,
2026-09-23 08:26:57,hl_xyz,xyz:PALLADIUM,1311.45,,
2026-09-23 08:26:57,hl_xyz,xyz:PLATINUM,1839.05,,
2026-09-23 08:26:57,hl_xyz,xyz:PLTR,185.0,,
2026-09-23 08:26:57,hl_xyz,xyz:PURRDAT,14.084,,
2026-09-23 08:26:57,hl_xyz,xyz:QCOM,197.725,,
2026-09-23 08:26:57,hl_xyz,xyz:QNT,53.1835,,
2026-09-23 08:26:57,hl_xyz,xyz:RDDT,155.935,,
2026-09-23 08:26:57,hl_xyz,xyz:RIVN,15.144,,
2026-09-23 08:26:57,hl_xyz,xyz:RKLB,72.294,,
2026-09-23 08:26:57,hl_xyz,xyz:SHAZ,62.8585,,
2026-09-23 08:26:57,hl_xyz,xyz:SHEIN,4.85465,,
2026-09-23 08:26:57,hl_xyz,xyz:SILVER,67.3675,,
2026-09-23 08:26:57,hl_xyz,xyz:SKHX,1390.45,,
2026-09-23 08:26:57,hl_xyz,xyz:SKHY,194.38,,
2026-09-23 08:26:57,hl_xyz,xyz:SMH,607.475,,
2026-09-23 08:26:57,hl_xyz,xyz:SMSN,210.415,,
2026-09-23 08:26:57,hl_xyz,xyz:SNDK,1891.45,,
2026-09-23 08:26:57,hl_xyz,xyz:SNXX,19.907,,
2026-09-23 08:26:57,hl_xyz,xyz:SOFTBANK,41.33,,
2026-09-23 08:26:57,hl_xyz,xyz:SOXL,151.935,,
2026-09-23 08:26:57,hl_xyz,xyz:SP500,7762.65,,
2026-09-23 08:26:57,hl_xyz,xyz:SPCX,154.435,,
2026-09-23 08:26:57,hl_xyz,xyz:STRC,98.975,,
2026-09-23 08:26:57,hl_xyz,xyz:TLT,81.7085,,
2026-09-23 08:26:57,hl_xyz,xyz:TSLA,379.15,,
2026-09-23 08:26:57,hl_xyz,xyz:TSM,450.45,,
2026-09-23 08:26:57,hl_xyz,xyz:UNITREE,73.4995,,
2026-09-23 08:26:57,hl_xyz,xyz:URNM,52.928,,
2026-09-23 08:26:57,hl_xyz,xyz:USAR,17.0285,,
2026-09-23 08:26:57,hl_xyz,xyz:WDC,463.405,,
2026-09-23 08:26:57,hl_xyz,xyz:XBI,162.245,,
2026-09-23 08:26:57,hl_xyz,xyz:XLE,61.7865,,
2026-09-23 08:26:57,hl_xyz,xyz:XYZ100,30747.5,,
2026-09-23 08:26:57,hl_xyz,xyz:ZHIPU,97.054,,
2026-09-23 08:26:57,hl_xyz,xyz:ZM,91.138,,
2026-09-23 08:26:57,hl_ctx,xyz:NVDA:funding,7e-06,,
2026-09-23 08:26:57,hl_ctx,xyz:AMD:funding,6e-06,,
2026-09-23 08:26:57,hl_ctx,xyz:AVGO:funding,2.5e-05,,
2026-09-23 08:26:57,hl_ctx,xyz:TSM:funding,6e-06,,
2026-09-23 08:26:57,hl_ctx,xyz:SMH:funding,3.8e-05,,
2026-09-23 08:26:57,hl_ctx,xyz:AMZN:funding,9e-06,,
2026-09-23 08:26:57,hl_ctx,xyz:META:funding,1.2e-05,,
2026-09-23 08:26:57,hl_ctx,xyz:MSFT:funding,-5e-06,,
2026-09-23 08:26:57,hl_ctx,xyz:GOOGL:funding,2.3e-05,,
2026-09-23 08:26:57,hl_ctx,xyz:BABA:funding,3.4e-05,,
2026-09-23 08:26:57,hl_ctx,xyz:COIN:funding,6e-06,,
2026-09-23 08:26:57,hl_ctx,xyz:XYZ100:funding,-1e-06,,
2026-09-23 08:26:57,hl_ctx,xyz:JPY:funding,-1e-05,,
2026-09-23 08:26:57,hl_ctx,xyz:JP225:funding,6e-06,,
2026-09-23 08:26:57,hl_ctx,xyz:BRENTOIL:funding,5e-06,,
2026-09-23 08:26:57,hl_ctx,xyz:NATGAS:funding,6e-06,,
2026-09-23 08:26:57,hl_ctx,xyz:COPPER:funding,-1.6e-05,,
2026-09-23 08:26:57,hl_ctx,xyz:GOLD:funding,6e-06,,
2026-09-23 08:26:57,hl_main,BTC,86556.5,,
2026-09-23 08:26:57,hl_main,ETH,2761.65,,
2026-09-23 08:26:57,hl_main,SOL,119.115,,
2026-09-23 08:26:57,hl_event,#12090,0.79701,,
2026-09-23 08:26:57,hl_event,#12091,0.20299,,
2026-09-23 08:26:57,hl_event,#12100,0.02752,,
2026-09-23 08:26:57,hl_event,#12101,0.97248,,
2026-09-23 08:26:57,hl_event,#12110,0.03502,,
2026-09-23 08:26:57,hl_event,#12111,0.96498,,
2026-09-23 08:26:57,hl_event,#12120,0.095885,,
2026-09-23 08:26:57,hl_event,#12121,0.904115,,
2026-09-23 08:26:57,treasury,fred:UST2Y,4.71,-0.010504,-1
2026-09-23 08:26:57,treasury,fred:UST10Y,4.96,0.0,0
2026-09-23 08:26:57,treasury,fred:UST20Y,5.33,0.0,0
2026-09-23 08:26:57,treasury,fred:UST30Y,5.29,0.0,0
2026-09-23 08:26:57,yahoo,fred:VIX,14.21,-0.044385,-1
2026-09-23 08:26:57,yahoo,fred:WTI,89.62,-0.028931,-5
2026-09-23 08:26:57,yahoo,idx:DXY,100.566,0.001743,3
2026-09-23 08:26:57,yahoo,vix:9D,12.13,-0.076865,-1
2026-09-23 08:26:57,yahoo,vix:3M,17.61,-0.025996,-4
2026-09-23 08:26:57,yahoo,vix:6M,19.79,-0.018353,-4
2026-09-23 08:26:57,yahoo,vix:VVIX,83.17,-0.030314,-4
2026-09-23 08:26:57,fred,fred:UST10Y2Y,0.25,0.25,1
2026-09-23 08:26:57,fred,fred:FEDFUNDS,4.0,0.0,0
2026-09-23 08:26:57,fred,fred:HY_OAS,2.66,-0.007463,-2
2026-09-23 08:26:57,fred,fred:WALCL,6746548.0,,
2026-09-23 08:26:57,fred,fred:RRP,0.453,-0.221649,-1
2026-09-23 08:26:57,fred,fred:TGA,877028.0,,
2026-09-23 08:26:57,fred,fred:SOFR,3.85,0.0,0
2026-09-23 08:26:57,fred,fred:T10YIE,2.33,-0.004274,-1
2026-09-23 08:26:57,fred,fred:IG_OAS,0.77,0.0,0
2026-09-23 08:26:57,yahoo,fx:USDCNH,6.6964,0.000628,1
2026-09-23 08:26:57,yahoo,idx:HSI,25087.75,0.001799,3
2026-09-23 08:26:57,yahoo,idx:MOVE,78.5609,-0.032465,-1
2026-09-23 08:26:57,yahoo,cm:GOLD_FUT,4402.2,-0.001474,-1
2026-09-23 08:26:57,yahoo,cm:COPPER_FUT,6.9,0.013886,8
2026-09-23 08:26:57,cnbond,bond:CN10Y,1.6791,-0.002258,-1
2026-09-23 08:26:57,cnbond,bond:CN30Y,2.111,-0.00354,-3
2026-09-23 08:26:57,cftc,cot:JPY_LEV_NET,23170.0,,
2026-09-23 08:26:57,cftc,cot:JPY_LEV_LONG,110302.0,,
2026-09-23 08:26:57,cftc,cot:JPY_LEV_SHORT,87132.0,,
2026-09-23 08:26:57,cftc,cot:JPY_DEALER_NET,-168570.0,,
2026-09-23 08:26:57,cftc,cot:JPY_OI,542802.0,,
2026-09-23 08:27:56,social,social:META:mentions,195.0,-0.485488,-1
2026-09-23 08:27:56,social,social:META:rank,3.0,2.0,1
2026-09-23 08:27:56,social,social:AMD:mentions,86.0,-0.708475,-1
2026-09-23 08:27:56,social,social:AMD:rank,5.0,1.5,1
2026-09-23 08:27:56,social,social:NVDA:mentions,80.0,-0.316239,-1
2026-09-23 08:27:56,social,social:NVDA:rank,7.0,0.166667,2
2026-09-23 08:27:56,social,social:MSFT:mentions,48.0,0.846154,2
2026-09-23 08:27:56,social,social:MSFT:rank,10.0,-0.411765,-2
2026-09-23 08:27:56,social,social:TSLA:mentions,39.0,0.95,2
2026-09-23 08:27:56,social,social:TSLA:rank,11.0,-0.45,-1
2026-09-23 08:27:56,social,social:AVGO:mentions,37.0,-0.327273,-1
2026-09-23 08:27:56,social,social:AVGO:rank,13.0,0.3,1
2026-09-23 08:27:56,social,social:GOOGL:mentions,32.0,1.133333,1
2026-09-23 08:27:56,social,social:GOOGL:rank,17.0,-0.484848,-1
2026-09-23 08:27:56,social,social:AAPL:mentions,26.0,0.529412,2
2026-09-23 08:27:56,social,social:AAPL:rank,20.0,-0.230769,-2
2026-09-23 08:27:56,social,social:AMZN:mentions,22.0,0.833333,2
2026-09-23 08:27:56,social,social:AMZN:rank,24.0,-0.384615,-2
2026-09-23 08:27:56,social,social:TSM:mentions,8.0,0.333333,2
2026-09-23 08:27:56,social,social:TSM:rank,58.0,-0.265823,-1
2026-09-23 08:27:56,social,social:SMH:mentions,8.0,0.333333,1
2026-09-23 08:27:56,social,social:SMH:rank,62.0,-0.253012,-1
2026-09-23 08:27:56,social,social:BABA:mentions,7.0,6.0,1
2026-09-23 08:27:56,social,social:BABA:rank,70.0,-0.739777,-1
2026-09-23 08:27:56,social,social:ORBS:mentions,18.0,,
2026-09-23 08:27:56,social,social:ORBS:rank,29.0,,
2026-09-23 08:27:56,social,social:IONQ:mentions,25.0,11.5,1
2026-09-23 08:27:56,social,social:IONQ:rank,21.0,-0.809091,-1
2026-09-23 08:27:56,social,social:RIVN:mentions,13.0,,
2026-09-23 08:27:56,social,social:RIVN:rank,41.0,,
2026-09-23 08:27:56,social,social:AAOI:mentions,4.0,1.0,1
2026-09-23 08:27:56,social,social:AAOI:rank,126.0,-0.236364,-1
2026-09-23 08:27:56,social,social:INOD:mentions,5.0,,
2026-09-23 08:27:56,social,social:INOD:rank,99.0,,
2026-09-23 08:27:56,social,social:APLD:mentions,6.0,,
2026-09-23 08:27:56,social,social:APLD:rank,83.0,,
2026-09-23 08:27:56,social,social:FIG:mentions,3.0,-0.5,-2
2026-09-23 08:27:56,social,social:FIG:rank,151.0,0.911392,2
2026-09-23 08:27:56,social,social:VKTX:mentions,12.0,,
2026-09-23 08:27:56,social,social:VKTX:rank,45.0,,
2026-09-23 08:27:56,social,social:ONON:mentions,8.0,,
2026-09-23 08:27:56,social,social:ONON:rank,64.0,,
2026-09-23 08:27:56,social,social:FBDT:mentions,2.0,,
2026-09-23 08:27:56,social,social:FBDT:rank,194.0,,
2026-09-24 08:17:50,hl_xyz,xyz:AAOI,101.1,,
2026-09-24 08:17:50,hl_xyz,xyz:AAPL,336.72,,
2026-09-24 08:17:50,hl_xyz,xyz:AMAT,472.985,,
2026-09-24 08:17:50,hl_xyz,xyz:AMD,613.21,,
2026-09-24 08:17:50,hl_xyz,xyz:AMZN,248.55,,
2026-09-24 08:17:50,hl_xyz,xyz:ARM,330.82,,
2026-09-24 08:17:50,hl_xyz,xyz:ASML,1737.75,,
2026-09-24 08:17:50,hl_xyz,xyz:AVGO,355.15,,
2026-09-24 08:17:50,hl_xyz,xyz:BABA,111.09,,
2026-09-24 08:17:50,hl_xyz,xyz:BB,8.4519,,
2026-09-24 08:17:50,hl_xyz,xyz:BE,274.555,,
2026-09-24 08:17:50,hl_xyz,xyz:BIRD,2.3615,,
2026-09-24 08:17:50,hl_xyz,xyz:BMNR,27.7615,,
2026-09-24 08:17:50,hl_xyz,xyz:BOT,28.5315,,
2026-09-24 08:17:50,hl_xyz,xyz:BRENTOIL,97.6685,,
2026-09-24 08:17:50,hl_xyz,xyz:BX,120.125,,
2026-09-24 08:17:50,hl_xyz,xyz:CBRS,204.185,,
2026-09-24 08:17:50,hl_xyz,xyz:CL,91.774,,
2026-09-24 08:17:50,hl_xyz,xyz:COIN,198.2,,
2026-09-24 08:17:50,hl_xyz,xyz:COPPER,6.7726,,
2026-09-24 08:17:50,hl_xyz,xyz:COST,904.93,,
2026-09-24 08:17:50,hl_xyz,xyz:CRCL,93.015,,
2026-09-24 08:17:50,hl_xyz,xyz:CRWD,261.24,,
2026-09-24 08:17:50,hl_xyz,xyz:CRWV,86.5785,,
2026-09-24 08:17:50,hl_xyz,xyz:CVX,206.015,,
2026-09-24 08:17:50,hl_xyz,xyz:CXMT,8.6283,,
2026-09-24 08:17:50,hl_xyz,xyz:DELL,547.895,,
2026-09-24 08:17:50,hl_xyz,xyz:DKNG,21.2515,,
2026-09-24 08:17:50,hl_xyz,xyz:DRAM,61.7225,,
2026-09-24 08:17:50,hl_xyz,xyz:EBAY,109.425,,
2026-09-24 08:17:50,hl_xyz,xyz:EUR,1.13875,,
2026-09-24 08:17:50,hl_xyz,xyz:EWJ,96.336,,
2026-09-24 08:17:50,hl_xyz,xyz:EWT,112.965,,
2026-09-24 08:17:50,hl_xyz,xyz:EWY,185.82,,
2026-09-24 08:17:50,hl_xyz,xyz:EWZ,37.302,,
2026-09-24 08:17:50,hl_xyz,xyz:GBP,1.3235,,
2026-09-24 08:17:50,hl_xyz,xyz:GEV,947.4,,
2026-09-24 08:17:50,hl_xyz,xyz:GIGADEV,57.573,,
2026-09-24 08:17:50,hl_xyz,xyz:GME,24.1315,,
2026-09-24 08:17:50,hl_xyz,xyz:GOLD,4290.25,,
2026-09-24 08:17:50,hl_xyz,xyz:GOOGL,339.175,,
2026-09-24 08:17:50,hl_xyz,xyz:HIMS,28.438,,
2026-09-24 08:17:50,hl_xyz,xyz:HOOD,122.73,,
2026-09-24 08:17:50,hl_xyz,xyz:HYUNDAI,261.4,,
2026-09-24 08:17:50,hl_xyz,xyz:IBM,233.025,,
2026-09-24 08:17:50,hl_xyz,xyz:INTC,121.895,,
2026-09-24 08:17:50,hl_xyz,xyz:IREN,46.6365,,
2026-09-24 08:17:50,hl_xyz,xyz:JP225,65896.5,,
2026-09-24 08:17:50,hl_xyz,xyz:JPY,158.205,,
2026-09-24 08:17:50,hl_xyz,xyz:KIOXIA,359.65,,
2026-09-24 08:17:50,hl_xyz,xyz:KORU,21.294,,
2026-09-24 08:17:50,hl_xyz,xyz:KR200,1103.55,,
2026-09-24 08:17:50,hl_xyz,xyz:KSTR,24.186,,
2026-09-24 08:17:50,hl_xyz,xyz:LITE,934.685,,
2026-09-24 08:17:50,hl_xyz,xyz:LLY,1153.15,,
2026-09-24 08:17:50,hl_xyz,xyz:LYTE,25.768,,
2026-09-24 08:17:50,hl_xyz,xyz:MAGS,71.925,,
2026-09-24 08:17:50,hl_xyz,xyz:META,742.62,,
2026-09-24 08:17:50,hl_xyz,xyz:MINIMAX,34.416,,
2026-09-24 08:17:50,hl_xyz,xyz:MRNA,181.48,,
2026-09-24 08:17:50,hl_xyz,xyz:MRVL,259.56,,
2026-09-24 08:17:50,hl_xyz,xyz:MSFT,499.825,,
2026-09-24 08:17:50,hl_xyz,xyz:MSTR,162.3,,
2026-09-24 08:17:50,hl_xyz,xyz:MU,1070.85,,
2026-09-24 08:17:50,hl_xyz,xyz:NATGAS,3.1808,,
2026-09-24 08:17:50,hl_xyz,xyz:NBIS,226.925,,
2026-09-24 08:17:50,hl_xyz,xyz:NCLD,24.671,,
2026-09-24 08:17:50,hl_xyz,xyz:NET,352.37,,
2026-09-24 08:17:50,hl_xyz,xyz:NFLX,71.529,,
2026-09-24 08:17:50,hl_xyz,xyz:NOK,10.5775,,
2026-09-24 08:17:50,hl_xyz,xyz:NOW,140.82,,
2026-09-24 08:17:50,hl_xyz,xyz:NVDA,225.135,,
2026-09-24 08:17:50,hl_xyz,xyz:ORCL,144.555,,
2026-09-24 08:17:50,hl_xyz,xyz:OURA,51.332,,
2026-09-24 08:17:50,hl_xyz,xyz:PALLADIUM,1265.0,,
2026-09-24 08:17:50,hl_xyz,xyz:PLATINUM,1752.3,,
2026-09-24 08:17:50,hl_xyz,xyz:PLTR,190.935,,
2026-09-24 08:17:50,hl_xyz,xyz:PURRDAT,13.8955,,
2026-09-24 08:17:50,hl_xyz,xyz:QCOM,197.03,,
2026-09-24 08:17:50,hl_xyz,xyz:QNT,50.3835,,
2026-09-24 08:17:50,hl_xyz,xyz:RDDT,151.67,,
2026-09-24 08:17:50,hl_xyz,xyz:RIVN,15.0115,,
2026-09-24 08:17:50,hl_xyz,xyz:RKLB,70.4465,,
2026-09-24 08:17:50,hl_xyz,xyz:SHAZ,57.668,,
2026-09-24 08:17:50,hl_xyz,xyz:SHEIN,4.84835,,
2026-09-24 08:17:50,hl_xyz,xyz:SILVER,64.1965,,
2026-09-24 08:17:50,hl_xyz,xyz:SKHX,1342.3,,
2026-09-24 08:17:50,hl_xyz,xyz:SKHY,188.385,,
2026-09-24 08:17:50,hl_xyz,xyz:SMH,599.845,,
2026-09-24 08:17:50,hl_xyz,xyz:SMSN,202.84,,
2026-09-24 08:17:50,hl_xyz,xyz:SNDK,1817.15,,
2026-09-24 08:17:50,hl_xyz,xyz:SNXX,18.349,,
2026-09-24 08:17:50,hl_xyz,xyz:SOFTBANK,42.74,,
2026-09-24 08:17:50,hl_xyz,xyz:SOXL,144.62,,
2026-09-24 08:17:50,hl_xyz,xyz:SP500,7700.35,,
2026-09-24 08:17:50,hl_xyz,xyz:SPCX,148.975,,
2026-09-24 08:17:50,hl_xyz,xyz:STRC,98.8905,,
2026-09-24 08:17:50,hl_xyz,xyz:TLT,80.486,,
2026-09-24 08:17:50,hl_xyz,xyz:TSLA,379.795,,
2026-09-24 08:17:50,hl_xyz,xyz:TSM,446.1,,
2026-09-24 08:17:50,hl_xyz,xyz:UNITREE,72.9105,,
2026-09-24 08:17:50,hl_xyz,xyz:URNM,50.763,,
2026-09-24 08:17:50,hl_xyz,xyz:USAR,15.8805,,
2026-09-24 08:17:50,hl_xyz,xyz:WDC,471.69,,
2026-09-24 08:17:50,hl_xyz,xyz:XBI,155.7,,
2026-09-24 08:17:50,hl_xyz,xyz:XLE,62.247,,
2026-09-24 08:17:50,hl_xyz,xyz:XYZ100,30444.5,,
2026-09-24 08:17:50,hl_xyz,xyz:ZHIPU,82.947,,
2026-09-24 08:17:50,hl_xyz,xyz:ZM,91.84,,
2026-09-24 08:17:50,hl_ctx,xyz:NVDA:funding,1e-05,,
2026-09-24 08:17:50,hl_ctx,xyz:AMD:funding,6e-06,,
2026-09-24 08:17:50,hl_ctx,xyz:AVGO:funding,1.3e-05,,
2026-09-24 08:17:50,hl_ctx,xyz:TSM:funding,6e-06,,
2026-09-24 08:17:50,hl_ctx,xyz:SMH:funding,2.1e-05,,
2026-09-24 08:17:50,hl_ctx,xyz:AMZN:funding,2.1e-05,,
2026-09-24 08:17:50,hl_ctx,xyz:META:funding,5.1e-05,,
2026-09-24 08:17:50,hl_ctx,xyz:MSFT:funding,-2e-06,,
2026-09-24 08:17:50,hl_ctx,xyz:GOOGL:funding,2.6e-05,,
2026-09-24 08:17:50,hl_ctx,xyz:BABA:funding,3e-05,,
2026-09-24 08:17:50,hl_ctx,xyz:COIN:funding,6e-06,,
2026-09-24 08:17:50,hl_ctx,xyz:XYZ100:funding,6e-06,,
2026-09-24 08:17:50,hl_ctx,xyz:JPY:funding,-2.6e-05,,
2026-09-24 08:17:50,hl_ctx,xyz:JP225:funding,6e-06,,
2026-09-24 08:17:50,hl_ctx,xyz:BRENTOIL:funding,1e-06,,
2026-09-24 08:17:50,hl_ctx,xyz:NATGAS:funding,6e-06,,
2026-09-24 08:17:50,hl_ctx,xyz:COPPER:funding,3.8e-05,,
2026-09-24 08:17:50,hl_ctx,xyz:GOLD:funding,6e-06,,
2026-09-24 08:17:50,hl_main,BTC,84372.5,,
2026-09-24 08:17:50,hl_main,ETH,2688.75,,
2026-09-24 08:17:50,hl_main,SOL,115.285,,
2026-09-24 08:17:50,hl_event,#12090,0.51615,,
2026-09-24 08:17:50,hl_event,#12091,0.48385,,
2026-09-24 08:17:50,hl_event,#12100,0.01044,,
2026-09-24 08:17:50,hl_event,#12101,0.98956,,
2026-09-24 08:17:50,hl_event,#12110,0.003405,,
2026-09-24 08:17:50,hl_event,#12111,0.996595,,
2026-09-24 08:17:50,hl_event,#12120,0.032195,,
2026-09-24 08:17:50,hl_event,#12121,0.967805,,
2026-09-24 08:17:50,treasury,fred:UST2Y,4.85,0.029724,1
2026-09-24 08:17:50,treasury,fred:UST10Y,5.11,0.030242,1
2026-09-24 08:17:50,treasury,fred:UST20Y,5.45,0.022514,1
2026-09-24 08:17:50,treasury,fred:UST30Y,5.4,0.020794,1
2026-09-24 08:17:50,yahoo,fred:VIX,15.18,0.068262,1
2026-09-24 08:17:50,yahoo,fred:WTI,92.06,0.027226,1
2026-09-24 08:17:50,yahoo,idx:DXY,101.131,0.005618,4
2026-09-24 08:17:50,yahoo,vix:9D,13.45,0.108821,1
2026-09-24 08:17:50,yahoo,vix:3M,18.11,0.028393,1
2026-09-24 08:17:50,yahoo,vix:6M,20.11,0.01617,1
2026-09-24 08:17:50,yahoo,vix:VVIX,88.6,0.065288,1
2026-09-24 08:17:50,fred,fred:UST10Y2Y,0.26,0.04,2
2026-09-24 08:17:50,fred,fred:FEDFUNDS,4.0,0.0,0
2026-09-24 08:17:50,fred,fred:HY_OAS,2.68,0.007519,1
2026-09-24 08:17:50,fred,fred:WALCL,6746548.0,,
2026-09-24 08:17:50,fred,fred:RRP,0.461,0.01766,1
2026-09-24 08:17:50,fred,fred:TGA,877028.0,,
2026-09-24 08:17:50,fred,fred:SOFR,3.87,0.005195,1
2026-09-24 08:17:50,fred,fred:T10YIE,2.35,0.008584,1
2026-09-24 08:17:50,fred,fred:IG_OAS,0.77,0.0,0
2026-09-24 08:17:50,yahoo,fx:USDCNH,6.7119,0.002315,2
2026-09-24 08:17:50,yahoo,idx:HSI,24834.12,-0.01011,-1
2026-09-24 08:17:50,yahoo,idx:MOVE,95.4527,0.215015,1
2026-09-24 08:17:50,yahoo,cm:GOLD_FUT,4325.0,-0.017537,-2
2026-09-24 08:17:50,yahoo,cm:COPPER_FUT,6.7745,-0.018188,-1
2026-09-24 08:17:50,cnbond,bond:CN10Y,1.6807,0.000953,1
2026-09-24 08:17:50,cnbond,bond:CN30Y,2.11,-0.000474,-4
2026-09-24 08:17:50,cftc,cot:JPY_LEV_NET,23170.0,,
2026-09-24 08:17:50,cftc,cot:JPY_LEV_LONG,110302.0,,
2026-09-24 08:17:50,cftc,cot:JPY_LEV_SHORT,87132.0,,
2026-09-24 08:17:50,cftc,cot:JPY_DEALER_NET,-168570.0,,
2026-09-24 08:17:50,cftc,cot:JPY_OI,542802.0,,
2026-09-24 08:18:44,social,social:META:mentions,186.0,-0.046154,-2
2026-09-24 08:18:44,social,social:META:rank,2.0,-0.333333,-1
2026-09-24 08:18:44,social,social:AMD:mentions,99.0,0.151163,1
2026-09-24 08:18:44,social,social:AMD:rank,4.0,-0.2,-1
2026-09-24 08:18:44,social,social:GOOGL:mentions,92.0,1.875,2
2026-09-24 08:18:44,social,social:GOOGL:rank,6.0,-0.647059,-2
2026-09-24 08:18:44,social,social:NVDA:mentions,58.0,-0.275,-2
2026-09-24 08:18:44,social,social:NVDA:rank,9.0,0.285714,3
2026-09-24 08:18:44,social,social:MSFT:mentions,56.0,0.166667,3
2026-09-24 08:18:44,social,social:MSFT:rank,10.0,0.0,0
2026-09-24 08:18:44,social,social:TSLA:mentions,50.0,0.282051,3
2026-09-24 08:18:44,social,social:TSLA:rank,13.0,0.181818,1
2026-09-24 08:18:44,social,social:AVGO:mentions,21.0,-0.432432,-2
2026-09-24 08:18:44,social,social:AVGO:rank,22.0,0.692308,2
2026-09-24 08:18:44,social,social:AAPL:mentions,18.0,-0.307692,-1
2026-09-24 08:18:44,social,social:AAPL:rank,26.0,0.3,1
2026-09-24 08:18:44,social,social:AMZN:mentions,16.0,-0.272727,-1
2026-09-24 08:18:44,social,social:AMZN:rank,29.0,0.208333,1
2026-09-24 08:18:44,social,social:TSM:mentions,3.0,-0.625,-1
2026-09-24 08:18:44,social,social:TSM:rank,114.0,0.965517,1
2026-09-24 08:18:44,social,social:BABA:mentions,3.0,-0.571429,-1
2026-09-24 08:18:44,social,social:BABA:rank,120.0,0.714286,1
2026-09-24 08:18:44,social,social:SMH:mentions,2.0,-0.75,-1
2026-09-24 08:18:44,social,social:SMH:rank,164.0,1.645161,1
2026-09-24 08:18:44,social,social:MSS:mentions,12.0,,
2026-09-24 08:18:44,social,social:MSS:rank,43.0,,
2026-09-24 08:18:44,social,social:GEV:mentions,11.0,1.2,1
2026-09-24 08:18:44,social,social:GEV:rank,45.0,-0.545455,-1
2026-09-24 08:18:44,social,social:BULL:mentions,3.0,-0.5,-1
2026-09-24 08:18:44,social,social:BULL:rank,143.0,0.588889,1
2026-09-24 08:18:44,social,social:FTW:mentions,2.0,-0.333333,-1
2026-09-24 08:18:44,social,social:FTW:rank,174.0,0.137255,1
2026-09-24 08:18:44,social,social:IMCC:mentions,3.0,,
2026-09-24 08:18:44,social,social:IMCC:rank,139.0,,
2026-09-24 08:18:44,social,social:OKLO:mentions,2.0,-0.333333,-2
2026-09-24 08:18:44,social,social:OKLO:rank,173.0,0.153333,2
2026-09-24 08:18:44,social,social:JOBY:mentions,2.0,,
2026-09-24 08:18:44,social,social:JOBY:rank,168.0,,
2026-09-24 08:18:44,social,social:JUST:mentions,7.0,,
2026-09-24 08:18:44,social,social:JUST:rank,63.0,,
2026-09-24 08:18:44,social,social:LOVE:mentions,2.0,,
2026-09-24 08:18:44,social,social:LOVE:rank,167.0,,
2026-09-24 08:18:44,social,social:DIA:mentions,3.0,,
2026-09-24 08:18:44,social,social:DIA:rank,130.0,,
